

========================================
=== Nueva sesion de log: Sun Aug 16 10:24:10 2026
========================================

[LOG] Sistema de log dual activo - escribiendo a server_debug.log

=== MAP SERVER BOOST ASIO 1.55.0 CON SISTEMA FAILOVER ===
Compatible con cliente TCP actual (main.cpp)
Thread-safe OrderCache + SID Pool + Map Scanning
Sistema FAILOVER - Múltiples envíos por IP pública
=========================================================
[SID-POOL] Inicializado BOOST thread-safe: SID_001 a SID_100
Sistema de cache FAILOVER inicializado (Debug: ON)
[MAP-SCAN] === ESCANEO INICIAL DE MAPAS ===
[MAP-SCAN] Directorio: C:/xampp/htdocs/UPMAPS/Maps/
[MAP-SCAN] Encontrado .w3x: (2)EchoIsles_stats.w3x
[MAP-SCAN] Encontrado .w3x: DotA v6.85h LoD.w3x
[MAP-SCAN] Encontrado .w3x: Heroic Town VN v9.00_translated.w3x
[MAP-SCAN] Encontrado .w3x: MafQueen8.2f.w3x
[MAP-SCAN] Encontrado .w3x: MortalCraft_v.4.w3x
[MAP-SCAN] Encontrado .w3x: NWU v1.4.2 (test3).w3x
[MAP-SCAN] Encontrado .w3x: PKRemasterd v2.0c.w3x
[MAP-SCAN] Encontrado .w3x: SaintSeiyaLegends4.0.w3x
[MAP-SCAN] Encontrado .w3x: SSLv4.9BETA3.w3x
[MAP-SCAN] Encontrado .w3x: T-AAA! v1.08.12w.w3x
[MAP-SCAN] Encontrado .w3x: TheWar3.96.w3x
[MAP-SCAN] Escaneo inicial completado. Total mapas: 11
[MAP-SCAN] =================================

=== MAPAS DISPONIBLES (INICIAL) ===
Directorio: C:/xampp/htdocs/UPMAPS/Maps/
Escaneo periódico: cada 10 segundos
Total: 11 mapas
1. (2)EchoIsles_stats.w3x
2. DotA v6.85h LoD.w3x
3. Heroic Town VN v9.00_translated.w3x
4. MafQueen8.2f.w3x
5. MortalCraft_v.4.w3x
6. NWU v1.4.2 (test3).w3x
7. PKRemasterd v2.0c.w3x
8. SSLv4.9BETA3.w3x
9. SaintSeiyaLegends4.0.w3x
10. T-AAA! v1.08.12w.w3x
11. TheWar3.96.w3x
==================================

[LOG] Directorio de logs: C:/PVPGN/main/logs/
[CFG-CLEANUP] Limpieza al arranque: 0 .cfg eliminados, 1 ya no existian.
BOOST ASIO acceptor principal: 0.0.0.0:7776
BOOST ASIO acceptor archivos: 0.0.0.0:7775
[UPLOAD] BOOST ASIO acceptor mapas: 0.0.0.0:7774
[IPC] BOOST ASIO acceptor IPC: 127.0.0.1:7772 (solo localhost, para PvPGN)
Creando thread pools BOOST ASIO...
Worker threads: 5
Maintenance threads: 3 (zombie, periodic-scan, token-bucket)
MAP SERVER BOOST ASIO 1.55.0 CON SISTEMA FAILOVER OPERATIVO
Compatible TCP - Cliente actual funciona sin cambios
OrderCache FAILOVER thread-safe activado
Map scanning system: INICIAL + PERIÓDICO activado
Mapas disponibles al iniciar: 11
Sistema FAILOVER: Múltiples envíos → First valid wins
=======================================

SISTEMA BOOST ASIO 1.55.0 OPERATIVO (FASE 3 - IPC DIRECTO)
Compatible TCP: Cliente main.cpp funciona sin cambios
PING/PONG: Lógica original restaurada
Map scanning: INICIAL (al arrancar) + PERIÓDICO (configurable)
Rehost/Upload: 100% IPC directo (ORDER|REHOST, ORDER|UPLOAD), sin txtZombie cleanup thread iniciado
[DEBUG-ZOMBIE] Iniciando cleanup de zombies...
[DEBUG-ZOMBIE] Intentando tomar clients_mutex para cleanup...
[DEBUG-ZOMBIE] Revisando 0 clientes...
[DEBUG-ZOMBIE] clients_mutex liberado en cleanup
[DEBUG-ZOMBIE] Enviando 0 PINGs...
[DEBUG-ZOMBIE] Limpiando 0 zombies...
[DEBUG-ZOMBIE] Cleanup de zombies completado
[MAP-SCAN-PERIODIC] Thread iniciado - Intervalo: 10 segundos


=== SERVIDOR LISTO (FASE 3) ===
IPC: localhost:7772 (FIND_CLIENT_BY_USERNAME, ORDER, GET_MAP_INFO, etc)
Guardando en: C:/PVPGN/mapcfgs/
Estado clientes: consultar via IPC GET_CLIENTS en localhost:7772
Mapas escaneados: inicial + periódico desde directorio configurable
Órdenes incluyen flag: 0=mapa existe, 1=mapa no existe
===============================================================

Sistema de cache FAILOVER thread-safe operativo
=== SERVIDOR BOOST ASIO 1.55.0 CON SISTEMA FAILOVER OPERATIVO ===
Compatible con cliente TCP actual (main.cpp)
Thread-safe SID Pool + OrderCache FAILOVER + Map Scanning
Sistema FAILOVER: Múltiples envíos → First valid wins
Escaneo INICIAL: al iniciar (11 mapas)
Escaneo PERIÓDICO: cada 10 segundos
Órdenes incluyen flag de verificación de mapas (0/1)
=================================================================
[TOKEN-BUCKET] Thread iniciado - 100 MB/s
[IPC] Nueva conexion IPC aceptada
[IPC] 127.0.0.1:55947 cmd=FIND_CLIENT_BY_IP parts=3
[IPC] Nueva conexion IPC aceptada
[IPC] 127.0.0.1:55948 cmd=FIND_CLIENT_BY_IP parts=3


========================================
=== Nueva sesion de log: Sun Aug 16 10:26:00 2026
========================================

[LOG] Sistema de log dual activo - escribiendo a server_debug.log

=== MAP SERVER BOOST ASIO 1.55.0 CON SISTEMA FAILOVER ===
Compatible con cliente TCP actual (main.cpp)
Thread-safe OrderCache + SID Pool + Map Scanning
Sistema FAILOVER - Múltiples envíos por IP pública
=========================================================
[SID-POOL] Inicializado BOOST thread-safe: SID_001 a SID_100
Sistema de cache FAILOVER inicializado (Debug: ON)
[MAP-SCAN] === ESCANEO INICIAL DE MAPAS ===
[MAP-SCAN] Directorio: C:/xampp/htdocs/UPMAPS/Maps/
[MAP-SCAN] Encontrado .w3x: (2)EchoIsles_stats.w3x
[MAP-SCAN] Encontrado .w3x: DotA v6.85h LoD.w3x
[MAP-SCAN] Encontrado .w3x: Heroic Town VN v9.00_translated.w3x
[MAP-SCAN] Encontrado .w3x: MafQueen8.2f.w3x
[MAP-SCAN] Encontrado .w3x: MortalCraft_v.4.w3x
[MAP-SCAN] Encontrado .w3x: NWU v1.4.2 (test3).w3x
[MAP-SCAN] Encontrado .w3x: PKRemasterd v2.0c.w3x
[MAP-SCAN] Encontrado .w3x: SaintSeiyaLegends4.0.w3x
[MAP-SCAN] Encontrado .w3x: SSLv4.9BETA3.w3x
[MAP-SCAN] Encontrado .w3x: T-AAA! v1.08.12w.w3x
[MAP-SCAN] Encontrado .w3x: TheWar3.96.w3x
[MAP-SCAN] Escaneo inicial completado. Total mapas: 11
[MAP-SCAN] =================================

=== MAPAS DISPONIBLES (INICIAL) ===
Directorio: C:/xampp/htdocs/UPMAPS/Maps/
Escaneo periódico: cada 10 segundos
Total: 11 mapas
1. (2)EchoIsles_stats.w3x
2. DotA v6.85h LoD.w3x
3. Heroic Town VN v9.00_translated.w3x
4. MafQueen8.2f.w3x
5. MortalCraft_v.4.w3x
6. NWU v1.4.2 (test3).w3x
7. PKRemasterd v2.0c.w3x
8. SSLv4.9BETA3.w3x
9. SaintSeiyaLegends4.0.w3x
10. T-AAA! v1.08.12w.w3x
11. TheWar3.96.w3x
==================================

[LOG] Directorio de logs: C:/PVPGN/main/logs/
[CFG-CLEANUP] Limpieza al arranque: 0 .cfg eliminados, 0 ya no existian.
BOOST ASIO acceptor principal: 0.0.0.0:7776
BOOST ASIO acceptor archivos: 0.0.0.0:7775
[UPLOAD] BOOST ASIO acceptor mapas: 0.0.0.0:7774
[IPC] BOOST ASIO acceptor IPC: 127.0.0.1:7772 (solo localhost, para PvPGN)
Creando thread pools BOOST ASIO...
Worker threads: 5
Maintenance threads: 3 (zombie, periodic-scan, token-bucket)
[TOKEN-BUCKET] Thread iniciado - 100 MB/s
MAP SERVER BOOST ASIO 1.55.0 CON SISTEMA FAILOVER OPERATIVO
Compatible TCP - Cliente actual funciona sin cambios
OrderCache FAILOVER thread-safe activado
Map scanning system: INICIAL + PERIÓDICO activado
Mapas disponibles al iniciar: 11
[MAP-SCAN-PERIODIC] Thread iniciado - Intervalo: 10 segundos
Zombie cleanup thread iniciado
[DEBUG-ZOMBIE] Iniciando cleanup de zombies...
[DEBUG-ZOMBIE] Intentando tomar clients_mutex para cleanup...
[DEBUG-ZOMBIE] Revisando 0 clientes...
[DEBUG-ZOMBIE] clients_mutex liberado en cleanup
[DEBUG-ZOMBIE] Enviando 0 PINGs...
[DEBUG-ZOMBIE] Limpiando 0 zombies...
[DEBUG-ZOMBIE] Cleanup de zombies completado
Sistema FAILOVER: Múltiples envíos → First valid wins
=======================================

SISTEMA BOOST ASIO 1.55.0 OPERATIVO (FASE 3 - IPC DIRECTO)
Compatible TCP: Cliente main.cpp funciona sin cambios
PING/PONG: Lógica original restaurada
Map scanning: INICIAL (al arrancar) + PERIÓDICO (configurable)
Rehost/Upload: 100% IPC directo (ORDER|REHOST, ORDER|UPLOAD), sin txt

=== SERVIDOR LISTO (FASE 3) ===
IPC: localhost:7772 (FIND_CLIENT_BY_USERNAME, ORDER, GET_MAP_INFO, etc)
Guardando en: C:/PVPGN/mapcfgs/
Estado clientes: consultar via IPC GET_CLIENTS en localhost:7772
Mapas escaneados: inicial + periódico desde directorio configurable
Órdenes incluyen flag: 0=mapa existe, 1=mapa no existe
===============================================================

Sistema de cache FAILOVER thread-safe operativo
=== SERVIDOR BOOST ASIO 1.55.0 CON SISTEMA FAILOVER OPERATIVO ===
Compatible con cliente TCP actual (main.cpp)
Thread-safe SID Pool + OrderCache FAILOVER + Map Scanning
Sistema FAILOVER: Múltiples envíos → First valid wins
Escaneo INICIAL: al iniciar (11 mapas)
Escaneo PERIÓDICO: cada 10 segundos
Órdenes incluyen flag de verificación de mapas (0/1)
=================================================================
[IPC] Nueva conexion IPC aceptada
[IPC] 127.0.0.1:55954 cmd=FIND_CLIENT_BY_IP parts=3
[IPC] Nueva conexion IPC aceptada
[IPC] 127.0.0.1:55955 cmd=FIND_CLIENT_BY_IP parts=3
[DEBUG-ZOMBIE] Iniciando cleanup de zombies...
[DEBUG-ZOMBIE] Intentando tomar clients_mutex para cleanup...
[DEBUG-ZOMBIE] Revisando 0 clientes...
[DEBUG-ZOMBIE] clients_mutex liberado en cleanup
[DEBUG-ZOMBIE] Enviando 0 PINGs...
[DEBUG-ZOMBIE] Limpiando 0 zombies...
[DEBUG-ZOMBIE] Cleanup de zombies completado
[DEBUG-ZOMBIE] Iniciando cleanup de zombies...
[DEBUG-ZOMBIE] Intentando tomar clients_mutex para cleanup...
[DEBUG-ZOMBIE] Revisando 0 clientes...
[DEBUG-ZOMBIE] clients_mutex liberado en cleanup
[DEBUG-ZOMBIE] Enviando 0 PINGs...
[DEBUG-ZOMBIE] Limpiando 0 zombies...
[DEBUG-ZOMBIE] Cleanup de zombies completado
[DEBUG-ZOMBIE] Iniciando cleanup de zombies...
[DEBUG-ZOMBIE] Intentando tomar clients_mutex para cleanup...
[DEBUG-ZOMBIE] Revisando 0 clientes...
[DEBUG-ZOMBIE] clients_mutex liberado en cleanup
[DEBUG-ZOMBIE] Enviando 0 PINGs...
[DEBUG-ZOMBIE] Limpiando 0 zombies...
[DEBUG-ZOMBIE] Cleanup de zombies completado
[DEBUG-ZOMBIE] Iniciando cleanup de zombies...
[DEBUG-ZOMBIE] Intentando tomar clients_mutex para cleanup...
[DEBUG-ZOMBIE] Revisando 0 clientes...
[DEBUG-ZOMBIE] clients_mutex liberado en cleanup
[DEBUG-ZOMBIE] Enviando 0 PINGs...
[DEBUG-ZOMBIE] Limpiando 0 zombies...
[DEBUG-ZOMBIE] Cleanup de zombies completado
[DEBUG-ZOMBIE] Intentando tomar clients_mutex en debugPrintClients...

=== DEBUG - ESTADO CLIENTES ===
Total clientes: 0
Total sesiones: 0
Mapas disponibles: 11
Directorio de escaneo: C:/xampp/htdocs/UPMAPS/Maps/
Sistema FAILOVER: ACTIVO
==================================

[DEBUG-ZOMBIE] Liberando clients_mutex en debugPrintClients
[DEBUG-ZOMBIE] Iniciando cleanup de zombies...
[DEBUG-ZOMBIE] Intentando tomar clients_mutex para cleanup...
[DEBUG-ZOMBIE] Revisando 0 clientes...
[DEBUG-ZOMBIE] clients_mutex liberado en cleanup
[DEBUG-ZOMBIE] Enviando 0 PINGs...
[DEBUG-ZOMBIE] Limpiando 0 zombies...
[DEBUG-ZOMBIE] Cleanup de zombies completado
[DEBUG-ZOMBIE] Iniciando cleanup de zombies...
[DEBUG-ZOMBIE] Intentando tomar clients_mutex para cleanup...
[DEBUG-ZOMBIE] Revisando 0 clientes...
[DEBUG-ZOMBIE] clients_mutex liberado en cleanup
[DEBUG-ZOMBIE] Enviando 0 PINGs...
[DEBUG-ZOMBIE] Limpiando 0 zombies...
[DEBUG-ZOMBIE] Cleanup de zombies completado
[DEBUG-ZOMBIE] Iniciando cleanup de zombies...
[DEBUG-ZOMBIE] Intentando tomar clients_mutex para cleanup...
[DEBUG-ZOMBIE] Revisando 0 clientes...
[DEBUG-ZOMBIE] clients_mutex liberado en cleanup
[DEBUG-ZOMBIE] Enviando 0 PINGs...
[DEBUG-ZOMBIE] Limpiando 0 zombies...
[DEBUG-ZOMBIE] Cleanup de zombies completado
[DEBUG-ZOMBIE] Iniciando cleanup de zombies...
[DEBUG-ZOMBIE] Intentando tomar clients_mutex para cleanup...
[DEBUG-ZOMBIE] Revisando 0 clientes...
[DEBUG-ZOMBIE] clients_mutex liberado en cleanup
[DEBUG-ZOMBIE] Enviando 0 PINGs...
[DEBUG-ZOMBIE] Limpiando 0 zombies...
[DEBUG-ZOMBIE] Cleanup de zombies completado
[DEBUG-ZOMBIE] Intentando tomar clients_mutex en debugPrintClients...

=== DEBUG - ESTADO CLIENTES ===
Total clientes: 0
Total sesiones: 0
Mapas disponibles: 11
Directorio de escaneo: C:/xampp/htdocs/UPMAPS/Maps/
Sistema FAILOVER: ACTIVO
==================================

[DEBUG-ZOMBIE] Liberando clients_mutex en debugPrintClients
[DEBUG-ZOMBIE] Iniciando cleanup de zombies...
[DEBUG-ZOMBIE] Intentando tomar clients_mutex para cleanup...
[DEBUG-ZOMBIE] Revisando 0 clientes...
[DEBUG-ZOMBIE] clients_mutex liberado en cleanup
[DEBUG-ZOMBIE] Enviando 0 PINGs...
[DEBUG-ZOMBIE] Limpiando 0 zombies...
[DEBUG-ZOMBIE] Cleanup de zombies completado
[DEBUG-ZOMBIE] Iniciando cleanup de zombies...
[DEBUG-ZOMBIE] Intentando tomar clients_mutex para cleanup...
[DEBUG-ZOMBIE] Revisando 0 clientes...
[DEBUG-ZOMBIE] clients_mutex liberado en cleanup
[DEBUG-ZOMBIE] Enviando 0 PINGs...
[DEBUG-ZOMBIE] Limpiando 0 zombies...
[DEBUG-ZOMBIE] Cleanup de zombies completado
[DEBUG-ZOMBIE] Iniciando cleanup de zombies...
[DEBUG-ZOMBIE] Intentando tomar clients_mutex para cleanup...
[DEBUG-ZOMBIE] Revisando 0 clientes...
[DEBUG-ZOMBIE] clients_mutex liberado en cleanup
[DEBUG-ZOMBIE] Enviando 0 PINGs...
[DEBUG-ZOMBIE] Limpiando 0 zombies...
[DEBUG-ZOMBIE] Cleanup de zombies completado
[DEBUG-ZOMBIE] Iniciando cleanup de zombies...
[DEBUG-ZOMBIE] Intentando tomar clients_mutex para cleanup...
[DEBUG-ZOMBIE] Revisando 0 clientes...
[DEBUG-ZOMBIE] clients_mutex liberado en cleanup
[DEBUG-ZOMBIE] Enviando 0 PINGs...
[DEBUG-ZOMBIE] Limpiando 0 zombies...
[DEBUG-ZOMBIE] Cleanup de zombies completado
[DEBUG-ZOMBIE] Intentando tomar clients_mutex en debugPrintClients...

=== DEBUG - ESTADO CLIENTES ===
Total clientes: 0
Total sesiones: 0
Mapas disponibles: 11
Directorio de escaneo: C:/xampp/htdocs/UPMAPS/Maps/
Sistema FAILOVER: ACTIVO
==================================

[DEBUG-ZOMBIE] Liberando clients_mutex en debugPrintClients
[DEBUG-ZOMBIE] Iniciando cleanup de zombies...
[DEBUG-ZOMBIE] Intentando tomar clients_mutex para cleanup...
[DEBUG-ZOMBIE] Revisando 0 clientes...
[DEBUG-ZOMBIE] clients_mutex liberado en cleanup
[DEBUG-ZOMBIE] Enviando 0 PINGs...
[DEBUG-ZOMBIE] Limpiando 0 zombies...
[DEBUG-ZOMBIE] Cleanup de zombies completado
[DEBUG-ZOMBIE] Iniciando cleanup de zombies...
[DEBUG-ZOMBIE] Intentando tomar clients_mutex para cleanup...
[DEBUG-ZOMBIE] Revisando 0 clientes...
[DEBUG-ZOMBIE] clients_mutex liberado en cleanup
[DEBUG-ZOMBIE] Enviando 0 PINGs...
[DEBUG-ZOMBIE] Limpiando 0 zombies...
[DEBUG-ZOMBIE] Cleanup de zombies completado
[DEBUG-ZOMBIE] Iniciando cleanup de zombies...
[DEBUG-ZOMBIE] Intentando tomar clients_mutex para cleanup...
[DEBUG-ZOMBIE] Revisando 0 clientes...
[DEBUG-ZOMBIE] clients_mutex liberado en cleanup
[DEBUG-ZOMBIE] Enviando 0 PINGs...
[DEBUG-ZOMBIE] Limpiando 0 zombies...
[DEBUG-ZOMBIE] Cleanup de zombies completado
[DEBUG-ZOMBIE] Iniciando cleanup de zombies...
[DEBUG-ZOMBIE] Intentando tomar clients_mutex para cleanup...
[DEBUG-ZOMBIE] Revisando 0 clientes...
[DEBUG-ZOMBIE] clients_mutex liberado en cleanup
[DEBUG-ZOMBIE] Enviando 0 PINGs...
[DEBUG-ZOMBIE] Limpiando 0 zombies...
[DEBUG-ZOMBIE] Cleanup de zombies completado
[DEBUG-ZOMBIE] Intentando tomar clients_mutex en debugPrintClients...

=== DEBUG - ESTADO CLIENTES ===
Total clientes: 0
Total sesiones: 0
Mapas disponibles: 11
Directorio de escaneo: C:/xampp/htdocs/UPMAPS/Maps/
Sistema FAILOVER: ACTIVO
==================================

[DEBUG-ZOMBIE] Liberando clients_mutex en debugPrintClients
[DEBUG-ZOMBIE] Iniciando cleanup de zombies...
[DEBUG-ZOMBIE] Intentando tomar clients_mutex para cleanup...
[DEBUG-ZOMBIE] Revisando 0 clientes...
[DEBUG-ZOMBIE] clients_mutex liberado en cleanup
[DEBUG-ZOMBIE] Enviando 0 PINGs...
[DEBUG-ZOMBIE] Limpiando 0 zombies...
[DEBUG-ZOMBIE] Cleanup de zombies completado
[SESSION] Nueva sesión iniciada desde: 192.168.1.1
[DEBUG-READ] handle_read iniciado para: 192.168.1.1
Mensaje BOOST ASIO de 192.168.1.1: CLIENT_READY|26.141.249.120,190.237.156.139|192.168.1.142
[DEBUG-READ] Procesando CLIENT_READY...
[DEBUG-REG] INICIANDO registerClient para IP: 192.168.1.1
[DEBUG-SID] Intentando tomar pool_mutex en assignSID...
[SID-POOL] Asignado: SID_001 -> 192.168.1.1 (Disponibles: 99/100)
[DEBUG-SID] Liberando pool_mutex en assignSID
[DEBUG-REG] SID asignado: SID_001
[DEBUG-REG] Intentando tomar clients_mutex...
[DEBUG-REG] Creando ClientInfo...
[DEBUG-CLIENT] Intentando tomar client_mutex en addIP...
[CLIENT] SID_001 nueva IP detectada: 192.168.1.1 (Total IPs: 1)
[DEBUG-CLIENT] Liberando client_mutex en addIP
[AUTH] IP autorizada para archivos: 192.168.1.1
[DEBUG-REG] ClientInfo creado. Total clientes: 1
[DEBUG-REG] Liberando clients_mutex...
[DEBUG-REG] registerClient completado
[DEBUG-SESSION] INICIANDO addClientSession: SID_001
[DEBUG-SESSION] Intentando tomar clients_mutex...
[DEBUG-SESSION] Sesión agregada: SID_001
[DEBUG-SESSION] Liberando clients_mutex...
[DEBUG-SESSION] addClientSession completado
[DEBUG-READY] INICIANDO handleClientReady para: SID_001
[DEBUG-READY] IPs reportadas: 26.141.249.120,190.237.156.139
[DEBUG-READY] IP LAN reportada: 192.168.1.142
[DEBUG-READY] Intentando tomar clients_mutex...
[DEBUG-READY] Cliente encontrado en mapa, actualizando...
[DEBUG-CLIENT] Intentando tomar client_mutex en addIP...
[CLIENT] SID_001 nueva IP detectada: 26.141.249.120 (Total IPs: 2)
[DEBUG-CLIENT] Liberando client_mutex en addIP
[AUTH] IP autorizada para archivos: 26.141.249.120
[DEBUG-CLIENT] Intentando tomar client_mutex en addIP...
[CLIENT] SID_001 nueva IP detectada: 190.237.156.139 (Total IPs: 3)
[DEBUG-CLIENT] Liberando client_mutex en addIP
[AUTH] IP autorizada para archivos: 190.237.156.139
[AUTH] IP autorizada para archivos: 192.168.1.142
[DEBUG-CLIENT] ipLocal set para SID_001: 192.168.1.142
[DEBUG-STATUS] Status cambiando: CONNECTING -> READY para SID_001
[DEBUG-ACTIVITY] Intentando tomar client_mutex en updateActivity...
[DEBUG-ACTIVITY] Actividad actualizada: 377955000 -> 377955078
[DEBUG-ACTIVITY] Liberando client_mutex en updateActivity
[READY] SID_001 registrado - IPs: 26.141.249.120,190.237.156.139 | IP_LAN: 192.168.1.142
[DEBUG-READY] Liberando clients_mutex...
[DEBUG-READY] handleClientReady completado
[DEBUG-SEND] Enviando mensaje: REGISTERED|OK
[IPC] Nueva conexion IPC aceptada
[IPC] 127.0.0.1:55969 cmd=FIND_CLIENT_BY_IP parts=3
[IPC] Nueva conexion IPC aceptada
[DEBUG-CLIENT] username set para SID_001: Ratoncito123
[IPC] SET_USERNAME: SID_001 -> Ratoncito123 (ip_pub=192.168.1.1 ip_local=192.168.1.142)
[IPC] 127.0.0.1:55970 cmd=SET_USERNAME parts=4
[DEBUG-ZOMBIE] Iniciando cleanup de zombies...
[DEBUG-ZOMBIE] Intentando tomar clients_mutex para cleanup...
[DEBUG-ZOMBIE] Revisando 1 clientes...
[DEBUG-ZOMBIE] Cliente SID_001 - idle: 25297ms
[DEBUG-PING] needsPing check - idleTime: 25312ms, waitingPong: false, needs: false
[DEBUG-ZOMBIE] clients_mutex liberado en cleanup
[DEBUG-ZOMBIE] Enviando 0 PINGs...
[DEBUG-ZOMBIE] Limpiando 0 zombies...
[DEBUG-ZOMBIE] Cleanup de zombies completado
[IPC] Nueva conexion IPC aceptada
[IPC] 127.0.0.1:55972 cmd=FIND_CLIENT_BY_USERNAME parts=2
[IPC] Nueva conexion IPC aceptada
[UPLOAD-IPC] Orden recibida: PKRemasterd v2.0c.w3x de Ratoncito123
[UPLOAD-IPC] Mapa existe y overwrite=true: PKRemasterd v2.0c.w3x -> se reemplazara
[DEBUG-SEND] Enviando mensaje: SEND_MAP|Maps\Download\PKRemasterd v2.0c.w3x|PKRemasterd v2.0c.w3x|002|Ratoncito123
[UPLOAD-IPC] SEND_MAP enviado a SID_001 (user=Ratoncito123) para: PKRemasterd v2.0c.w3x
[IPC] 127.0.0.1:55973 cmd=ORDER parts=5
[UPLOAD] Nueva conexion de upload aceptada en puerto 7774
[UPLOAD-RCV] Nueva conexion de upload desde: 192.168.1.1
[UPLOAD-RCV] Header: MAP_FILENAME|PKRemasterd v2.0c.w3x
[UPLOAD-RCV] Mapa: PKRemasterd v2.0c.w3x
[UPLOAD-RCV] Header: MAP_GAMEID|002
[UPLOAD-RCV] GameID: 002
[UPLOAD-RCV] Header: MAP_HASH|149 114 135 225|2 219 218 234 252 182 255 233 141 95 240 15 57 222 52 75 249 149 180 104
[UPLOAD-RCV] Verificando hash - CRC:149 114 135 225
[WAR3MPQ] Verificando War3Patch.mpq...
[WAR3MPQ] War3Patch.mpq y scripts verificados correctamente
[WAR3MPQ] Leyendo Scripts\common.j desde War3Patch.mpq...
[WAR3MPQ] Leído Scripts\common.j: 166690 bytes
[WAR3MPQ] Leyendo Scripts\blizzard.j desde War3Patch.mpq...
[WAR3MPQ] Leído Scripts\blizzard.j: 451847 bytes
[HASH] CRC32=0 0 0 0 SHA1=218 57 163 238 94 107 75 13 50 85 191 239 149 96 24 144 175 216 7 9
[UPLOAD-RCV] Hash servidor CRC:0 0 0 0 SHA1:218 57 163 238 94 107 75 13 50 85 191 239 149 96 24 144 175 216 7 9
[UPLOAD-RCV] Mapa DISTINTO y overwrite=true. Procediendo con reemplazo.
[UPLOAD-RCV] Error leyendo header: End of file
[UPLOAD] Uploads activos: 0/3
[UPLOAD] Nueva conexion de upload aceptada en puerto 7774
[UPLOAD-RCV] Nueva conexion de upload desde: 192.168.1.1
[DEBUG-READ] handle_read iniciado para: SID_001
Mensaje BOOST ASIO de SID_001: MAP_INFO|Ratoncito123|PKRemasterd v2.0c.w3x|10
[MAP-INFO] Guardado: user=Ratoncito123 mapa=PKRemasterd v2.0c.w3x slots_totales=10
[UPLOAD-RCV] Header: MAP_FILENAME|PKRemasterd v2.0c.w3x
[UPLOAD-RCV] Mapa: PKRemasterd v2.0c.w3x
[UPLOAD-RCV] Header: MAP_GAMEID|002
[UPLOAD-RCV] GameID: 002
[UPLOAD-RCV] Header: MAP_SIZE|52934303
[UPLOAD-RCV] Tamano esperado: 52934303 bytes
[UPLOAD-RCV] Iniciando transferencia: PKRemasterd v2.0c.w3x (52934303 bytes)
[IPC] Nueva conexion IPC aceptada
[IPC] 127.0.0.1:55974 cmd=GET_UPLOAD_RESULT parts=2
[IPC] Nueva conexion IPC aceptada
[IPC] 127.0.0.1:55975 cmd=GET_UPLOAD_RESULT parts=2
[UPLOAD-RCV] Procesando mapa recibido: PKRemasterd v2.0c.w3x (52934303 bytes)
[UPLOAD-RCV] GUARDADO: C:/xampp/htdocs/UPMAPS/Maps/PKRemasterd v2.0c.w3x (52934303 bytes)
[UPLOAD] Resultado guardado en memoria: gameID=002 status=UPLOAD_OK detail=0|SUCCESS
[UPLOAD] Uploads activos: 0/3
[DEBUG-ZOMBIE] Iniciando cleanup de zombies...
[DEBUG-ZOMBIE] Intentando tomar clients_mutex para cleanup...
[DEBUG-ZOMBIE] Revisando 1 clientes...
[DEBUG-ZOMBIE] Cliente SID_001 - idle: 55328ms
[DEBUG-PING] needsPing check - idleTime: 55343ms, waitingPong: false, needs: false
[DEBUG-ZOMBIE] clients_mutex liberado en cleanup
[DEBUG-ZOMBIE] Enviando 0 PINGs...
[DEBUG-ZOMBIE] Limpiando 0 zombies...
[DEBUG-ZOMBIE] Cleanup de zombies completado
[IPC] Nueva conexion IPC aceptada
[IPC] 127.0.0.1:55976 cmd=GET_UPLOAD_RESULT parts=2
[IPC] Nueva conexion IPC aceptada
[IPC] 127.0.0.1:55977 cmd=GET_MAP_INFO parts=2
[DEBUG-ZOMBIE] Iniciando cleanup de zombies...
[DEBUG-ZOMBIE] Intentando tomar clients_mutex para cleanup...
[DEBUG-ZOMBIE] Revisando 1 clientes...
[DEBUG-ZOMBIE] Cliente SID_001 - idle: 85375ms
[DEBUG-PING] needsPing check - idleTime: 85390ms, waitingPong: false, needs: false
[DEBUG-ZOMBIE] clients_mutex liberado en cleanup
[DEBUG-ZOMBIE] Enviando 0 PINGs...
[DEBUG-ZOMBIE] Limpiando 0 zombies...
[DEBUG-ZOMBIE] Cleanup de zombies completado
[DEBUG-ZOMBIE] Intentando tomar clients_mutex en debugPrintClients...

=== DEBUG - ESTADO CLIENTES ===
Total clientes: 1
Total sesiones: 1
Mapas disponibles: 11
Directorio de escaneo: C:/xampp/htdocs/UPMAPS/Maps/
Sistema FAILOVER: ACTIVO
 SID_001 | IP: 26.141.249.120 | Status: READY | Todas IPs: 190.237.156.139,192.168.1.1,26.141.249.120
==================================

[DEBUG-ZOMBIE] Liberando clients_mutex en debugPrintClients
[DEBUG-ZOMBIE] Iniciando cleanup de zombies...
[DEBUG-ZOMBIE] Intentando tomar clients_mutex para cleanup...
[DEBUG-ZOMBIE] Revisando 1 clientes...
[DEBUG-ZOMBIE] Cliente SID_001 - idle: 115453ms
[DEBUG-PING] needsPing check - idleTime: 115468ms, waitingPong: false, needs: false
[DEBUG-ZOMBIE] clients_mutex liberado en cleanup
[DEBUG-ZOMBIE] Enviando 0 PINGs...
[DEBUG-ZOMBIE] Limpiando 0 zombies...
[DEBUG-ZOMBIE] Cleanup de zombies completado
[DEBUG-ZOMBIE] Iniciando cleanup de zombies...
[DEBUG-ZOMBIE] Intentando tomar clients_mutex para cleanup...
[DEBUG-ZOMBIE] Revisando 1 clientes...
[DEBUG-ZOMBIE] Cliente SID_001 - idle: 145484ms
[DEBUG-PING] needsPing check - idleTime: 145484ms, waitingPong: false, needs: false
[DEBUG-ZOMBIE] clients_mutex liberado en cleanup
[DEBUG-ZOMBIE] Enviando 0 PINGs...
[DEBUG-ZOMBIE] Limpiando 0 zombies...
[DEBUG-ZOMBIE] Cleanup de zombies completado
[DEBUG-ZOMBIE] Iniciando cleanup de zombies...
[DEBUG-ZOMBIE] Intentando tomar clients_mutex para cleanup...
[DEBUG-ZOMBIE] Revisando 1 clientes...
[DEBUG-ZOMBIE] Cliente SID_001 - idle: 175515ms
[DEBUG-PING] needsPing check - idleTime: 175531ms, waitingPong: false, needs: false
[DEBUG-ZOMBIE] clients_mutex liberado en cleanup
[DEBUG-ZOMBIE] Enviando 0 PINGs...
[DEBUG-ZOMBIE] Limpiando 0 zombies...
[DEBUG-ZOMBIE] Cleanup de zombies completado
[DEBUG-ZOMBIE] Iniciando cleanup de zombies...
[DEBUG-ZOMBIE] Intentando tomar clients_mutex para cleanup...
[DEBUG-ZOMBIE] Revisando 1 clientes...
[DEBUG-ZOMBIE] Cliente SID_001 - idle: 205562ms
[DEBUG-PING] needsPing check - idleTime: 205562ms, waitingPong: false, needs: true
[DEBUG-PING] markPingSent() iniciado para: SID_001
[DEBUG-PING] Antes - waitingPong: false
[DEBUG-PING] Antes - lastPingSent: 0
[DEBUG-PING] Después - waitingPong: true
[DEBUG-PING] Después - lastPingSent: 378160656
[DEBUG-PING] markPingSent() completado
[PING] Enviado a SID_001 (idle 205s)
[DEBUG-ZOMBIE] clients_mutex liberado en cleanup
[DEBUG-ZOMBIE] Enviando 1 PINGs...
[DEBUG-PING] INICIANDO sendPingToClient para: SID_001
[DEBUG-PING] Sesión encontrada, enviando PING...
[DEBUG-PING] Enviando PING a: SID_001
[DEBUG-SEND] Enviando mensaje: PING
[DEBUG-PING] PING enviado exitosamente
[DEBUG-READ] handle_read iniciado para: SID_001
Mensaje BOOST ASIO de SID_001: PONG|26.141.249.120,190.237.156.139
[DEBUG-PONG] PONG mensaje recibido: PONG|26.141.249.120,190.237.156.139
[DEBUG-PONG] De sesión: SID_001
[DEBUG-PONG] Llamando updateClientActivity...
[DEBUG-PONG] INICIANDO updateClientActivity para: SID_001
[DEBUG-PONG] clients_mutex BLOQUEADO en updateClientActivity!
[DEBUG-PING] FINALIZANDO sendPingToClient
[DEBUG-PONG] Mutex obtenido después de espera
[DEBUG-PONG] Buscando cliente: SID_001
[DEBUG-PONG] Cliente encontrado, marcando PONG recibido...
[DEBUG-PONG] markPongReceived() iniciado para: SID_001
[DEBUG-PONG] Antes - waitingPong: true
[DEBUG-PONG] Antes - lastActivity: 377955078
[DEBUG-PONG] Después - waitingPong: false
[DEBUG-PONG] Después - lastActivity: 378160718
[DEBUG-PONG] markPongReceived() completado
[DEBUG-PONG] PONG procesado exitosamente para: SID_001
[DEBUG-PONG] FINALIZANDO updateClientActivity para: SID_001
[DEBUG-PONG] updateClientActivity completado
PONG recibido vía BOOST ASIO: SID_001
[DEBUG-ZOMBIE] Limpiando 0 zombies...
[DEBUG-ZOMBIE] Cleanup de zombies completado
[DEBUG-ZOMBIE] Intentando tomar clients_mutex en debugPrintClients...

=== DEBUG - ESTADO CLIENTES ===
Total clientes: 1
Total sesiones: 1
Mapas disponibles: 11
Directorio de escaneo: C:/xampp/htdocs/UPMAPS/Maps/
Sistema FAILOVER: ACTIVO
 SID_001 | IP: 26.141.249.120 | Status: READY | Todas IPs: 190.237.156.139,192.168.1.1,26.141.249.120
==================================

[DEBUG-ZOMBIE] Liberando clients_mutex en debugPrintClients
[DEBUG-ZOMBIE] Iniciando cleanup de zombies...
[DEBUG-ZOMBIE] Intentando tomar clients_mutex para cleanup...
[DEBUG-ZOMBIE] Revisando 1 clientes...
[DEBUG-ZOMBIE] Cliente SID_001 - idle: 30078ms
[DEBUG-PING] needsPing check - idleTime: 30094ms, waitingPong: false, needs: false
[DEBUG-ZOMBIE] clients_mutex liberado en cleanup
[DEBUG-ZOMBIE] Enviando 0 PINGs...
[DEBUG-ZOMBIE] Limpiando 0 zombies...
[DEBUG-ZOMBIE] Cleanup de zombies completado
[DEBUG-ZOMBIE] Iniciando cleanup de zombies...
[DEBUG-ZOMBIE] Intentando tomar clients_mutex para cleanup...
[DEBUG-ZOMBIE] Revisando 1 clientes...
[DEBUG-ZOMBIE] Cliente SID_001 - idle: 60125ms
[DEBUG-PING] needsPing check - idleTime: 60125ms, waitingPong: false, needs: false
[DEBUG-ZOMBIE] clients_mutex liberado en cleanup
[DEBUG-ZOMBIE] Enviando 0 PINGs...
[DEBUG-ZOMBIE] Limpiando 0 zombies...
[DEBUG-ZOMBIE] Cleanup de zombies completado
[DEBUG-ZOMBIE] Iniciando cleanup de zombies...
[DEBUG-ZOMBIE] Intentando tomar clients_mutex para cleanup...
[DEBUG-ZOMBIE] Revisando 1 clientes...
[DEBUG-ZOMBIE] Cliente SID_001 - idle: 90157ms
[DEBUG-PING] needsPing check - idleTime: 90172ms, waitingPong: false, needs: false
[DEBUG-ZOMBIE] clients_mutex liberado en cleanup
[DEBUG-ZOMBIE] Enviando 0 PINGs...
[DEBUG-ZOMBIE] Limpiando 0 zombies...
[DEBUG-ZOMBIE] Cleanup de zombies completado
[DEBUG-ZOMBIE] Iniciando cleanup de zombies...
[DEBUG-ZOMBIE] Intentando tomar clients_mutex para cleanup...
[DEBUG-ZOMBIE] Revisando 1 clientes...
[DEBUG-ZOMBIE] Cliente SID_001 - idle: 120203ms
[DEBUG-PING] needsPing check - idleTime: 120203ms, waitingPong: false, needs: false
[DEBUG-ZOMBIE] clients_mutex liberado en cleanup
[DEBUG-ZOMBIE] Enviando 0 PINGs...
[DEBUG-ZOMBIE] Limpiando 0 zombies...
[DEBUG-ZOMBIE] Cleanup de zombies completado
[DEBUG-ZOMBIE] Intentando tomar clients_mutex en debugPrintClients...

=== DEBUG - ESTADO CLIENTES ===
Total clientes: 1
Total sesiones: 1
Mapas disponibles: 11
Directorio de escaneo: C:/xampp/htdocs/UPMAPS/Maps/
Sistema FAILOVER: ACTIVO
 SID_001 | IP: 26.141.249.120 | Status: READY | Todas IPs: 190.237.156.139,192.168.1.1,26.141.249.120
==================================

[DEBUG-ZOMBIE] Liberando clients_mutex en debugPrintClients
[DEBUG-ZOMBIE] Iniciando cleanup de zombies...
[DEBUG-ZOMBIE] Intentando tomar clients_mutex para cleanup...
[DEBUG-ZOMBIE] Revisando 1 clientes...
[DEBUG-ZOMBIE] Cliente SID_001 - idle: 150266ms
[DEBUG-PING] needsPing check - idleTime: 150282ms, waitingPong: false, needs: false
[DEBUG-ZOMBIE] clients_mutex liberado en cleanup
[DEBUG-ZOMBIE] Enviando 0 PINGs...
[DEBUG-ZOMBIE] Limpiando 0 zombies...
[DEBUG-ZOMBIE] Cleanup de zombies completado
[DEBUG-ZOMBIE] Iniciando cleanup de zombies...
[DEBUG-ZOMBIE] Intentando tomar clients_mutex para cleanup...
[DEBUG-ZOMBIE] Revisando 1 clientes...
[DEBUG-ZOMBIE] Cliente SID_001 - idle: 180297ms
[DEBUG-PING] needsPing check - idleTime: 180313ms, waitingPong: false, needs: true
[DEBUG-PING] markPingSent() iniciado para: SID_001
[DEBUG-PING] Antes - waitingPong: false
[DEBUG-PING] Antes - lastPingSent: 378160656
[DEBUG-PING] Después - waitingPong: true
[DEBUG-PING] Después - lastPingSent: 378341031
[DEBUG-PING] markPingSent() completado
[PING] Enviado a SID_001 (idle 180s)
[DEBUG-ZOMBIE] clients_mutex liberado en cleanup
[DEBUG-ZOMBIE] Enviando 1 PINGs...
[DEBUG-PING] INICIANDO sendPingToClient para: SID_001
[DEBUG-PING] Sesión encontrada, enviando PING...
[DEBUG-PING] Enviando PING a: SID_001
[DEBUG-SEND] Enviando mensaje: PING
[DEBUG-PING] PING enviado exitosamente
[DEBUG-READ] handle_read iniciado para: SID_001
Mensaje BOOST ASIO de SID_001: PONG|26.141.249.120,190.237.156.139
[DEBUG-PONG] PONG mensaje recibido: PONG|26.141.249.120,190.237.156.139
[DEBUG-PONG] De sesión: SID_001
[DEBUG-PONG] Llamando updateClientActivity...
[DEBUG-PONG] INICIANDO updateClientActivity para: SID_001
[DEBUG-PONG] clients_mutex BLOQUEADO en updateClientActivity!
[DEBUG-PING] FINALIZANDO sendPingToClient
[DEBUG-PONG] Mutex obtenido después de espera
[DEBUG-PONG] Buscando cliente: SID_001
[DEBUG-PONG] Cliente encontrado, marcando PONG recibido...
[DEBUG-PONG] markPongReceived() iniciado para: SID_001
[DEBUG-PONG] Antes - waitingPong: true
[DEBUG-PONG] Antes - lastActivity: 378160718
[DEBUG-PONG] Después - waitingPong: false
[DEBUG-PONG] Después - lastActivity: 378341109
[DEBUG-PONG] markPongReceived() completado
[DEBUG-PONG] PONG procesado exitosamente para: SID_001
[DEBUG-PONG] FINALIZANDO updateClientActivity para: SID_001
[DEBUG-PONG] updateClientActivity completado
PONG recibido vía BOOST ASIO: SID_001
[DEBUG-ZOMBIE] Limpiando 0 zombies...
[DEBUG-ZOMBIE] Cleanup de zombies completado
[DEBUG-ZOMBIE] Iniciando cleanup de zombies...
[DEBUG-ZOMBIE] Intentando tomar clients_mutex para cleanup...
[DEBUG-ZOMBIE] Revisando 1 clientes...
[DEBUG-ZOMBIE] Cliente SID_001 - idle: 30047ms
[DEBUG-PING] needsPing check - idleTime: 30047ms, waitingPong: false, needs: false
[DEBUG-ZOMBIE] clients_mutex liberado en cleanup
[DEBUG-ZOMBIE] Enviando 0 PINGs...
[DEBUG-ZOMBIE] Limpiando 0 zombies...
[DEBUG-ZOMBIE] Cleanup de zombies completado
[DEBUG-ZOMBIE] Iniciando cleanup de zombies...
[DEBUG-ZOMBIE] Intentando tomar clients_mutex para cleanup...
[DEBUG-ZOMBIE] Revisando 1 clientes...
[DEBUG-ZOMBIE] Cliente SID_001 - idle: 60078ms
[DEBUG-PING] needsPing check - idleTime: 60078ms, waitingPong: false, needs: false
[DEBUG-ZOMBIE] clients_mutex liberado en cleanup
[DEBUG-ZOMBIE] Enviando 0 PINGs...
[DEBUG-ZOMBIE] Limpiando 0 zombies...
[DEBUG-ZOMBIE] Cleanup de zombies completado
[DEBUG-ZOMBIE] Intentando tomar clients_mutex en debugPrintClients...

=== DEBUG - ESTADO CLIENTES ===
Total clientes: 1
Total sesiones: 1
Mapas disponibles: 11
Directorio de escaneo: C:/xampp/htdocs/UPMAPS/Maps/
Sistema FAILOVER: ACTIVO
 SID_001 | IP: 26.141.249.120 | Status: READY | Todas IPs: 190.237.156.139,192.168.1.1,26.141.249.120
==================================

[DEBUG-ZOMBIE] Liberando clients_mutex en debugPrintClients
[DEBUG-ZOMBIE] Iniciando cleanup de zombies...
[DEBUG-ZOMBIE] Intentando tomar clients_mutex para cleanup...
[DEBUG-ZOMBIE] Revisando 1 clientes...
[DEBUG-ZOMBIE] Cliente SID_001 - idle: 90125ms
[DEBUG-PING] needsPing check - idleTime: 90141ms, waitingPong: false, needs: false
[DEBUG-ZOMBIE] clients_mutex liberado en cleanup
[DEBUG-ZOMBIE] Enviando 0 PINGs...
[DEBUG-ZOMBIE] Limpiando 0 zombies...
[DEBUG-ZOMBIE] Cleanup de zombies completado
[IPC] Nueva conexion IPC aceptada
[DEBUG-CLIENT] username set para SID_001: 
[IPC] REMOVE_USERNAME: SID_001 -> (vaciado, era Ratoncito123)
[IPC] 127.0.0.1:55992 cmd=REMOVE_USERNAME parts=2
[DEBUG-READ] handle_read iniciado para: SID_001
[DEBUG-READ] Error en handle_read (Se ha forzado la interrupción de una conexión existente por el host remoto) - SID_001
Cliente desconectado (Se ha forzado la interrupción de una conexión existente por el host remoto) - SID_001
[DEBUG-DISCONNECT] handle_disconnect iniciado para: SID_001
[DEBUG-REMOVE] INICIANDO removeClient: SID_001 - Razón: BOOST_ASIO_DISCONNECT
[DEBUG-REMOVE] Intentando tomar clients_mutex...
[REMOVE] SID_001 (IPs:190.237.156.139,192.168.1.1,26.141.249.120) - BOOST_ASIO_DISCONNECT
[AUTH] IP desautorizada para archivos: 190.237.156.139
[AUTH] IP desautorizada para archivos: 192.168.1.1
[AUTH] IP desautorizada para archivos: 26.141.249.120
[DEBUG-SID] Intentando tomar pool_mutex en releaseSID...
[SID-POOL] Liberado: SID_001 (Disponibles: 100/100)
[DEBUG-SID] Liberando pool_mutex en releaseSID
[DEBUG-REMOVE] Cliente removido del mapa. Total restante: 0
[DEBUG-REMOVE] Liberando clients_mutex...
[DEBUG-REMOVE] removeClient completado
[DEBUG-DISCONNECT] handle_disconnect completado
[DEBUG-ZOMBIE] Iniciando cleanup de zombies...
[DEBUG-ZOMBIE] Intentando tomar clients_mutex para cleanup...
[DEBUG-ZOMBIE] Revisando 0 clientes...
[DEBUG-ZOMBIE] clients_mutex liberado en cleanup
[DEBUG-ZOMBIE] Enviando 0 PINGs...
[DEBUG-ZOMBIE] Limpiando 0 zombies...
[DEBUG-ZOMBIE] Cleanup de zombies completado
[DEBUG-ZOMBIE] Iniciando cleanup de zombies...
[DEBUG-ZOMBIE] Intentando tomar clients_mutex para cleanup...
[DEBUG-ZOMBIE] Revisando 0 clientes...
[DEBUG-ZOMBIE] clients_mutex liberado en cleanup
[DEBUG-ZOMBIE] Enviando 0 PINGs...
[DEBUG-ZOMBIE] Limpiando 0 zombies...
[DEBUG-ZOMBIE] Cleanup de zombies completado
[DEBUG-ZOMBIE] Iniciando cleanup de zombies...
[DEBUG-ZOMBIE] Intentando tomar clients_mutex para cleanup...
[DEBUG-ZOMBIE] Revisando 0 clientes...
[DEBUG-ZOMBIE] clients_mutex liberado en cleanup
[DEBUG-ZOMBIE] Enviando 0 PINGs...
[DEBUG-ZOMBIE] Limpiando 0 zombies...
[DEBUG-ZOMBIE] Cleanup de zombies completado
[DEBUG-ZOMBIE] Intentando tomar clients_mutex en debugPrintClients...

=== DEBUG - ESTADO CLIENTES ===
Total clientes: 0
Total sesiones: 0
Mapas disponibles: 11
Directorio de escaneo: C:/xampp/htdocs/UPMAPS/Maps/
Sistema FAILOVER: ACTIVO
==================================

[DEBUG-ZOMBIE] Liberando clients_mutex en debugPrintClients
[DEBUG-ZOMBIE] Iniciando cleanup de zombies...
[DEBUG-ZOMBIE] Intentando tomar clients_mutex para cleanup...
[DEBUG-ZOMBIE] Revisando 0 clientes...
[DEBUG-ZOMBIE] clients_mutex liberado en cleanup
[DEBUG-ZOMBIE] Enviando 0 PINGs...
[DEBUG-ZOMBIE] Limpiando 0 zombies...
[DEBUG-ZOMBIE] Cleanup de zombies completado
[DEBUG-ZOMBIE] Iniciando cleanup de zombies...
[DEBUG-ZOMBIE] Intentando tomar clients_mutex para cleanup...
[DEBUG-ZOMBIE] Revisando 0 clientes...
[DEBUG-ZOMBIE] clients_mutex liberado en cleanup
[DEBUG-ZOMBIE] Enviando 0 PINGs...
[DEBUG-ZOMBIE] Limpiando 0 zombies...
[DEBUG-ZOMBIE] Cleanup de zombies completado
[DEBUG-ZOMBIE] Iniciando cleanup de zombies...
[DEBUG-ZOMBIE] Intentando tomar clients_mutex para cleanup...
[DEBUG-ZOMBIE] Revisando 0 clientes...
[DEBUG-ZOMBIE] clients_mutex liberado en cleanup
[DEBUG-ZOMBIE] Enviando 0 PINGs...
[DEBUG-ZOMBIE] Limpiando 0 zombies...
[DEBUG-ZOMBIE] Cleanup de zombies completado
[DEBUG-ZOMBIE] Iniciando cleanup de zombies...
[DEBUG-ZOMBIE] Intentando tomar clients_mutex para cleanup...
[DEBUG-ZOMBIE] Revisando 0 clientes...
[DEBUG-ZOMBIE] clients_mutex liberado en cleanup
[DEBUG-ZOMBIE] Enviando 0 PINGs...
[DEBUG-ZOMBIE] Limpiando 0 zombies...
[DEBUG-ZOMBIE] Cleanup de zombies completado
[DEBUG-ZOMBIE] Intentando tomar clients_mutex en debugPrintClients...

=== DEBUG - ESTADO CLIENTES ===
Total clientes: 0
Total sesiones: 0
Mapas disponibles: 11
Directorio de escaneo: C:/xampp/htdocs/UPMAPS/Maps/
Sistema FAILOVER: ACTIVO
==================================

[DEBUG-ZOMBIE] Liberando clients_mutex en debugPrintClients
[DEBUG-ZOMBIE] Iniciando cleanup de zombies...
[DEBUG-ZOMBIE] Intentando tomar clients_mutex para cleanup...
[DEBUG-ZOMBIE] Revisando 0 clientes...
[DEBUG-ZOMBIE] clients_mutex liberado en cleanup
[DEBUG-ZOMBIE] Enviando 0 PINGs...
[DEBUG-ZOMBIE] Limpiando 0 zombies...
[DEBUG-ZOMBIE] Cleanup de zombies completado
[DEBUG-ZOMBIE] Iniciando cleanup de zombies...
[DEBUG-ZOMBIE] Intentando tomar clients_mutex para cleanup...
[DEBUG-ZOMBIE] Revisando 0 clientes...
[DEBUG-ZOMBIE] clients_mutex liberado en cleanup
[DEBUG-ZOMBIE] Enviando 0 PINGs...
[DEBUG-ZOMBIE] Limpiando 0 zombies...
[DEBUG-ZOMBIE] Cleanup de zombies completado
[DEBUG-ZOMBIE] Iniciando cleanup de zombies...
[DEBUG-ZOMBIE] Intentando tomar clients_mutex para cleanup...
[DEBUG-ZOMBIE] Revisando 0 clientes...
[DEBUG-ZOMBIE] clients_mutex liberado en cleanup
[DEBUG-ZOMBIE] Enviando 0 PINGs...
[DEBUG-ZOMBIE] Limpiando 0 zombies...
[DEBUG-ZOMBIE] Cleanup de zombies completado
[DEBUG-ZOMBIE] Iniciando cleanup de zombies...
[DEBUG-ZOMBIE] Intentando tomar clients_mutex para cleanup...
[DEBUG-ZOMBIE] Revisando 0 clientes...
[DEBUG-ZOMBIE] clients_mutex liberado en cleanup
[DEBUG-ZOMBIE] Enviando 0 PINGs...
[DEBUG-ZOMBIE] Limpiando 0 zombies...
[DEBUG-ZOMBIE] Cleanup de zombies completado
[DEBUG-ZOMBIE] Intentando tomar clients_mutex en debugPrintClients...

=== DEBUG - ESTADO CLIENTES ===
Total clientes: 0
Total sesiones: 0
Mapas disponibles: 11
Directorio de escaneo: C:/xampp/htdocs/UPMAPS/Maps/
Sistema FAILOVER: ACTIVO
==================================

[DEBUG-ZOMBIE] Liberando clients_mutex en debugPrintClients
[DEBUG-ZOMBIE] Iniciando cleanup de zombies...
[DEBUG-ZOMBIE] Intentando tomar clients_mutex para cleanup...
[DEBUG-ZOMBIE] Revisando 0 clientes...
[DEBUG-ZOMBIE] clients_mutex liberado en cleanup
[DEBUG-ZOMBIE] Enviando 0 PINGs...
[DEBUG-ZOMBIE] Limpiando 0 zombies...
[DEBUG-ZOMBIE] Cleanup de zombies completado
[DEBUG-ZOMBIE] Iniciando cleanup de zombies...
[DEBUG-ZOMBIE] Intentando tomar clients_mutex para cleanup...
[DEBUG-ZOMBIE] Revisando 0 clientes...
[DEBUG-ZOMBIE] clients_mutex liberado en cleanup
[DEBUG-ZOMBIE] Enviando 0 PINGs...
[DEBUG-ZOMBIE] Limpiando 0 zombies...
[DEBUG-ZOMBIE] Cleanup de zombies completado
[DEBUG-ZOMBIE] Iniciando cleanup de zombies...
[DEBUG-ZOMBIE] Intentando tomar clients_mutex para cleanup...
[DEBUG-ZOMBIE] Revisando 0 clientes...
[DEBUG-ZOMBIE] clients_mutex liberado en cleanup
[DEBUG-ZOMBIE] Enviando 0 PINGs...
[DEBUG-ZOMBIE] Limpiando 0 zombies...
[DEBUG-ZOMBIE] Cleanup de zombies completado
[DEBUG-ZOMBIE] Iniciando cleanup de zombies...
[DEBUG-ZOMBIE] Intentando tomar clients_mutex para cleanup...
[DEBUG-ZOMBIE] Revisando 0 clientes...
[DEBUG-ZOMBIE] clients_mutex liberado en cleanup
[DEBUG-ZOMBIE] Enviando 0 PINGs...
[DEBUG-ZOMBIE] Limpiando 0 zombies...
[DEBUG-ZOMBIE] Cleanup de zombies completado
[DEBUG-ZOMBIE] Intentando tomar clients_mutex en debugPrintClients...

=== DEBUG - ESTADO CLIENTES ===
Total clientes: 0
Total sesiones: 0
Mapas disponibles: 11
Directorio de escaneo: C:/xampp/htdocs/UPMAPS/Maps/
Sistema FAILOVER: ACTIVO
==================================

[DEBUG-ZOMBIE] Liberando clients_mutex en debugPrintClients
[DEBUG-ZOMBIE] Iniciando cleanup de zombies...
[DEBUG-ZOMBIE] Intentando tomar clients_mutex para cleanup...
[DEBUG-ZOMBIE] Revisando 0 clientes...
[DEBUG-ZOMBIE] clients_mutex liberado en cleanup
[DEBUG-ZOMBIE] Enviando 0 PINGs...
[DEBUG-ZOMBIE] Limpiando 0 zombies...
[DEBUG-ZOMBIE] Cleanup de zombies completado
[DEBUG-ZOMBIE] Iniciando cleanup de zombies...
[DEBUG-ZOMBIE] Intentando tomar clients_mutex para cleanup...
[DEBUG-ZOMBIE] Revisando 0 clientes...
[DEBUG-ZOMBIE] clients_mutex liberado en cleanup
[DEBUG-ZOMBIE] Enviando 0 PINGs...
[DEBUG-ZOMBIE] Limpiando 0 zombies...
[DEBUG-ZOMBIE] Cleanup de zombies completado
[DEBUG-ZOMBIE] Iniciando cleanup de zombies...
[DEBUG-ZOMBIE] Intentando tomar clients_mutex para cleanup...
[DEBUG-ZOMBIE] Revisando 0 clientes...
[DEBUG-ZOMBIE] clients_mutex liberado en cleanup
[DEBUG-ZOMBIE] Enviando 0 PINGs...
[DEBUG-ZOMBIE] Limpiando 0 zombies...
[DEBUG-ZOMBIE] Cleanup de zombies completado
[DEBUG-ZOMBIE] Iniciando cleanup de zombies...
[DEBUG-ZOMBIE] Intentando tomar clients_mutex para cleanup...
[DEBUG-ZOMBIE] Revisando 0 clientes...
[DEBUG-ZOMBIE] clients_mutex liberado en cleanup
[DEBUG-ZOMBIE] Enviando 0 PINGs...
[DEBUG-ZOMBIE] Limpiando 0 zombies...
[DEBUG-ZOMBIE] Cleanup de zombies completado
[DEBUG-ZOMBIE] Intentando tomar clients_mutex en debugPrintClients...

=== DEBUG - ESTADO CLIENTES ===
Total clientes: 0
Total sesiones: 0
Mapas disponibles: 11
Directorio de escaneo: C:/xampp/htdocs/UPMAPS/Maps/
Sistema FAILOVER: ACTIVO
==================================

[DEBUG-ZOMBIE] Liberando clients_mutex en debugPrintClients
[DEBUG-ZOMBIE] Iniciando cleanup de zombies...
[DEBUG-ZOMBIE] Intentando tomar clients_mutex para cleanup...
[DEBUG-ZOMBIE] Revisando 0 clientes...
[DEBUG-ZOMBIE] clients_mutex liberado en cleanup
[DEBUG-ZOMBIE] Enviando 0 PINGs...
[DEBUG-ZOMBIE] Limpiando 0 zombies...
[DEBUG-ZOMBIE] Cleanup de zombies completado
[DEBUG-ZOMBIE] Iniciando cleanup de zombies...
[DEBUG-ZOMBIE] Intentando tomar clients_mutex para cleanup...
[DEBUG-ZOMBIE] Revisando 0 clientes...
[DEBUG-ZOMBIE] clients_mutex liberado en cleanup
[DEBUG-ZOMBIE] Enviando 0 PINGs...
[DEBUG-ZOMBIE] Limpiando 0 zombies...
[DEBUG-ZOMBIE] Cleanup de zombies completado
[DEBUG-ZOMBIE] Iniciando cleanup de zombies...
[DEBUG-ZOMBIE] Intentando tomar clients_mutex para cleanup...
[DEBUG-ZOMBIE] Revisando 0 clientes...
[DEBUG-ZOMBIE] clients_mutex liberado en cleanup
[DEBUG-ZOMBIE] Enviando 0 PINGs...
[DEBUG-ZOMBIE] Limpiando 0 zombies...
[DEBUG-ZOMBIE] Cleanup de zombies completado
[DEBUG-ZOMBIE] Iniciando cleanup de zombies...
[DEBUG-ZOMBIE] Intentando tomar clients_mutex para cleanup...
[DEBUG-ZOMBIE] Revisando 0 clientes...
[DEBUG-ZOMBIE] clients_mutex liberado en cleanup
[DEBUG-ZOMBIE] Enviando 0 PINGs...
[DEBUG-ZOMBIE] Limpiando 0 zombies...
[DEBUG-ZOMBIE] Cleanup de zombies completado
[DEBUG-ZOMBIE] Intentando tomar clients_mutex en debugPrintClients...

=== DEBUG - ESTADO CLIENTES ===
Total clientes: 0
Total sesiones: 0
Mapas disponibles: 11
Directorio de escaneo: C:/xampp/htdocs/UPMAPS/Maps/
Sistema FAILOVER: ACTIVO
==================================

[DEBUG-ZOMBIE] Liberando clients_mutex en debugPrintClients
[DEBUG-ZOMBIE] Iniciando cleanup de zombies...
[DEBUG-ZOMBIE] Intentando tomar clients_mutex para cleanup...
[DEBUG-ZOMBIE] Revisando 0 clientes...
[DEBUG-ZOMBIE] clients_mutex liberado en cleanup
[DEBUG-ZOMBIE] Enviando 0 PINGs...
[DEBUG-ZOMBIE] Limpiando 0 zombies...
[DEBUG-ZOMBIE] Cleanup de zombies completado
[DEBUG-ZOMBIE] Iniciando cleanup de zombies...
[DEBUG-ZOMBIE] Intentando tomar clients_mutex para cleanup...
[DEBUG-ZOMBIE] Revisando 0 clientes...
[DEBUG-ZOMBIE] clients_mutex liberado en cleanup
[DEBUG-ZOMBIE] Enviando 0 PINGs...
[DEBUG-ZOMBIE] Limpiando 0 zombies...
[DEBUG-ZOMBIE] Cleanup de zombies completado
[DEBUG-ZOMBIE] Iniciando cleanup de zombies...
[DEBUG-ZOMBIE] Intentando tomar clients_mutex para cleanup...
[DEBUG-ZOMBIE] Revisando 0 clientes...
[DEBUG-ZOMBIE] clients_mutex liberado en cleanup
[DEBUG-ZOMBIE] Enviando 0 PINGs...
[DEBUG-ZOMBIE] Limpiando 0 zombies...
[DEBUG-ZOMBIE] Cleanup de zombies completado
[DEBUG-ZOMBIE] Iniciando cleanup de zombies...
[DEBUG-ZOMBIE] Intentando tomar clients_mutex para cleanup...
[DEBUG-ZOMBIE] Revisando 0 clientes...
[DEBUG-ZOMBIE] clients_mutex liberado en cleanup
[DEBUG-ZOMBIE] Enviando 0 PINGs...
[DEBUG-ZOMBIE] Limpiando 0 zombies...
[DEBUG-ZOMBIE] Cleanup de zombies completado
[DEBUG-ZOMBIE] Intentando tomar clients_mutex en debugPrintClients...

=== DEBUG - ESTADO CLIENTES ===
Total clientes: 0
Total sesiones: 0
Mapas disponibles: 11
Directorio de escaneo: C:/xampp/htdocs/UPMAPS/Maps/
Sistema FAILOVER: ACTIVO
==================================

[DEBUG-ZOMBIE] Liberando clients_mutex en debugPrintClients
[DEBUG-ZOMBIE] Iniciando cleanup de zombies...
[DEBUG-ZOMBIE] Intentando tomar clients_mutex para cleanup...
[DEBUG-ZOMBIE] Revisando 0 clientes...
[DEBUG-ZOMBIE] clients_mutex liberado en cleanup
[DEBUG-ZOMBIE] Enviando 0 PINGs...
[DEBUG-ZOMBIE] Limpiando 0 zombies...
[DEBUG-ZOMBIE] Cleanup de zombies completado
[DEBUG-ZOMBIE] Iniciando cleanup de zombies...
[DEBUG-ZOMBIE] Intentando tomar clients_mutex para cleanup...
[DEBUG-ZOMBIE] Revisando 0 clientes...
[DEBUG-ZOMBIE] clients_mutex liberado en cleanup
[DEBUG-ZOMBIE] Enviando 0 PINGs...
[DEBUG-ZOMBIE] Limpiando 0 zombies...
[DEBUG-ZOMBIE] Cleanup de zombies completado
[DEBUG-ZOMBIE] Iniciando cleanup de zombies...
[DEBUG-ZOMBIE] Intentando tomar clients_mutex para cleanup...
[DEBUG-ZOMBIE] Revisando 0 clientes...
[DEBUG-ZOMBIE] clients_mutex liberado en cleanup
[DEBUG-ZOMBIE] Enviando 0 PINGs...
[DEBUG-ZOMBIE] Limpiando 0 zombies...
[DEBUG-ZOMBIE] Cleanup de zombies completado
[DEBUG-ZOMBIE] Iniciando cleanup de zombies...
[DEBUG-ZOMBIE] Intentando tomar clients_mutex para cleanup...
[DEBUG-ZOMBIE] Revisando 0 clientes...
[DEBUG-ZOMBIE] clients_mutex liberado en cleanup
[DEBUG-ZOMBIE] Enviando 0 PINGs...
[DEBUG-ZOMBIE] Limpiando 0 zombies...
[DEBUG-ZOMBIE] Cleanup de zombies completado
[DEBUG-ZOMBIE] Intentando tomar clients_mutex en debugPrintClients...

=== DEBUG - ESTADO CLIENTES ===
Total clientes: 0
Total sesiones: 0
Mapas disponibles: 11
Directorio de escaneo: C:/xampp/htdocs/UPMAPS/Maps/
Sistema FAILOVER: ACTIVO
==================================

[DEBUG-ZOMBIE] Liberando clients_mutex en debugPrintClients
[DEBUG-ZOMBIE] Iniciando cleanup de zombies...
[DEBUG-ZOMBIE] Intentando tomar clients_mutex para cleanup...
[DEBUG-ZOMBIE] Revisando 0 clientes...
[DEBUG-ZOMBIE] clients_mutex liberado en cleanup
[DEBUG-ZOMBIE] Enviando 0 PINGs...
[DEBUG-ZOMBIE] Limpiando 0 zombies...
[DEBUG-ZOMBIE] Cleanup de zombies completado
[DEBUG-ZOMBIE] Iniciando cleanup de zombies...
[DEBUG-ZOMBIE] Intentando tomar clients_mutex para cleanup...
[DEBUG-ZOMBIE] Revisando 0 clientes...
[DEBUG-ZOMBIE] clients_mutex liberado en cleanup
[DEBUG-ZOMBIE] Enviando 0 PINGs...
[DEBUG-ZOMBIE] Limpiando 0 zombies...
[DEBUG-ZOMBIE] Cleanup de zombies completado
[DEBUG-ZOMBIE] Iniciando cleanup de zombies...
[DEBUG-ZOMBIE] Intentando tomar clients_mutex para cleanup...
[DEBUG-ZOMBIE] Revisando 0 clientes...
[DEBUG-ZOMBIE] clients_mutex liberado en cleanup
[DEBUG-ZOMBIE] Enviando 0 PINGs...
[DEBUG-ZOMBIE] Limpiando 0 zombies...
[DEBUG-ZOMBIE] Cleanup de zombies completado
[DEBUG-ZOMBIE] Iniciando cleanup de zombies...
[DEBUG-ZOMBIE] Intentando tomar clients_mutex para cleanup...
[DEBUG-ZOMBIE] Revisando 0 clientes...
[DEBUG-ZOMBIE] clients_mutex liberado en cleanup
[DEBUG-ZOMBIE] Enviando 0 PINGs...
[DEBUG-ZOMBIE] Limpiando 0 zombies...
[DEBUG-ZOMBIE] Cleanup de zombies completado
[DEBUG-ZOMBIE] Intentando tomar clients_mutex en debugPrintClients...

=== DEBUG - ESTADO CLIENTES ===
Total clientes: 0
Total sesiones: 0
Mapas disponibles: 11
Directorio de escaneo: C:/xampp/htdocs/UPMAPS/Maps/
Sistema FAILOVER: ACTIVO
==================================

[DEBUG-ZOMBIE] Liberando clients_mutex en debugPrintClients
[DEBUG-ZOMBIE] Iniciando cleanup de zombies...
[DEBUG-ZOMBIE] Intentando tomar clients_mutex para cleanup...
[DEBUG-ZOMBIE] Revisando 0 clientes...
[DEBUG-ZOMBIE] clients_mutex liberado en cleanup
[DEBUG-ZOMBIE] Enviando 0 PINGs...
[DEBUG-ZOMBIE] Limpiando 0 zombies...
[DEBUG-ZOMBIE] Cleanup de zombies completado
[DEBUG-ZOMBIE] Iniciando cleanup de zombies...
[DEBUG-ZOMBIE] Intentando tomar clients_mutex para cleanup...
[DEBUG-ZOMBIE] Revisando 0 clientes...
[DEBUG-ZOMBIE] clients_mutex liberado en cleanup
[DEBUG-ZOMBIE] Enviando 0 PINGs...
[DEBUG-ZOMBIE] Limpiando 0 zombies...
[DEBUG-ZOMBIE] Cleanup de zombies completado
[DEBUG-ZOMBIE] Iniciando cleanup de zombies...
[DEBUG-ZOMBIE] Intentando tomar clients_mutex para cleanup...
[DEBUG-ZOMBIE] Revisando 0 clientes...
[DEBUG-ZOMBIE] clients_mutex liberado en cleanup
[DEBUG-ZOMBIE] Enviando 0 PINGs...
[DEBUG-ZOMBIE] Limpiando 0 zombies...
[DEBUG-ZOMBIE] Cleanup de zombies completado
[DEBUG-ZOMBIE] Iniciando cleanup de zombies...
[DEBUG-ZOMBIE] Intentando tomar clients_mutex para cleanup...
[DEBUG-ZOMBIE] Revisando 0 clientes...
[DEBUG-ZOMBIE] clients_mutex liberado en cleanup
[DEBUG-ZOMBIE] Enviando 0 PINGs...
[DEBUG-ZOMBIE] Limpiando 0 zombies...
[DEBUG-ZOMBIE] Cleanup de zombies completado
[DEBUG-ZOMBIE] Intentando tomar clients_mutex en debugPrintClients...

=== DEBUG - ESTADO CLIENTES ===
Total clientes: 0
Total sesiones: 0
Mapas disponibles: 11
Directorio de escaneo: C:/xampp/htdocs/UPMAPS/Maps/
Sistema FAILOVER: ACTIVO
==================================

[DEBUG-ZOMBIE] Liberando clients_mutex en debugPrintClients
[DEBUG-ZOMBIE] Iniciando cleanup de zombies...
[DEBUG-ZOMBIE] Intentando tomar clients_mutex para cleanup...
[DEBUG-ZOMBIE] Revisando 0 clientes...
[DEBUG-ZOMBIE] clients_mutex liberado en cleanup
[DEBUG-ZOMBIE] Enviando 0 PINGs...
[DEBUG-ZOMBIE] Limpiando 0 zombies...
[DEBUG-ZOMBIE] Cleanup de zombies completado
[DEBUG-ZOMBIE] Iniciando cleanup de zombies...
[DEBUG-ZOMBIE] Intentando tomar clients_mutex para cleanup...
[DEBUG-ZOMBIE] Revisando 0 clientes...
[DEBUG-ZOMBIE] clients_mutex liberado en cleanup
[DEBUG-ZOMBIE] Enviando 0 PINGs...
[DEBUG-ZOMBIE] Limpiando 0 zombies...
[DEBUG-ZOMBIE] Cleanup de zombies completado
[DEBUG-ZOMBIE] Iniciando cleanup de zombies...
[DEBUG-ZOMBIE] Intentando tomar clients_mutex para cleanup...
[DEBUG-ZOMBIE] Revisando 0 clientes...
[DEBUG-ZOMBIE] clients_mutex liberado en cleanup
[DEBUG-ZOMBIE] Enviando 0 PINGs...
[DEBUG-ZOMBIE] Limpiando 0 zombies...
[DEBUG-ZOMBIE] Cleanup de zombies completado
[DEBUG-ZOMBIE] Iniciando cleanup de zombies...
[DEBUG-ZOMBIE] Intentando tomar clients_mutex para cleanup...
[DEBUG-ZOMBIE] Revisando 0 clientes...
[DEBUG-ZOMBIE] clients_mutex liberado en cleanup
[DEBUG-ZOMBIE] Enviando 0 PINGs...
[DEBUG-ZOMBIE] Limpiando 0 zombies...
[DEBUG-ZOMBIE] Cleanup de zombies completado
[DEBUG-ZOMBIE] Intentando tomar clients_mutex en debugPrintClients...

=== DEBUG - ESTADO CLIENTES ===
Total clientes: 0
Total sesiones: 0
Mapas disponibles: 11
Directorio de escaneo: C:/xampp/htdocs/UPMAPS/Maps/
Sistema FAILOVER: ACTIVO
==================================

[DEBUG-ZOMBIE] Liberando clients_mutex en debugPrintClients
[DEBUG-ZOMBIE] Iniciando cleanup de zombies...
[DEBUG-ZOMBIE] Intentando tomar clients_mutex para cleanup...
[DEBUG-ZOMBIE] Revisando 0 clientes...
[DEBUG-ZOMBIE] clients_mutex liberado en cleanup
[DEBUG-ZOMBIE] Enviando 0 PINGs...
[DEBUG-ZOMBIE] Limpiando 0 zombies...
[DEBUG-ZOMBIE] Cleanup de zombies completado
[DEBUG-ZOMBIE] Iniciando cleanup de zombies...
[DEBUG-ZOMBIE] Intentando tomar clients_mutex para cleanup...
[DEBUG-ZOMBIE] Revisando 0 clientes...
[DEBUG-ZOMBIE] clients_mutex liberado en cleanup
[DEBUG-ZOMBIE] Enviando 0 PINGs...
[DEBUG-ZOMBIE] Limpiando 0 zombies...
[DEBUG-ZOMBIE] Cleanup de zombies completado
[DEBUG-ZOMBIE] Iniciando cleanup de zombies...
[DEBUG-ZOMBIE] Intentando tomar clients_mutex para cleanup...
[DEBUG-ZOMBIE] Revisando 0 clientes...
[DEBUG-ZOMBIE] clients_mutex liberado en cleanup
[DEBUG-ZOMBIE] Enviando 0 PINGs...
[DEBUG-ZOMBIE] Limpiando 0 zombies...
[DEBUG-ZOMBIE] Cleanup de zombies completado
[DEBUG-ZOMBIE] Iniciando cleanup de zombies...
[DEBUG-ZOMBIE] Intentando tomar clients_mutex para cleanup...
[DEBUG-ZOMBIE] Revisando 0 clientes...
[DEBUG-ZOMBIE] clients_mutex liberado en cleanup
[DEBUG-ZOMBIE] Enviando 0 PINGs...
[DEBUG-ZOMBIE] Limpiando 0 zombies...
[DEBUG-ZOMBIE] Cleanup de zombies completado
[DEBUG-ZOMBIE] Intentando tomar clients_mutex en debugPrintClients...

=== DEBUG - ESTADO CLIENTES ===
Total clientes: 0
Total sesiones: 0
Mapas disponibles: 11
Directorio de escaneo: C:/xampp/htdocs/UPMAPS/Maps/
Sistema FAILOVER: ACTIVO
==================================

[DEBUG-ZOMBIE] Liberando clients_mutex en debugPrintClients
[DEBUG-ZOMBIE] Iniciando cleanup de zombies...
[DEBUG-ZOMBIE] Intentando tomar clients_mutex para cleanup...
[DEBUG-ZOMBIE] Revisando 0 clientes...
[DEBUG-ZOMBIE] clients_mutex liberado en cleanup
[DEBUG-ZOMBIE] Enviando 0 PINGs...
[DEBUG-ZOMBIE] Limpiando 0 zombies...
[DEBUG-ZOMBIE] Cleanup de zombies completado
[DEBUG-ZOMBIE] Iniciando cleanup de zombies...
[DEBUG-ZOMBIE] Intentando tomar clients_mutex para cleanup...
[DEBUG-ZOMBIE] Revisando 0 clientes...
[DEBUG-ZOMBIE] clients_mutex liberado en cleanup
[DEBUG-ZOMBIE] Enviando 0 PINGs...
[DEBUG-ZOMBIE] Limpiando 0 zombies...
[DEBUG-ZOMBIE] Cleanup de zombies completado
[DEBUG-ZOMBIE] Iniciando cleanup de zombies...
[DEBUG-ZOMBIE] Intentando tomar clients_mutex para cleanup...
[DEBUG-ZOMBIE] Revisando 0 clientes...
[DEBUG-ZOMBIE] clients_mutex liberado en cleanup
[DEBUG-ZOMBIE] Enviando 0 PINGs...
[DEBUG-ZOMBIE] Limpiando 0 zombies...
[DEBUG-ZOMBIE] Cleanup de zombies completado
[DEBUG-ZOMBIE] Iniciando cleanup de zombies...
[DEBUG-ZOMBIE] Intentando tomar clients_mutex para cleanup...
[DEBUG-ZOMBIE] Revisando 0 clientes...
[DEBUG-ZOMBIE] clients_mutex liberado en cleanup
[DEBUG-ZOMBIE] Enviando 0 PINGs...
[DEBUG-ZOMBIE] Limpiando 0 zombies...
[DEBUG-ZOMBIE] Cleanup de zombies completado
[DEBUG-ZOMBIE] Intentando tomar clients_mutex en debugPrintClients...

=== DEBUG - ESTADO CLIENTES ===
Total clientes: 0
Total sesiones: 0
Mapas disponibles: 11
Directorio de escaneo: C:/xampp/htdocs/UPMAPS/Maps/
Sistema FAILOVER: ACTIVO
==================================

[DEBUG-ZOMBIE] Liberando clients_mutex en debugPrintClients
[DEBUG-ZOMBIE] Iniciando cleanup de zombies...
[DEBUG-ZOMBIE] Intentando tomar clients_mutex para cleanup...
[DEBUG-ZOMBIE] Revisando 0 clientes...
[DEBUG-ZOMBIE] clients_mutex liberado en cleanup
[DEBUG-ZOMBIE] Enviando 0 PINGs...
[DEBUG-ZOMBIE] Limpiando 0 zombies...
[DEBUG-ZOMBIE] Cleanup de zombies completado
[DEBUG-ZOMBIE] Iniciando cleanup de zombies...
[DEBUG-ZOMBIE] Intentando tomar clients_mutex para cleanup...
[DEBUG-ZOMBIE] Revisando 0 clientes...
[DEBUG-ZOMBIE] clients_mutex liberado en cleanup
[DEBUG-ZOMBIE] Enviando 0 PINGs...
[DEBUG-ZOMBIE] Limpiando 0 zombies...
[DEBUG-ZOMBIE] Cleanup de zombies completado
[DEBUG-ZOMBIE] Iniciando cleanup de zombies...
[DEBUG-ZOMBIE] Intentando tomar clients_mutex para cleanup...
[DEBUG-ZOMBIE] Revisando 0 clientes...
[DEBUG-ZOMBIE] clients_mutex liberado en cleanup
[DEBUG-ZOMBIE] Enviando 0 PINGs...
[DEBUG-ZOMBIE] Limpiando 0 zombies...
[DEBUG-ZOMBIE] Cleanup de zombies completado
[DEBUG-ZOMBIE] Iniciando cleanup de zombies...
[DEBUG-ZOMBIE] Intentando tomar clients_mutex para cleanup...
[DEBUG-ZOMBIE] Revisando 0 clientes...
[DEBUG-ZOMBIE] clients_mutex liberado en cleanup
[DEBUG-ZOMBIE] Enviando 0 PINGs...
[DEBUG-ZOMBIE] Limpiando 0 zombies...
[DEBUG-ZOMBIE] Cleanup de zombies completado
[DEBUG-ZOMBIE] Intentando tomar clients_mutex en debugPrintClients...

=== DEBUG - ESTADO CLIENTES ===
Total clientes: 0
Total sesiones: 0
Mapas disponibles: 11
Directorio de escaneo: C:/xampp/htdocs/UPMAPS/Maps/
Sistema FAILOVER: ACTIVO
==================================

[DEBUG-ZOMBIE] Liberando clients_mutex en debugPrintClients
[DEBUG-ZOMBIE] Iniciando cleanup de zombies...
[DEBUG-ZOMBIE] Intentando tomar clients_mutex para cleanup...
[DEBUG-ZOMBIE] Revisando 0 clientes...
[DEBUG-ZOMBIE] clients_mutex liberado en cleanup
[DEBUG-ZOMBIE] Enviando 0 PINGs...
[DEBUG-ZOMBIE] Limpiando 0 zombies...
[DEBUG-ZOMBIE] Cleanup de zombies completado
[DEBUG-ZOMBIE] Iniciando cleanup de zombies...
[DEBUG-ZOMBIE] Intentando tomar clients_mutex para cleanup...
[DEBUG-ZOMBIE] Revisando 0 clientes...
[DEBUG-ZOMBIE] clients_mutex liberado en cleanup
[DEBUG-ZOMBIE] Enviando 0 PINGs...
[DEBUG-ZOMBIE] Limpiando 0 zombies...
[DEBUG-ZOMBIE] Cleanup de zombies completado
[DEBUG-ZOMBIE] Iniciando cleanup de zombies...
[DEBUG-ZOMBIE] Intentando tomar clients_mutex para cleanup...
[DEBUG-ZOMBIE] Revisando 0 clientes...
[DEBUG-ZOMBIE] clients_mutex liberado en cleanup
[DEBUG-ZOMBIE] Enviando 0 PINGs...
[DEBUG-ZOMBIE] Limpiando 0 zombies...
[DEBUG-ZOMBIE] Cleanup de zombies completado
[DEBUG-ZOMBIE] Iniciando cleanup de zombies...
[DEBUG-ZOMBIE] Intentando tomar clients_mutex para cleanup...
[DEBUG-ZOMBIE] Revisando 0 clientes...
[DEBUG-ZOMBIE] clients_mutex liberado en cleanup
[DEBUG-ZOMBIE] Enviando 0 PINGs...
[DEBUG-ZOMBIE] Limpiando 0 zombies...
[DEBUG-ZOMBIE] Cleanup de zombies completado
[DEBUG-ZOMBIE] Intentando tomar clients_mutex en debugPrintClients...

=== DEBUG - ESTADO CLIENTES ===
Total clientes: 0
Total sesiones: 0
Mapas disponibles: 11
Directorio de escaneo: C:/xampp/htdocs/UPMAPS/Maps/
Sistema FAILOVER: ACTIVO
==================================

[DEBUG-ZOMBIE] Liberando clients_mutex en debugPrintClients
[DEBUG-ZOMBIE] Iniciando cleanup de zombies...
[DEBUG-ZOMBIE] Intentando tomar clients_mutex para cleanup...
[DEBUG-ZOMBIE] Revisando 0 clientes...
[DEBUG-ZOMBIE] clients_mutex liberado en cleanup
[DEBUG-ZOMBIE] Enviando 0 PINGs...
[DEBUG-ZOMBIE] Limpiando 0 zombies...
[DEBUG-ZOMBIE] Cleanup de zombies completado
[DEBUG-ZOMBIE] Iniciando cleanup de zombies...
[DEBUG-ZOMBIE] Intentando tomar clients_mutex para cleanup...
[DEBUG-ZOMBIE] Revisando 0 clientes...
[DEBUG-ZOMBIE] clients_mutex liberado en cleanup
[DEBUG-ZOMBIE] Enviando 0 PINGs...
[DEBUG-ZOMBIE] Limpiando 0 zombies...
[DEBUG-ZOMBIE] Cleanup de zombies completado
[DEBUG-ZOMBIE] Iniciando cleanup de zombies...
[DEBUG-ZOMBIE] Intentando tomar clients_mutex para cleanup...
[DEBUG-ZOMBIE] Revisando 0 clientes...
[DEBUG-ZOMBIE] clients_mutex liberado en cleanup
[DEBUG-ZOMBIE] Enviando 0 PINGs...
[DEBUG-ZOMBIE] Limpiando 0 zombies...
[DEBUG-ZOMBIE] Cleanup de zombies completado
[DEBUG-ZOMBIE] Iniciando cleanup de zombies...
[DEBUG-ZOMBIE] Intentando tomar clients_mutex para cleanup...
[DEBUG-ZOMBIE] Revisando 0 clientes...
[DEBUG-ZOMBIE] clients_mutex liberado en cleanup
[DEBUG-ZOMBIE] Enviando 0 PINGs...
[DEBUG-ZOMBIE] Limpiando 0 zombies...
[DEBUG-ZOMBIE] Cleanup de zombies completado
[DEBUG-ZOMBIE] Intentando tomar clients_mutex en debugPrintClients...

=== DEBUG - ESTADO CLIENTES ===
Total clientes: 0
Total sesiones: 0
Mapas disponibles: 11
Directorio de escaneo: C:/xampp/htdocs/UPMAPS/Maps/
Sistema FAILOVER: ACTIVO
==================================

[DEBUG-ZOMBIE] Liberando clients_mutex en debugPrintClients
[DEBUG-ZOMBIE] Iniciando cleanup de zombies...
[DEBUG-ZOMBIE] Intentando tomar clients_mutex para cleanup...
[DEBUG-ZOMBIE] Revisando 0 clientes...
[DEBUG-ZOMBIE] clients_mutex liberado en cleanup
[DEBUG-ZOMBIE] Enviando 0 PINGs...
[DEBUG-ZOMBIE] Limpiando 0 zombies...
[DEBUG-ZOMBIE] Cleanup de zombies completado
[DEBUG-ZOMBIE] Iniciando cleanup de zombies...
[DEBUG-ZOMBIE] Intentando tomar clients_mutex para cleanup...
[DEBUG-ZOMBIE] Revisando 0 clientes...
[DEBUG-ZOMBIE] clients_mutex liberado en cleanup
[DEBUG-ZOMBIE] Enviando 0 PINGs...
[DEBUG-ZOMBIE] Limpiando 0 zombies...
[DEBUG-ZOMBIE] Cleanup de zombies completado
[DEBUG-ZOMBIE] Iniciando cleanup de zombies...
[DEBUG-ZOMBIE] Intentando tomar clients_mutex para cleanup...
[DEBUG-ZOMBIE] Revisando 0 clientes...
[DEBUG-ZOMBIE] clients_mutex liberado en cleanup
[DEBUG-ZOMBIE] Enviando 0 PINGs...
[DEBUG-ZOMBIE] Limpiando 0 zombies...
[DEBUG-ZOMBIE] Cleanup de zombies completado
[DEBUG-ZOMBIE] Iniciando cleanup de zombies...
[DEBUG-ZOMBIE] Intentando tomar clients_mutex para cleanup...
[DEBUG-ZOMBIE] Revisando 0 clientes...
[DEBUG-ZOMBIE] clients_mutex liberado en cleanup
[DEBUG-ZOMBIE] Enviando 0 PINGs...
[DEBUG-ZOMBIE] Limpiando 0 zombies...
[DEBUG-ZOMBIE] Cleanup de zombies completado
[DEBUG-ZOMBIE] Intentando tomar clients_mutex en debugPrintClients...

=== DEBUG - ESTADO CLIENTES ===
Total clientes: 0
Total sesiones: 0
Mapas disponibles: 11
Directorio de escaneo: C:/xampp/htdocs/UPMAPS/Maps/
Sistema FAILOVER: ACTIVO
==================================

[DEBUG-ZOMBIE] Liberando clients_mutex en debugPrintClients
[DEBUG-ZOMBIE] Iniciando cleanup de zombies...
[DEBUG-ZOMBIE] Intentando tomar clients_mutex para cleanup...
[DEBUG-ZOMBIE] Revisando 0 clientes...
[DEBUG-ZOMBIE] clients_mutex liberado en cleanup
[DEBUG-ZOMBIE] Enviando 0 PINGs...
[DEBUG-ZOMBIE] Limpiando 0 zombies...
[DEBUG-ZOMBIE] Cleanup de zombies completado
[DEBUG-ZOMBIE] Iniciando cleanup de zombies...
[DEBUG-ZOMBIE] Intentando tomar clients_mutex para cleanup...
[DEBUG-ZOMBIE] Revisando 0 clientes...
[DEBUG-ZOMBIE] clients_mutex liberado en cleanup
[DEBUG-ZOMBIE] Enviando 0 PINGs...
[DEBUG-ZOMBIE] Limpiando 0 zombies...
[DEBUG-ZOMBIE] Cleanup de zombies completado
[DEBUG-ZOMBIE] Iniciando cleanup de zombies...
[DEBUG-ZOMBIE] Intentando tomar clients_mutex para cleanup...
[DEBUG-ZOMBIE] Revisando 0 clientes...
[DEBUG-ZOMBIE] clients_mutex liberado en cleanup
[DEBUG-ZOMBIE] Enviando 0 PINGs...
[DEBUG-ZOMBIE] Limpiando 0 zombies...
[DEBUG-ZOMBIE] Cleanup de zombies completado
[DEBUG-ZOMBIE] Iniciando cleanup de zombies...
[DEBUG-ZOMBIE] Intentando tomar clients_mutex para cleanup...
[DEBUG-ZOMBIE] Revisando 0 clientes...
[DEBUG-ZOMBIE] clients_mutex liberado en cleanup
[DEBUG-ZOMBIE] Enviando 0 PINGs...
[DEBUG-ZOMBIE] Limpiando 0 zombies...
[DEBUG-ZOMBIE] Cleanup de zombies completado
[DEBUG-ZOMBIE] Intentando tomar clients_mutex en debugPrintClients...

=== DEBUG - ESTADO CLIENTES ===
Total clientes: 0
Total sesiones: 0
Mapas disponibles: 11
Directorio de escaneo: C:/xampp/htdocs/UPMAPS/Maps/
Sistema FAILOVER: ACTIVO
==================================

[DEBUG-ZOMBIE] Liberando clients_mutex en debugPrintClients
[DEBUG-ZOMBIE] Iniciando cleanup de zombies...
[DEBUG-ZOMBIE] Intentando tomar clients_mutex para cleanup...
[DEBUG-ZOMBIE] Revisando 0 clientes...
[DEBUG-ZOMBIE] clients_mutex liberado en cleanup
[DEBUG-ZOMBIE] Enviando 0 PINGs...
[DEBUG-ZOMBIE] Limpiando 0 zombies...
[DEBUG-ZOMBIE] Cleanup de zombies completado
[DEBUG-ZOMBIE] Iniciando cleanup de zombies...
[DEBUG-ZOMBIE] Intentando tomar clients_mutex para cleanup...
[DEBUG-ZOMBIE] Revisando 0 clientes...
[DEBUG-ZOMBIE] clients_mutex liberado en cleanup
[DEBUG-ZOMBIE] Enviando 0 PINGs...
[DEBUG-ZOMBIE] Limpiando 0 zombies...
[DEBUG-ZOMBIE] Cleanup de zombies completado
[DEBUG-ZOMBIE] Iniciando cleanup de zombies...
[DEBUG-ZOMBIE] Intentando tomar clients_mutex para cleanup...
[DEBUG-ZOMBIE] Revisando 0 clientes...
[DEBUG-ZOMBIE] clients_mutex liberado en cleanup
[DEBUG-ZOMBIE] Enviando 0 PINGs...
[DEBUG-ZOMBIE] Limpiando 0 zombies...
[DEBUG-ZOMBIE] Cleanup de zombies completado
[DEBUG-ZOMBIE] Iniciando cleanup de zombies...
[DEBUG-ZOMBIE] Intentando tomar clients_mutex para cleanup...
[DEBUG-ZOMBIE] Revisando 0 clientes...
[DEBUG-ZOMBIE] clients_mutex liberado en cleanup
[DEBUG-ZOMBIE] Enviando 0 PINGs...
[DEBUG-ZOMBIE] Limpiando 0 zombies...
[DEBUG-ZOMBIE] Cleanup de zombies completado
[DEBUG-ZOMBIE] Intentando tomar clients_mutex en debugPrintClients...

=== DEBUG - ESTADO CLIENTES ===
Total clientes: 0
Total sesiones: 0
Mapas disponibles: 11
Directorio de escaneo: C:/xampp/htdocs/UPMAPS/Maps/
Sistema FAILOVER: ACTIVO
==================================

[DEBUG-ZOMBIE] Liberando clients_mutex en debugPrintClients
[DEBUG-ZOMBIE] Iniciando cleanup de zombies...
[DEBUG-ZOMBIE] Intentando tomar clients_mutex para cleanup...
[DEBUG-ZOMBIE] Revisando 0 clientes...
[DEBUG-ZOMBIE] clients_mutex liberado en cleanup
[DEBUG-ZOMBIE] Enviando 0 PINGs...
[DEBUG-ZOMBIE] Limpiando 0 zombies...
[DEBUG-ZOMBIE] Cleanup de zombies completado
[DEBUG-ZOMBIE] Iniciando cleanup de zombies...
[DEBUG-ZOMBIE] Intentando tomar clients_mutex para cleanup...
[DEBUG-ZOMBIE] Revisando 0 clientes...
[DEBUG-ZOMBIE] clients_mutex liberado en cleanup
[DEBUG-ZOMBIE] Enviando 0 PINGs...
[DEBUG-ZOMBIE] Limpiando 0 zombies...
[DEBUG-ZOMBIE] Cleanup de zombies completado
[DEBUG-ZOMBIE] Iniciando cleanup de zombies...
[DEBUG-ZOMBIE] Intentando tomar clients_mutex para cleanup...
[DEBUG-ZOMBIE] Revisando 0 clientes...
[DEBUG-ZOMBIE] clients_mutex liberado en cleanup
[DEBUG-ZOMBIE] Enviando 0 PINGs...
[DEBUG-ZOMBIE] Limpiando 0 zombies...
[DEBUG-ZOMBIE] Cleanup de zombies completado
[DEBUG-ZOMBIE] Iniciando cleanup de zombies...
[DEBUG-ZOMBIE] Intentando tomar clients_mutex para cleanup...
[DEBUG-ZOMBIE] Revisando 0 clientes...
[DEBUG-ZOMBIE] clients_mutex liberado en cleanup
[DEBUG-ZOMBIE] Enviando 0 PINGs...
[DEBUG-ZOMBIE] Limpiando 0 zombies...
[DEBUG-ZOMBIE] Cleanup de zombies completado
[DEBUG-ZOMBIE] Intentando tomar clients_mutex en debugPrintClients...

=== DEBUG - ESTADO CLIENTES ===
Total clientes: 0
Total sesiones: 0
Mapas disponibles: 11
Directorio de escaneo: C:/xampp/htdocs/UPMAPS/Maps/
Sistema FAILOVER: ACTIVO
==================================

[DEBUG-ZOMBIE] Liberando clients_mutex en debugPrintClients
[DEBUG-ZOMBIE] Iniciando cleanup de zombies...
[DEBUG-ZOMBIE] Intentando tomar clients_mutex para cleanup...
[DEBUG-ZOMBIE] Revisando 0 clientes...
[DEBUG-ZOMBIE] clients_mutex liberado en cleanup
[DEBUG-ZOMBIE] Enviando 0 PINGs...
[DEBUG-ZOMBIE] Limpiando 0 zombies...
[DEBUG-ZOMBIE] Cleanup de zombies completado
[DEBUG-ZOMBIE] Iniciando cleanup de zombies...
[DEBUG-ZOMBIE] Intentando tomar clients_mutex para cleanup...
[DEBUG-ZOMBIE] Revisando 0 clientes...
[DEBUG-ZOMBIE] clients_mutex liberado en cleanup
[DEBUG-ZOMBIE] Enviando 0 PINGs...
[DEBUG-ZOMBIE] Limpiando 0 zombies...
[DEBUG-ZOMBIE] Cleanup de zombies completado
[DEBUG-ZOMBIE] Iniciando cleanup de zombies...
[DEBUG-ZOMBIE] Intentando tomar clients_mutex para cleanup...
[DEBUG-ZOMBIE] Revisando 0 clientes...
[DEBUG-ZOMBIE] clients_mutex liberado en cleanup
[DEBUG-ZOMBIE] Enviando 0 PINGs...
[DEBUG-ZOMBIE] Limpiando 0 zombies...
[DEBUG-ZOMBIE] Cleanup de zombies completado
[DEBUG-ZOMBIE] Iniciando cleanup de zombies...
[DEBUG-ZOMBIE] Intentando tomar clients_mutex para cleanup...
[DEBUG-ZOMBIE] Revisando 0 clientes...
[DEBUG-ZOMBIE] clients_mutex liberado en cleanup
[DEBUG-ZOMBIE] Enviando 0 PINGs...
[DEBUG-ZOMBIE] Limpiando 0 zombies...
[DEBUG-ZOMBIE] Cleanup de zombies completado
[DEBUG-ZOMBIE] Intentando tomar clients_mutex en debugPrintClients...

=== DEBUG - ESTADO CLIENTES ===
Total clientes: 0
Total sesiones: 0
Mapas disponibles: 11
Directorio de escaneo: C:/xampp/htdocs/UPMAPS/Maps/
Sistema FAILOVER: ACTIVO
==================================

[DEBUG-ZOMBIE] Liberando clients_mutex en debugPrintClients
[DEBUG-ZOMBIE] Iniciando cleanup de zombies...
[DEBUG-ZOMBIE] Intentando tomar clients_mutex para cleanup...
[DEBUG-ZOMBIE] Revisando 0 clientes...
[DEBUG-ZOMBIE] clients_mutex liberado en cleanup
[DEBUG-ZOMBIE] Enviando 0 PINGs...
[DEBUG-ZOMBIE] Limpiando 0 zombies...
[DEBUG-ZOMBIE] Cleanup de zombies completado
[DEBUG-ZOMBIE] Iniciando cleanup de zombies...
[DEBUG-ZOMBIE] Intentando tomar clients_mutex para cleanup...
[DEBUG-ZOMBIE] Revisando 0 clientes...
[DEBUG-ZOMBIE] clients_mutex liberado en cleanup
[DEBUG-ZOMBIE] Enviando 0 PINGs...
[DEBUG-ZOMBIE] Limpiando 0 zombies...
[DEBUG-ZOMBIE] Cleanup de zombies completado
[DEBUG-ZOMBIE] Iniciando cleanup de zombies...
[DEBUG-ZOMBIE] Intentando tomar clients_mutex para cleanup...
[DEBUG-ZOMBIE] Revisando 0 clientes...
[DEBUG-ZOMBIE] clients_mutex liberado en cleanup
[DEBUG-ZOMBIE] Enviando 0 PINGs...
[DEBUG-ZOMBIE] Limpiando 0 zombies...
[DEBUG-ZOMBIE] Cleanup de zombies completado
[DEBUG-ZOMBIE] Iniciando cleanup de zombies...
[DEBUG-ZOMBIE] Intentando tomar clients_mutex para cleanup...
[DEBUG-ZOMBIE] Revisando 0 clientes...
[DEBUG-ZOMBIE] clients_mutex liberado en cleanup
[DEBUG-ZOMBIE] Enviando 0 PINGs...
[DEBUG-ZOMBIE] Limpiando 0 zombies...
[DEBUG-ZOMBIE] Cleanup de zombies completado
[DEBUG-ZOMBIE] Intentando tomar clients_mutex en debugPrintClients...

=== DEBUG - ESTADO CLIENTES ===
Total clientes: 0
Total sesiones: 0
Mapas disponibles: 11
Directorio de escaneo: C:/xampp/htdocs/UPMAPS/Maps/
Sistema FAILOVER: ACTIVO
==================================

[DEBUG-ZOMBIE] Liberando clients_mutex en debugPrintClients
[DEBUG-ZOMBIE] Iniciando cleanup de zombies...
[DEBUG-ZOMBIE] Intentando tomar clients_mutex para cleanup...
[DEBUG-ZOMBIE] Revisando 0 clientes...
[DEBUG-ZOMBIE] clients_mutex liberado en cleanup
[DEBUG-ZOMBIE] Enviando 0 PINGs...
[DEBUG-ZOMBIE] Limpiando 0 zombies...
[DEBUG-ZOMBIE] Cleanup de zombies completado
[DEBUG-ZOMBIE] Iniciando cleanup de zombies...
[DEBUG-ZOMBIE] Intentando tomar clients_mutex para cleanup...
[DEBUG-ZOMBIE] Revisando 0 clientes...
[DEBUG-ZOMBIE] clients_mutex liberado en cleanup
[DEBUG-ZOMBIE] Enviando 0 PINGs...
[DEBUG-ZOMBIE] Limpiando 0 zombies...
[DEBUG-ZOMBIE] Cleanup de zombies completado
[DEBUG-ZOMBIE] Iniciando cleanup de zombies...
[DEBUG-ZOMBIE] Intentando tomar clients_mutex para cleanup...
[DEBUG-ZOMBIE] Revisando 0 clientes...
[DEBUG-ZOMBIE] clients_mutex liberado en cleanup
[DEBUG-ZOMBIE] Enviando 0 PINGs...
[DEBUG-ZOMBIE] Limpiando 0 zombies...
[DEBUG-ZOMBIE] Cleanup de zombies completado
[DEBUG-ZOMBIE] Iniciando cleanup de zombies...
[DEBUG-ZOMBIE] Intentando tomar clients_mutex para cleanup...
[DEBUG-ZOMBIE] Revisando 0 clientes...
[DEBUG-ZOMBIE] clients_mutex liberado en cleanup
[DEBUG-ZOMBIE] Enviando 0 PINGs...
[DEBUG-ZOMBIE] Limpiando 0 zombies...
[DEBUG-ZOMBIE] Cleanup de zombies completado
[DEBUG-ZOMBIE] Intentando tomar clients_mutex en debugPrintClients...

=== DEBUG - ESTADO CLIENTES ===
Total clientes: 0
Total sesiones: 0
Mapas disponibles: 11
Directorio de escaneo: C:/xampp/htdocs/UPMAPS/Maps/
Sistema FAILOVER: ACTIVO
==================================

[DEBUG-ZOMBIE] Liberando clients_mutex en debugPrintClients
[DEBUG-ZOMBIE] Iniciando cleanup de zombies...
[DEBUG-ZOMBIE] Intentando tomar clients_mutex para cleanup...
[DEBUG-ZOMBIE] Revisando 0 clientes...
[DEBUG-ZOMBIE] clients_mutex liberado en cleanup
[DEBUG-ZOMBIE] Enviando 0 PINGs...
[DEBUG-ZOMBIE] Limpiando 0 zombies...
[DEBUG-ZOMBIE] Cleanup de zombies completado
[DEBUG-ZOMBIE] Iniciando cleanup de zombies...
[DEBUG-ZOMBIE] Intentando tomar clients_mutex para cleanup...
[DEBUG-ZOMBIE] Revisando 0 clientes...
[DEBUG-ZOMBIE] clients_mutex liberado en cleanup
[DEBUG-ZOMBIE] Enviando 0 PINGs...
[DEBUG-ZOMBIE] Limpiando 0 zombies...
[DEBUG-ZOMBIE] Cleanup de zombies completado
[DEBUG-ZOMBIE] Iniciando cleanup de zombies...
[DEBUG-ZOMBIE] Intentando tomar clients_mutex para cleanup...
[DEBUG-ZOMBIE] Revisando 0 clientes...
[DEBUG-ZOMBIE] clients_mutex liberado en cleanup
[DEBUG-ZOMBIE] Enviando 0 PINGs...
[DEBUG-ZOMBIE] Limpiando 0 zombies...
[DEBUG-ZOMBIE] Cleanup de zombies completado
[DEBUG-ZOMBIE] Iniciando cleanup de zombies...
[DEBUG-ZOMBIE] Intentando tomar clients_mutex para cleanup...
[DEBUG-ZOMBIE] Revisando 0 clientes...
[DEBUG-ZOMBIE] clients_mutex liberado en cleanup
[DEBUG-ZOMBIE] Enviando 0 PINGs...
[DEBUG-ZOMBIE] Limpiando 0 zombies...
[DEBUG-ZOMBIE] Cleanup de zombies completado
[DEBUG-ZOMBIE] Intentando tomar clients_mutex en debugPrintClients...

=== DEBUG - ESTADO CLIENTES ===
Total clientes: 0
Total sesiones: 0
Mapas disponibles: 11
Directorio de escaneo: C:/xampp/htdocs/UPMAPS/Maps/
Sistema FAILOVER: ACTIVO
==================================

[DEBUG-ZOMBIE] Liberando clients_mutex en debugPrintClients
[DEBUG-ZOMBIE] Iniciando cleanup de zombies...
[DEBUG-ZOMBIE] Intentando tomar clients_mutex para cleanup...
[DEBUG-ZOMBIE] Revisando 0 clientes...
[DEBUG-ZOMBIE] clients_mutex liberado en cleanup
[DEBUG-ZOMBIE] Enviando 0 PINGs...
[DEBUG-ZOMBIE] Limpiando 0 zombies...
[DEBUG-ZOMBIE] Cleanup de zombies completado
[DEBUG-ZOMBIE] Iniciando cleanup de zombies...
[DEBUG-ZOMBIE] Intentando tomar clients_mutex para cleanup...
[DEBUG-ZOMBIE] Revisando 0 clientes...
[DEBUG-ZOMBIE] clients_mutex liberado en cleanup
[DEBUG-ZOMBIE] Enviando 0 PINGs...
[DEBUG-ZOMBIE] Limpiando 0 zombies...
[DEBUG-ZOMBIE] Cleanup de zombies completado
[DEBUG-ZOMBIE] Iniciando cleanup de zombies...
[DEBUG-ZOMBIE] Intentando tomar clients_mutex para cleanup...
[DEBUG-ZOMBIE] Revisando 0 clientes...
[DEBUG-ZOMBIE] clients_mutex liberado en cleanup
[DEBUG-ZOMBIE] Enviando 0 PINGs...
[DEBUG-ZOMBIE] Limpiando 0 zombies...
[DEBUG-ZOMBIE] Cleanup de zombies completado
[DEBUG-ZOMBIE] Iniciando cleanup de zombies...
[DEBUG-ZOMBIE] Intentando tomar clients_mutex para cleanup...
[DEBUG-ZOMBIE] Revisando 0 clientes...
[DEBUG-ZOMBIE] clients_mutex liberado en cleanup
[DEBUG-ZOMBIE] Enviando 0 PINGs...
[DEBUG-ZOMBIE] Limpiando 0 zombies...
[DEBUG-ZOMBIE] Cleanup de zombies completado
[DEBUG-ZOMBIE] Intentando tomar clients_mutex en debugPrintClients...

=== DEBUG - ESTADO CLIENTES ===
Total clientes: 0
Total sesiones: 0
Mapas disponibles: 11
Directorio de escaneo: C:/xampp/htdocs/UPMAPS/Maps/
Sistema FAILOVER: ACTIVO
==================================

[DEBUG-ZOMBIE] Liberando clients_mutex en debugPrintClients
[DEBUG-ZOMBIE] Iniciando cleanup de zombies...
[DEBUG-ZOMBIE] Intentando tomar clients_mutex para cleanup...
[DEBUG-ZOMBIE] Revisando 0 clientes...
[DEBUG-ZOMBIE] clients_mutex liberado en cleanup
[DEBUG-ZOMBIE] Enviando 0 PINGs...
[DEBUG-ZOMBIE] Limpiando 0 zombies...
[DEBUG-ZOMBIE] Cleanup de zombies completado
[DEBUG-ZOMBIE] Iniciando cleanup de zombies...
[DEBUG-ZOMBIE] Intentando tomar clients_mutex para cleanup...
[DEBUG-ZOMBIE] Revisando 0 clientes...
[DEBUG-ZOMBIE] clients_mutex liberado en cleanup
[DEBUG-ZOMBIE] Enviando 0 PINGs...
[DEBUG-ZOMBIE] Limpiando 0 zombies...
[DEBUG-ZOMBIE] Cleanup de zombies completado
[DEBUG-ZOMBIE] Iniciando cleanup de zombies...
[DEBUG-ZOMBIE] Intentando tomar clients_mutex para cleanup...
[DEBUG-ZOMBIE] Revisando 0 clientes...
[DEBUG-ZOMBIE] clients_mutex liberado en cleanup
[DEBUG-ZOMBIE] Enviando 0 PINGs...
[DEBUG-ZOMBIE] Limpiando 0 zombies...
[DEBUG-ZOMBIE] Cleanup de zombies completado
[DEBUG-ZOMBIE] Iniciando cleanup de zombies...
[DEBUG-ZOMBIE] Intentando tomar clients_mutex para cleanup...
[DEBUG-ZOMBIE] Revisando 0 clientes...
[DEBUG-ZOMBIE] clients_mutex liberado en cleanup
[DEBUG-ZOMBIE] Enviando 0 PINGs...
[DEBUG-ZOMBIE] Limpiando 0 zombies...
[DEBUG-ZOMBIE] Cleanup de zombies completado
[DEBUG-ZOMBIE] Intentando tomar clients_mutex en debugPrintClients...

=== DEBUG - ESTADO CLIENTES ===
Total clientes: 0
Total sesiones: 0
Mapas disponibles: 11
Directorio de escaneo: C:/xampp/htdocs/UPMAPS/Maps/
Sistema FAILOVER: ACTIVO
==================================

[DEBUG-ZOMBIE] Liberando clients_mutex en debugPrintClients
[DEBUG-ZOMBIE] Iniciando cleanup de zombies...
[DEBUG-ZOMBIE] Intentando tomar clients_mutex para cleanup...
[DEBUG-ZOMBIE] Revisando 0 clientes...
[DEBUG-ZOMBIE] clients_mutex liberado en cleanup
[DEBUG-ZOMBIE] Enviando 0 PINGs...
[DEBUG-ZOMBIE] Limpiando 0 zombies...
[DEBUG-ZOMBIE] Cleanup de zombies completado
[DEBUG-ZOMBIE] Iniciando cleanup de zombies...
[DEBUG-ZOMBIE] Intentando tomar clients_mutex para cleanup...
[DEBUG-ZOMBIE] Revisando 0 clientes...
[DEBUG-ZOMBIE] clients_mutex liberado en cleanup
[DEBUG-ZOMBIE] Enviando 0 PINGs...
[DEBUG-ZOMBIE] Limpiando 0 zombies...
[DEBUG-ZOMBIE] Cleanup de zombies completado
[DEBUG-ZOMBIE] Iniciando cleanup de zombies...
[DEBUG-ZOMBIE] Intentando tomar clients_mutex para cleanup...
[DEBUG-ZOMBIE] Revisando 0 clientes...
[DEBUG-ZOMBIE] clients_mutex liberado en cleanup
[DEBUG-ZOMBIE] Enviando 0 PINGs...
[DEBUG-ZOMBIE] Limpiando 0 zombies...
[DEBUG-ZOMBIE] Cleanup de zombies completado
[DEBUG-ZOMBIE] Iniciando cleanup de zombies...
[DEBUG-ZOMBIE] Intentando tomar clients_mutex para cleanup...
[DEBUG-ZOMBIE] Revisando 0 clientes...
[DEBUG-ZOMBIE] clients_mutex liberado en cleanup
[DEBUG-ZOMBIE] Enviando 0 PINGs...
[DEBUG-ZOMBIE] Limpiando 0 zombies...
[DEBUG-ZOMBIE] Cleanup de zombies completado
[DEBUG-ZOMBIE] Intentando tomar clients_mutex en debugPrintClients...

=== DEBUG - ESTADO CLIENTES ===
Total clientes: 0
Total sesiones: 0
Mapas disponibles: 11
Directorio de escaneo: C:/xampp/htdocs/UPMAPS/Maps/
Sistema FAILOVER: ACTIVO
==================================

[DEBUG-ZOMBIE] Liberando clients_mutex en debugPrintClients
[DEBUG-ZOMBIE] Iniciando cleanup de zombies...
[DEBUG-ZOMBIE] Intentando tomar clients_mutex para cleanup...
[DEBUG-ZOMBIE] Revisando 0 clientes...
[DEBUG-ZOMBIE] clients_mutex liberado en cleanup
[DEBUG-ZOMBIE] Enviando 0 PINGs...
[DEBUG-ZOMBIE] Limpiando 0 zombies...
[DEBUG-ZOMBIE] Cleanup de zombies completado
[DEBUG-ZOMBIE] Iniciando cleanup de zombies...
[DEBUG-ZOMBIE] Intentando tomar clients_mutex para cleanup...
[DEBUG-ZOMBIE] Revisando 0 clientes...
[DEBUG-ZOMBIE] clients_mutex liberado en cleanup
[DEBUG-ZOMBIE] Enviando 0 PINGs...
[DEBUG-ZOMBIE] Limpiando 0 zombies...
[DEBUG-ZOMBIE] Cleanup de zombies completado
[DEBUG-ZOMBIE] Iniciando cleanup de zombies...
[DEBUG-ZOMBIE] Intentando tomar clients_mutex para cleanup...
[DEBUG-ZOMBIE] Revisando 0 clientes...
[DEBUG-ZOMBIE] clients_mutex liberado en cleanup
[DEBUG-ZOMBIE] Enviando 0 PINGs...
[DEBUG-ZOMBIE] Limpiando 0 zombies...
[DEBUG-ZOMBIE] Cleanup de zombies completado
[DEBUG-ZOMBIE] Iniciando cleanup de zombies...
[DEBUG-ZOMBIE] Intentando tomar clients_mutex para cleanup...
[DEBUG-ZOMBIE] Revisando 0 clientes...
[DEBUG-ZOMBIE] clients_mutex liberado en cleanup
[DEBUG-ZOMBIE] Enviando 0 PINGs...
[DEBUG-ZOMBIE] Limpiando 0 zombies...
[DEBUG-ZOMBIE] Cleanup de zombies completado
[DEBUG-ZOMBIE] Intentando tomar clients_mutex en debugPrintClients...

=== DEBUG - ESTADO CLIENTES ===
Total clientes: 0
Total sesiones: 0
Mapas disponibles: 11
Directorio de escaneo: C:/xampp/htdocs/UPMAPS/Maps/
Sistema FAILOVER: ACTIVO
==================================

[DEBUG-ZOMBIE] Liberando clients_mutex en debugPrintClients
[DEBUG-ZOMBIE] Iniciando cleanup de zombies...
[DEBUG-ZOMBIE] Intentando tomar clients_mutex para cleanup...
[DEBUG-ZOMBIE] Revisando 0 clientes...
[DEBUG-ZOMBIE] clients_mutex liberado en cleanup
[DEBUG-ZOMBIE] Enviando 0 PINGs...
[DEBUG-ZOMBIE] Limpiando 0 zombies...
[DEBUG-ZOMBIE] Cleanup de zombies completado
[DEBUG-ZOMBIE] Iniciando cleanup de zombies...
[DEBUG-ZOMBIE] Intentando tomar clients_mutex para cleanup...
[DEBUG-ZOMBIE] Revisando 0 clientes...
[DEBUG-ZOMBIE] clients_mutex liberado en cleanup
[DEBUG-ZOMBIE] Enviando 0 PINGs...
[DEBUG-ZOMBIE] Limpiando 0 zombies...
[DEBUG-ZOMBIE] Cleanup de zombies completado
[DEBUG-ZOMBIE] Iniciando cleanup de zombies...
[DEBUG-ZOMBIE] Intentando tomar clients_mutex para cleanup...
[DEBUG-ZOMBIE] Revisando 0 clientes...
[DEBUG-ZOMBIE] clients_mutex liberado en cleanup
[DEBUG-ZOMBIE] Enviando 0 PINGs...
[DEBUG-ZOMBIE] Limpiando 0 zombies...
[DEBUG-ZOMBIE] Cleanup de zombies completado
[DEBUG-ZOMBIE] Iniciando cleanup de zombies...
[DEBUG-ZOMBIE] Intentando tomar clients_mutex para cleanup...
[DEBUG-ZOMBIE] Revisando 0 clientes...
[DEBUG-ZOMBIE] clients_mutex liberado en cleanup
[DEBUG-ZOMBIE] Enviando 0 PINGs...
[DEBUG-ZOMBIE] Limpiando 0 zombies...
[DEBUG-ZOMBIE] Cleanup de zombies completado
[DEBUG-ZOMBIE] Intentando tomar clients_mutex en debugPrintClients...

=== DEBUG - ESTADO CLIENTES ===
Total clientes: 0
Total sesiones: 0
Mapas disponibles: 11
Directorio de escaneo: C:/xampp/htdocs/UPMAPS/Maps/
Sistema FAILOVER: ACTIVO
==================================

[DEBUG-ZOMBIE] Liberando clients_mutex en debugPrintClients
[DEBUG-ZOMBIE] Iniciando cleanup de zombies...
[DEBUG-ZOMBIE] Intentando tomar clients_mutex para cleanup...
[DEBUG-ZOMBIE] Revisando 0 clientes...
[DEBUG-ZOMBIE] clients_mutex liberado en cleanup
[DEBUG-ZOMBIE] Enviando 0 PINGs...
[DEBUG-ZOMBIE] Limpiando 0 zombies...
[DEBUG-ZOMBIE] Cleanup de zombies completado
[DEBUG-ZOMBIE] Iniciando cleanup de zombies...
[DEBUG-ZOMBIE] Intentando tomar clients_mutex para cleanup...
[DEBUG-ZOMBIE] Revisando 0 clientes...
[DEBUG-ZOMBIE] clients_mutex liberado en cleanup
[DEBUG-ZOMBIE] Enviando 0 PINGs...
[DEBUG-ZOMBIE] Limpiando 0 zombies...
[DEBUG-ZOMBIE] Cleanup de zombies completado
[DEBUG-ZOMBIE] Iniciando cleanup de zombies...
[DEBUG-ZOMBIE] Intentando tomar clients_mutex para cleanup...
[DEBUG-ZOMBIE] Revisando 0 clientes...
[DEBUG-ZOMBIE] clients_mutex liberado en cleanup
[DEBUG-ZOMBIE] Enviando 0 PINGs...
[DEBUG-ZOMBIE] Limpiando 0 zombies...
[DEBUG-ZOMBIE] Cleanup de zombies completado
[DEBUG-ZOMBIE] Iniciando cleanup de zombies...
[DEBUG-ZOMBIE] Intentando tomar clients_mutex para cleanup...
[DEBUG-ZOMBIE] Revisando 0 clientes...
[DEBUG-ZOMBIE] clients_mutex liberado en cleanup
[DEBUG-ZOMBIE] Enviando 0 PINGs...
[DEBUG-ZOMBIE] Limpiando 0 zombies...
[DEBUG-ZOMBIE] Cleanup de zombies completado
[DEBUG-ZOMBIE] Intentando tomar clients_mutex en debugPrintClients...

=== DEBUG - ESTADO CLIENTES ===
Total clientes: 0
Total sesiones: 0
Mapas disponibles: 11
Directorio de escaneo: C:/xampp/htdocs/UPMAPS/Maps/
Sistema FAILOVER: ACTIVO
==================================

[DEBUG-ZOMBIE] Liberando clients_mutex en debugPrintClients
[DEBUG-ZOMBIE] Iniciando cleanup de zombies...
[DEBUG-ZOMBIE] Intentando tomar clients_mutex para cleanup...
[DEBUG-ZOMBIE] Revisando 0 clientes...
[DEBUG-ZOMBIE] clients_mutex liberado en cleanup
[DEBUG-ZOMBIE] Enviando 0 PINGs...
[DEBUG-ZOMBIE] Limpiando 0 zombies...
[DEBUG-ZOMBIE] Cleanup de zombies completado
[DEBUG-ZOMBIE] Iniciando cleanup de zombies...
[DEBUG-ZOMBIE] Intentando tomar clients_mutex para cleanup...
[DEBUG-ZOMBIE] Revisando 0 clientes...
[DEBUG-ZOMBIE] clients_mutex liberado en cleanup
[DEBUG-ZOMBIE] Enviando 0 PINGs...
[DEBUG-ZOMBIE] Limpiando 0 zombies...
[DEBUG-ZOMBIE] Cleanup de zombies completado
[DEBUG-ZOMBIE] Iniciando cleanup de zombies...
[DEBUG-ZOMBIE] Intentando tomar clients_mutex para cleanup...
[DEBUG-ZOMBIE] Revisando 0 clientes...
[DEBUG-ZOMBIE] clients_mutex liberado en cleanup
[DEBUG-ZOMBIE] Enviando 0 PINGs...
[DEBUG-ZOMBIE] Limpiando 0 zombies...
[DEBUG-ZOMBIE] Cleanup de zombies completado
[DEBUG-ZOMBIE] Iniciando cleanup de zombies...
[DEBUG-ZOMBIE] Intentando tomar clients_mutex para cleanup...
[DEBUG-ZOMBIE] Revisando 0 clientes...
[DEBUG-ZOMBIE] clients_mutex liberado en cleanup
[DEBUG-ZOMBIE] Enviando 0 PINGs...
[DEBUG-ZOMBIE] Limpiando 0 zombies...
[DEBUG-ZOMBIE] Cleanup de zombies completado
[DEBUG-ZOMBIE] Intentando tomar clients_mutex en debugPrintClients...

=== DEBUG - ESTADO CLIENTES ===
Total clientes: 0
Total sesiones: 0
Mapas disponibles: 11
Directorio de escaneo: C:/xampp/htdocs/UPMAPS/Maps/
Sistema FAILOVER: ACTIVO
==================================

[DEBUG-ZOMBIE] Liberando clients_mutex en debugPrintClients
[DEBUG-ZOMBIE] Iniciando cleanup de zombies...
[DEBUG-ZOMBIE] Intentando tomar clients_mutex para cleanup...
[DEBUG-ZOMBIE] Revisando 0 clientes...
[DEBUG-ZOMBIE] clients_mutex liberado en cleanup
[DEBUG-ZOMBIE] Enviando 0 PINGs...
[DEBUG-ZOMBIE] Limpiando 0 zombies...
[DEBUG-ZOMBIE] Cleanup de zombies completado
[DEBUG-ZOMBIE] Iniciando cleanup de zombies...
[DEBUG-ZOMBIE] Intentando tomar clients_mutex para cleanup...
[DEBUG-ZOMBIE] Revisando 0 clientes...
[DEBUG-ZOMBIE] clients_mutex liberado en cleanup
[DEBUG-ZOMBIE] Enviando 0 PINGs...
[DEBUG-ZOMBIE] Limpiando 0 zombies...
[DEBUG-ZOMBIE] Cleanup de zombies completado
[DEBUG-ZOMBIE] Iniciando cleanup de zombies...
[DEBUG-ZOMBIE] Intentando tomar clients_mutex para cleanup...
[DEBUG-ZOMBIE] Revisando 0 clientes...
[DEBUG-ZOMBIE] clients_mutex liberado en cleanup
[DEBUG-ZOMBIE] Enviando 0 PINGs...
[DEBUG-ZOMBIE] Limpiando 0 zombies...
[DEBUG-ZOMBIE] Cleanup de zombies completado
[DEBUG-ZOMBIE] Iniciando cleanup de zombies...
[DEBUG-ZOMBIE] Intentando tomar clients_mutex para cleanup...
[DEBUG-ZOMBIE] Revisando 0 clientes...
[DEBUG-ZOMBIE] clients_mutex liberado en cleanup
[DEBUG-ZOMBIE] Enviando 0 PINGs...
[DEBUG-ZOMBIE] Limpiando 0 zombies...
[DEBUG-ZOMBIE] Cleanup de zombies completado
[DEBUG-ZOMBIE] Intentando tomar clients_mutex en debugPrintClients...

=== DEBUG - ESTADO CLIENTES ===
Total clientes: 0
Total sesiones: 0
Mapas disponibles: 11
Directorio de escaneo: C:/xampp/htdocs/UPMAPS/Maps/
Sistema FAILOVER: ACTIVO
==================================

[DEBUG-ZOMBIE] Liberando clients_mutex en debugPrintClients
[DEBUG-ZOMBIE] Iniciando cleanup de zombies...
[DEBUG-ZOMBIE] Intentando tomar clients_mutex para cleanup...
[DEBUG-ZOMBIE] Revisando 0 clientes...
[DEBUG-ZOMBIE] clients_mutex liberado en cleanup
[DEBUG-ZOMBIE] Enviando 0 PINGs...
[DEBUG-ZOMBIE] Limpiando 0 zombies...
[DEBUG-ZOMBIE] Cleanup de zombies completado
[DEBUG-ZOMBIE] Iniciando cleanup de zombies...
[DEBUG-ZOMBIE] Intentando tomar clients_mutex para cleanup...
[DEBUG-ZOMBIE] Revisando 0 clientes...
[DEBUG-ZOMBIE] clients_mutex liberado en cleanup
[DEBUG-ZOMBIE] Enviando 0 PINGs...
[DEBUG-ZOMBIE] Limpiando 0 zombies...
[DEBUG-ZOMBIE] Cleanup de zombies completado
[DEBUG-ZOMBIE] Iniciando cleanup de zombies...
[DEBUG-ZOMBIE] Intentando tomar clients_mutex para cleanup...
[DEBUG-ZOMBIE] Revisando 0 clientes...
[DEBUG-ZOMBIE] clients_mutex liberado en cleanup
[DEBUG-ZOMBIE] Enviando 0 PINGs...
[DEBUG-ZOMBIE] Limpiando 0 zombies...
[DEBUG-ZOMBIE] Cleanup de zombies completado
[DEBUG-ZOMBIE] Iniciando cleanup de zombies...
[DEBUG-ZOMBIE] Intentando tomar clients_mutex para cleanup...
[DEBUG-ZOMBIE] Revisando 0 clientes...
[DEBUG-ZOMBIE] clients_mutex liberado en cleanup
[DEBUG-ZOMBIE] Enviando 0 PINGs...
[DEBUG-ZOMBIE] Limpiando 0 zombies...
[DEBUG-ZOMBIE] Cleanup de zombies completado
[DEBUG-ZOMBIE] Intentando tomar clients_mutex en debugPrintClients...

=== DEBUG - ESTADO CLIENTES ===
Total clientes: 0
Total sesiones: 0
Mapas disponibles: 11
Directorio de escaneo: C:/xampp/htdocs/UPMAPS/Maps/
Sistema FAILOVER: ACTIVO
==================================

[DEBUG-ZOMBIE] Liberando clients_mutex en debugPrintClients
[DEBUG-ZOMBIE] Iniciando cleanup de zombies...
[DEBUG-ZOMBIE] Intentando tomar clients_mutex para cleanup...
[DEBUG-ZOMBIE] Revisando 0 clientes...
[DEBUG-ZOMBIE] clients_mutex liberado en cleanup
[DEBUG-ZOMBIE] Enviando 0 PINGs...
[DEBUG-ZOMBIE] Limpiando 0 zombies...
[DEBUG-ZOMBIE] Cleanup de zombies completado
[DEBUG-ZOMBIE] Iniciando cleanup de zombies...
[DEBUG-ZOMBIE] Intentando tomar clients_mutex para cleanup...
[DEBUG-ZOMBIE] Revisando 0 clientes...
[DEBUG-ZOMBIE] clients_mutex liberado en cleanup
[DEBUG-ZOMBIE] Enviando 0 PINGs...
[DEBUG-ZOMBIE] Limpiando 0 zombies...
[DEBUG-ZOMBIE] Cleanup de zombies completado
[DEBUG-ZOMBIE] Iniciando cleanup de zombies...
[DEBUG-ZOMBIE] Intentando tomar clients_mutex para cleanup...
[DEBUG-ZOMBIE] Revisando 0 clientes...
[DEBUG-ZOMBIE] clients_mutex liberado en cleanup
[DEBUG-ZOMBIE] Enviando 0 PINGs...
[DEBUG-ZOMBIE] Limpiando 0 zombies...
[DEBUG-ZOMBIE] Cleanup de zombies completado
[DEBUG-ZOMBIE] Iniciando cleanup de zombies...
[DEBUG-ZOMBIE] Intentando tomar clients_mutex para cleanup...
[DEBUG-ZOMBIE] Revisando 0 clientes...
[DEBUG-ZOMBIE] clients_mutex liberado en cleanup
[DEBUG-ZOMBIE] Enviando 0 PINGs...
[DEBUG-ZOMBIE] Limpiando 0 zombies...
[DEBUG-ZOMBIE] Cleanup de zombies completado
[DEBUG-ZOMBIE] Intentando tomar clients_mutex en debugPrintClients...

=== DEBUG - ESTADO CLIENTES ===
Total clientes: 0
Total sesiones: 0
Mapas disponibles: 11
Directorio de escaneo: C:/xampp/htdocs/UPMAPS/Maps/
Sistema FAILOVER: ACTIVO
==================================

[DEBUG-ZOMBIE] Liberando clients_mutex en debugPrintClients
[DEBUG-ZOMBIE] Iniciando cleanup de zombies...
[DEBUG-ZOMBIE] Intentando tomar clients_mutex para cleanup...
[DEBUG-ZOMBIE] Revisando 0 clientes...
[DEBUG-ZOMBIE] clients_mutex liberado en cleanup
[DEBUG-ZOMBIE] Enviando 0 PINGs...
[DEBUG-ZOMBIE] Limpiando 0 zombies...
[DEBUG-ZOMBIE] Cleanup de zombies completado
[DEBUG-ZOMBIE] Iniciando cleanup de zombies...
[DEBUG-ZOMBIE] Intentando tomar clients_mutex para cleanup...
[DEBUG-ZOMBIE] Revisando 0 clientes...
[DEBUG-ZOMBIE] clients_mutex liberado en cleanup
[DEBUG-ZOMBIE] Enviando 0 PINGs...
[DEBUG-ZOMBIE] Limpiando 0 zombies...
[DEBUG-ZOMBIE] Cleanup de zombies completado
[DEBUG-ZOMBIE] Iniciando cleanup de zombies...
[DEBUG-ZOMBIE] Intentando tomar clients_mutex para cleanup...
[DEBUG-ZOMBIE] Revisando 0 clientes...
[DEBUG-ZOMBIE] clients_mutex liberado en cleanup
[DEBUG-ZOMBIE] Enviando 0 PINGs...
[DEBUG-ZOMBIE] Limpiando 0 zombies...
[DEBUG-ZOMBIE] Cleanup de zombies completado
[DEBUG-ZOMBIE] Iniciando cleanup de zombies...
[DEBUG-ZOMBIE] Intentando tomar clients_mutex para cleanup...
[DEBUG-ZOMBIE] Revisando 0 clientes...
[DEBUG-ZOMBIE] clients_mutex liberado en cleanup
[DEBUG-ZOMBIE] Enviando 0 PINGs...
[DEBUG-ZOMBIE] Limpiando 0 zombies...
[DEBUG-ZOMBIE] Cleanup de zombies completado
[DEBUG-ZOMBIE] Intentando tomar clients_mutex en debugPrintClients...

=== DEBUG - ESTADO CLIENTES ===
Total clientes: 0
Total sesiones: 0
Mapas disponibles: 11
Directorio de escaneo: C:/xampp/htdocs/UPMAPS/Maps/
Sistema FAILOVER: ACTIVO
==================================

[DEBUG-ZOMBIE] Liberando clients_mutex en debugPrintClients
[DEBUG-ZOMBIE] Iniciando cleanup de zombies...
[DEBUG-ZOMBIE] Intentando tomar clients_mutex para cleanup...
[DEBUG-ZOMBIE] Revisando 0 clientes...
[DEBUG-ZOMBIE] clients_mutex liberado en cleanup
[DEBUG-ZOMBIE] Enviando 0 PINGs...
[DEBUG-ZOMBIE] Limpiando 0 zombies...
[DEBUG-ZOMBIE] Cleanup de zombies completado
[DEBUG-ZOMBIE] Iniciando cleanup de zombies...
[DEBUG-ZOMBIE] Intentando tomar clients_mutex para cleanup...
[DEBUG-ZOMBIE] Revisando 0 clientes...
[DEBUG-ZOMBIE] clients_mutex liberado en cleanup
[DEBUG-ZOMBIE] Enviando 0 PINGs...
[DEBUG-ZOMBIE] Limpiando 0 zombies...
[DEBUG-ZOMBIE] Cleanup de zombies completado
[DEBUG-ZOMBIE] Iniciando cleanup de zombies...
[DEBUG-ZOMBIE] Intentando tomar clients_mutex para cleanup...
[DEBUG-ZOMBIE] Revisando 0 clientes...
[DEBUG-ZOMBIE] clients_mutex liberado en cleanup
[DEBUG-ZOMBIE] Enviando 0 PINGs...
[DEBUG-ZOMBIE] Limpiando 0 zombies...
[DEBUG-ZOMBIE] Cleanup de zombies completado
[DEBUG-ZOMBIE] Iniciando cleanup de zombies...
[DEBUG-ZOMBIE] Intentando tomar clients_mutex para cleanup...
[DEBUG-ZOMBIE] Revisando 0 clientes...
[DEBUG-ZOMBIE] clients_mutex liberado en cleanup
[DEBUG-ZOMBIE] Enviando 0 PINGs...
[DEBUG-ZOMBIE] Limpiando 0 zombies...
[DEBUG-ZOMBIE] Cleanup de zombies completado
[DEBUG-ZOMBIE] Intentando tomar clients_mutex en debugPrintClients...

=== DEBUG - ESTADO CLIENTES ===
Total clientes: 0
Total sesiones: 0
Mapas disponibles: 11
Directorio de escaneo: C:/xampp/htdocs/UPMAPS/Maps/
Sistema FAILOVER: ACTIVO
==================================

[DEBUG-ZOMBIE] Liberando clients_mutex en debugPrintClients
[DEBUG-ZOMBIE] Iniciando cleanup de zombies...
[DEBUG-ZOMBIE] Intentando tomar clients_mutex para cleanup...
[DEBUG-ZOMBIE] Revisando 0 clientes...
[DEBUG-ZOMBIE] clients_mutex liberado en cleanup
[DEBUG-ZOMBIE] Enviando 0 PINGs...
[DEBUG-ZOMBIE] Limpiando 0 zombies...
[DEBUG-ZOMBIE] Cleanup de zombies completado
[DEBUG-ZOMBIE] Iniciando cleanup de zombies...
[DEBUG-ZOMBIE] Intentando tomar clients_mutex para cleanup...
[DEBUG-ZOMBIE] Revisando 0 clientes...
[DEBUG-ZOMBIE] clients_mutex liberado en cleanup
[DEBUG-ZOMBIE] Enviando 0 PINGs...
[DEBUG-ZOMBIE] Limpiando 0 zombies...
[DEBUG-ZOMBIE] Cleanup de zombies completado
[DEBUG-ZOMBIE] Iniciando cleanup de zombies...
[DEBUG-ZOMBIE] Intentando tomar clients_mutex para cleanup...
[DEBUG-ZOMBIE] Revisando 0 clientes...
[DEBUG-ZOMBIE] clients_mutex liberado en cleanup
[DEBUG-ZOMBIE] Enviando 0 PINGs...
[DEBUG-ZOMBIE] Limpiando 0 zombies...
[DEBUG-ZOMBIE] Cleanup de zombies completado
[DEBUG-ZOMBIE] Iniciando cleanup de zombies...
[DEBUG-ZOMBIE] Intentando tomar clients_mutex para cleanup...
[DEBUG-ZOMBIE] Revisando 0 clientes...
[DEBUG-ZOMBIE] clients_mutex liberado en cleanup
[DEBUG-ZOMBIE] Enviando 0 PINGs...
[DEBUG-ZOMBIE] Limpiando 0 zombies...
[DEBUG-ZOMBIE] Cleanup de zombies completado
[DEBUG-ZOMBIE] Intentando tomar clients_mutex en debugPrintClients...

=== DEBUG - ESTADO CLIENTES ===
Total clientes: 0
Total sesiones: 0
Mapas disponibles: 11
Directorio de escaneo: C:/xampp/htdocs/UPMAPS/Maps/
Sistema FAILOVER: ACTIVO
==================================

[DEBUG-ZOMBIE] Liberando clients_mutex en debugPrintClients
[DEBUG-ZOMBIE] Iniciando cleanup de zombies...
[DEBUG-ZOMBIE] Intentando tomar clients_mutex para cleanup...
[DEBUG-ZOMBIE] Revisando 0 clientes...
[DEBUG-ZOMBIE] clients_mutex liberado en cleanup
[DEBUG-ZOMBIE] Enviando 0 PINGs...
[DEBUG-ZOMBIE] Limpiando 0 zombies...
[DEBUG-ZOMBIE] Cleanup de zombies completado
[DEBUG-ZOMBIE] Iniciando cleanup de zombies...
[DEBUG-ZOMBIE] Intentando tomar clients_mutex para cleanup...
[DEBUG-ZOMBIE] Revisando 0 clientes...
[DEBUG-ZOMBIE] clients_mutex liberado en cleanup
[DEBUG-ZOMBIE] Enviando 0 PINGs...
[DEBUG-ZOMBIE] Limpiando 0 zombies...
[DEBUG-ZOMBIE] Cleanup de zombies completado
[DEBUG-ZOMBIE] Iniciando cleanup de zombies...
[DEBUG-ZOMBIE] Intentando tomar clients_mutex para cleanup...
[DEBUG-ZOMBIE] Revisando 0 clientes...
[DEBUG-ZOMBIE] clients_mutex liberado en cleanup
[DEBUG-ZOMBIE] Enviando 0 PINGs...
[DEBUG-ZOMBIE] Limpiando 0 zombies...
[DEBUG-ZOMBIE] Cleanup de zombies completado
[DEBUG-ZOMBIE] Iniciando cleanup de zombies...
[DEBUG-ZOMBIE] Intentando tomar clients_mutex para cleanup...
[DEBUG-ZOMBIE] Revisando 0 clientes...
[DEBUG-ZOMBIE] clients_mutex liberado en cleanup
[DEBUG-ZOMBIE] Enviando 0 PINGs...
[DEBUG-ZOMBIE] Limpiando 0 zombies...
[DEBUG-ZOMBIE] Cleanup de zombies completado
[DEBUG-ZOMBIE] Intentando tomar clients_mutex en debugPrintClients...

=== DEBUG - ESTADO CLIENTES ===
Total clientes: 0
Total sesiones: 0
Mapas disponibles: 11
Directorio de escaneo: C:/xampp/htdocs/UPMAPS/Maps/
Sistema FAILOVER: ACTIVO
==================================

[DEBUG-ZOMBIE] Liberando clients_mutex en debugPrintClients
[DEBUG-ZOMBIE] Iniciando cleanup de zombies...
[DEBUG-ZOMBIE] Intentando tomar clients_mutex para cleanup...
[DEBUG-ZOMBIE] Revisando 0 clientes...
[DEBUG-ZOMBIE] clients_mutex liberado en cleanup
[DEBUG-ZOMBIE] Enviando 0 PINGs...
[DEBUG-ZOMBIE] Limpiando 0 zombies...
[DEBUG-ZOMBIE] Cleanup de zombies completado
[DEBUG-ZOMBIE] Iniciando cleanup de zombies...
[DEBUG-ZOMBIE] Intentando tomar clients_mutex para cleanup...
[DEBUG-ZOMBIE] Revisando 0 clientes...
[DEBUG-ZOMBIE] clients_mutex liberado en cleanup
[DEBUG-ZOMBIE] Enviando 0 PINGs...
[DEBUG-ZOMBIE] Limpiando 0 zombies...
[DEBUG-ZOMBIE] Cleanup de zombies completado
[DEBUG-ZOMBIE] Iniciando cleanup de zombies...
[DEBUG-ZOMBIE] Intentando tomar clients_mutex para cleanup...
[DEBUG-ZOMBIE] Revisando 0 clientes...
[DEBUG-ZOMBIE] clients_mutex liberado en cleanup
[DEBUG-ZOMBIE] Enviando 0 PINGs...
[DEBUG-ZOMBIE] Limpiando 0 zombies...
[DEBUG-ZOMBIE] Cleanup de zombies completado
[DEBUG-ZOMBIE] Iniciando cleanup de zombies...
[DEBUG-ZOMBIE] Intentando tomar clients_mutex para cleanup...
[DEBUG-ZOMBIE] Revisando 0 clientes...
[DEBUG-ZOMBIE] clients_mutex liberado en cleanup
[DEBUG-ZOMBIE] Enviando 0 PINGs...
[DEBUG-ZOMBIE] Limpiando 0 zombies...
[DEBUG-ZOMBIE] Cleanup de zombies completado
[DEBUG-ZOMBIE] Intentando tomar clients_mutex en debugPrintClients...

=== DEBUG - ESTADO CLIENTES ===
Total clientes: 0
Total sesiones: 0
Mapas disponibles: 11
Directorio de escaneo: C:/xampp/htdocs/UPMAPS/Maps/
Sistema FAILOVER: ACTIVO
==================================

[DEBUG-ZOMBIE] Liberando clients_mutex en debugPrintClients
[DEBUG-ZOMBIE] Iniciando cleanup de zombies...
[DEBUG-ZOMBIE] Intentando tomar clients_mutex para cleanup...
[DEBUG-ZOMBIE] Revisando 0 clientes...
[DEBUG-ZOMBIE] clients_mutex liberado en cleanup
[DEBUG-ZOMBIE] Enviando 0 PINGs...
[DEBUG-ZOMBIE] Limpiando 0 zombies...
[DEBUG-ZOMBIE] Cleanup de zombies completado
[DEBUG-ZOMBIE] Iniciando cleanup de zombies...
[DEBUG-ZOMBIE] Intentando tomar clients_mutex para cleanup...
[DEBUG-ZOMBIE] Revisando 0 clientes...
[DEBUG-ZOMBIE] clients_mutex liberado en cleanup
[DEBUG-ZOMBIE] Enviando 0 PINGs...
[DEBUG-ZOMBIE] Limpiando 0 zombies...
[DEBUG-ZOMBIE] Cleanup de zombies completado
[DEBUG-ZOMBIE] Iniciando cleanup de zombies...
[DEBUG-ZOMBIE] Intentando tomar clients_mutex para cleanup...
[DEBUG-ZOMBIE] Revisando 0 clientes...
[DEBUG-ZOMBIE] clients_mutex liberado en cleanup
[DEBUG-ZOMBIE] Enviando 0 PINGs...
[DEBUG-ZOMBIE] Limpiando 0 zombies...
[DEBUG-ZOMBIE] Cleanup de zombies completado
[DEBUG-ZOMBIE] Iniciando cleanup de zombies...
[DEBUG-ZOMBIE] Intentando tomar clients_mutex para cleanup...
[DEBUG-ZOMBIE] Revisando 0 clientes...
[DEBUG-ZOMBIE] clients_mutex liberado en cleanup
[DEBUG-ZOMBIE] Enviando 0 PINGs...
[DEBUG-ZOMBIE] Limpiando 0 zombies...
[DEBUG-ZOMBIE] Cleanup de zombies completado
[DEBUG-ZOMBIE] Intentando tomar clients_mutex en debugPrintClients...

=== DEBUG - ESTADO CLIENTES ===
Total clientes: 0
Total sesiones: 0
Mapas disponibles: 11
Directorio de escaneo: C:/xampp/htdocs/UPMAPS/Maps/
Sistema FAILOVER: ACTIVO
==================================

[DEBUG-ZOMBIE] Liberando clients_mutex en debugPrintClients
[DEBUG-ZOMBIE] Iniciando cleanup de zombies...
[DEBUG-ZOMBIE] Intentando tomar clients_mutex para cleanup...
[DEBUG-ZOMBIE] Revisando 0 clientes...
[DEBUG-ZOMBIE] clients_mutex liberado en cleanup
[DEBUG-ZOMBIE] Enviando 0 PINGs...
[DEBUG-ZOMBIE] Limpiando 0 zombies...
[DEBUG-ZOMBIE] Cleanup de zombies completado
[DEBUG-ZOMBIE] Iniciando cleanup de zombies...
[DEBUG-ZOMBIE] Intentando tomar clients_mutex para cleanup...
[DEBUG-ZOMBIE] Revisando 0 clientes...
[DEBUG-ZOMBIE] clients_mutex liberado en cleanup
[DEBUG-ZOMBIE] Enviando 0 PINGs...
[DEBUG-ZOMBIE] Limpiando 0 zombies...
[DEBUG-ZOMBIE] Cleanup de zombies completado
[DEBUG-ZOMBIE] Iniciando cleanup de zombies...
[DEBUG-ZOMBIE] Intentando tomar clients_mutex para cleanup...
[DEBUG-ZOMBIE] Revisando 0 clientes...
[DEBUG-ZOMBIE] clients_mutex liberado en cleanup
[DEBUG-ZOMBIE] Enviando 0 PINGs...
[DEBUG-ZOMBIE] Limpiando 0 zombies...
[DEBUG-ZOMBIE] Cleanup de zombies completado
[DEBUG-ZOMBIE] Iniciando cleanup de zombies...
[DEBUG-ZOMBIE] Intentando tomar clients_mutex para cleanup...
[DEBUG-ZOMBIE] Revisando 0 clientes...
[DEBUG-ZOMBIE] clients_mutex liberado en cleanup
[DEBUG-ZOMBIE] Enviando 0 PINGs...
[DEBUG-ZOMBIE] Limpiando 0 zombies...
[DEBUG-ZOMBIE] Cleanup de zombies completado
[DEBUG-ZOMBIE] Intentando tomar clients_mutex en debugPrintClients...

=== DEBUG - ESTADO CLIENTES ===
Total clientes: 0
Total sesiones: 0
Mapas disponibles: 11
Directorio de escaneo: C:/xampp/htdocs/UPMAPS/Maps/
Sistema FAILOVER: ACTIVO
==================================

[DEBUG-ZOMBIE] Liberando clients_mutex en debugPrintClients
[DEBUG-ZOMBIE] Iniciando cleanup de zombies...
[DEBUG-ZOMBIE] Intentando tomar clients_mutex para cleanup...
[DEBUG-ZOMBIE] Revisando 0 clientes...
[DEBUG-ZOMBIE] clients_mutex liberado en cleanup
[DEBUG-ZOMBIE] Enviando 0 PINGs...
[DEBUG-ZOMBIE] Limpiando 0 zombies...
[DEBUG-ZOMBIE] Cleanup de zombies completado
[DEBUG-ZOMBIE] Iniciando cleanup de zombies...
[DEBUG-ZOMBIE] Intentando tomar clients_mutex para cleanup...
[DEBUG-ZOMBIE] Revisando 0 clientes...
[DEBUG-ZOMBIE] clients_mutex liberado en cleanup
[DEBUG-ZOMBIE] Enviando 0 PINGs...
[DEBUG-ZOMBIE] Limpiando 0 zombies...
[DEBUG-ZOMBIE] Cleanup de zombies completado
[DEBUG-ZOMBIE] Iniciando cleanup de zombies...
[DEBUG-ZOMBIE] Intentando tomar clients_mutex para cleanup...
[DEBUG-ZOMBIE] Revisando 0 clientes...
[DEBUG-ZOMBIE] clients_mutex liberado en cleanup
[DEBUG-ZOMBIE] Enviando 0 PINGs...
[DEBUG-ZOMBIE] Limpiando 0 zombies...
[DEBUG-ZOMBIE] Cleanup de zombies completado
[DEBUG-ZOMBIE] Iniciando cleanup de zombies...
[DEBUG-ZOMBIE] Intentando tomar clients_mutex para cleanup...
[DEBUG-ZOMBIE] Revisando 0 clientes...
[DEBUG-ZOMBIE] clients_mutex liberado en cleanup
[DEBUG-ZOMBIE] Enviando 0 PINGs...
[DEBUG-ZOMBIE] Limpiando 0 zombies...
[DEBUG-ZOMBIE] Cleanup de zombies completado
[DEBUG-ZOMBIE] Intentando tomar clients_mutex en debugPrintClients...

=== DEBUG - ESTADO CLIENTES ===
Total clientes: 0
Total sesiones: 0
Mapas disponibles: 11
Directorio de escaneo: C:/xampp/htdocs/UPMAPS/Maps/
Sistema FAILOVER: ACTIVO
==================================

[DEBUG-ZOMBIE] Liberando clients_mutex en debugPrintClients
[DEBUG-ZOMBIE] Iniciando cleanup de zombies...
[DEBUG-ZOMBIE] Intentando tomar clients_mutex para cleanup...
[DEBUG-ZOMBIE] Revisando 0 clientes...
[DEBUG-ZOMBIE] clients_mutex liberado en cleanup
[DEBUG-ZOMBIE] Enviando 0 PINGs...
[DEBUG-ZOMBIE] Limpiando 0 zombies...
[DEBUG-ZOMBIE] Cleanup de zombies completado
[DEBUG-ZOMBIE] Iniciando cleanup de zombies...
[DEBUG-ZOMBIE] Intentando tomar clients_mutex para cleanup...
[DEBUG-ZOMBIE] Revisando 0 clientes...
[DEBUG-ZOMBIE] clients_mutex liberado en cleanup
[DEBUG-ZOMBIE] Enviando 0 PINGs...
[DEBUG-ZOMBIE] Limpiando 0 zombies...
[DEBUG-ZOMBIE] Cleanup de zombies completado
[DEBUG-ZOMBIE] Iniciando cleanup de zombies...
[DEBUG-ZOMBIE] Intentando tomar clients_mutex para cleanup...
[DEBUG-ZOMBIE] Revisando 0 clientes...
[DEBUG-ZOMBIE] clients_mutex liberado en cleanup
[DEBUG-ZOMBIE] Enviando 0 PINGs...
[DEBUG-ZOMBIE] Limpiando 0 zombies...
[DEBUG-ZOMBIE] Cleanup de zombies completado
[DEBUG-ZOMBIE] Iniciando cleanup de zombies...
[DEBUG-ZOMBIE] Intentando tomar clients_mutex para cleanup...
[DEBUG-ZOMBIE] Revisando 0 clientes...
[DEBUG-ZOMBIE] clients_mutex liberado en cleanup
[DEBUG-ZOMBIE] Enviando 0 PINGs...
[DEBUG-ZOMBIE] Limpiando 0 zombies...
[DEBUG-ZOMBIE] Cleanup de zombies completado
[DEBUG-ZOMBIE] Intentando tomar clients_mutex en debugPrintClients...

=== DEBUG - ESTADO CLIENTES ===
Total clientes: 0
Total sesiones: 0
Mapas disponibles: 11
Directorio de escaneo: C:/xampp/htdocs/UPMAPS/Maps/
Sistema FAILOVER: ACTIVO
==================================

[DEBUG-ZOMBIE] Liberando clients_mutex en debugPrintClients
[DEBUG-ZOMBIE] Iniciando cleanup de zombies...
[DEBUG-ZOMBIE] Intentando tomar clients_mutex para cleanup...
[DEBUG-ZOMBIE] Revisando 0 clientes...
[DEBUG-ZOMBIE] clients_mutex liberado en cleanup
[DEBUG-ZOMBIE] Enviando 0 PINGs...
[DEBUG-ZOMBIE] Limpiando 0 zombies...
[DEBUG-ZOMBIE] Cleanup de zombies completado
[DEBUG-ZOMBIE] Iniciando cleanup de zombies...
[DEBUG-ZOMBIE] Intentando tomar clients_mutex para cleanup...
[DEBUG-ZOMBIE] Revisando 0 clientes...
[DEBUG-ZOMBIE] clients_mutex liberado en cleanup
[DEBUG-ZOMBIE] Enviando 0 PINGs...
[DEBUG-ZOMBIE] Limpiando 0 zombies...
[DEBUG-ZOMBIE] Cleanup de zombies completado
[DEBUG-ZOMBIE] Iniciando cleanup de zombies...
[DEBUG-ZOMBIE] Intentando tomar clients_mutex para cleanup...
[DEBUG-ZOMBIE] Revisando 0 clientes...
[DEBUG-ZOMBIE] clients_mutex liberado en cleanup
[DEBUG-ZOMBIE] Enviando 0 PINGs...
[DEBUG-ZOMBIE] Limpiando 0 zombies...
[DEBUG-ZOMBIE] Cleanup de zombies completado
[DEBUG-ZOMBIE] Iniciando cleanup de zombies...
[DEBUG-ZOMBIE] Intentando tomar clients_mutex para cleanup...
[DEBUG-ZOMBIE] Revisando 0 clientes...
[DEBUG-ZOMBIE] clients_mutex liberado en cleanup
[DEBUG-ZOMBIE] Enviando 0 PINGs...
[DEBUG-ZOMBIE] Limpiando 0 zombies...
[DEBUG-ZOMBIE] Cleanup de zombies completado
[DEBUG-ZOMBIE] Intentando tomar clients_mutex en debugPrintClients...

=== DEBUG - ESTADO CLIENTES ===
Total clientes: 0
Total sesiones: 0
Mapas disponibles: 11
Directorio de escaneo: C:/xampp/htdocs/UPMAPS/Maps/
Sistema FAILOVER: ACTIVO
==================================

[DEBUG-ZOMBIE] Liberando clients_mutex en debugPrintClients
[DEBUG-ZOMBIE] Iniciando cleanup de zombies...
[DEBUG-ZOMBIE] Intentando tomar clients_mutex para cleanup...
[DEBUG-ZOMBIE] Revisando 0 clientes...
[DEBUG-ZOMBIE] clients_mutex liberado en cleanup
[DEBUG-ZOMBIE] Enviando 0 PINGs...
[DEBUG-ZOMBIE] Limpiando 0 zombies...
[DEBUG-ZOMBIE] Cleanup de zombies completado
[DEBUG-ZOMBIE] Iniciando cleanup de zombies...
[DEBUG-ZOMBIE] Intentando tomar clients_mutex para cleanup...
[DEBUG-ZOMBIE] Revisando 0 clientes...
[DEBUG-ZOMBIE] clients_mutex liberado en cleanup
[DEBUG-ZOMBIE] Enviando 0 PINGs...
[DEBUG-ZOMBIE] Limpiando 0 zombies...
[DEBUG-ZOMBIE] Cleanup de zombies completado
[DEBUG-ZOMBIE] Iniciando cleanup de zombies...
[DEBUG-ZOMBIE] Intentando tomar clients_mutex para cleanup...
[DEBUG-ZOMBIE] Revisando 0 clientes...
[DEBUG-ZOMBIE] clients_mutex liberado en cleanup
[DEBUG-ZOMBIE] Enviando 0 PINGs...
[DEBUG-ZOMBIE] Limpiando 0 zombies...
[DEBUG-ZOMBIE] Cleanup de zombies completado
[DEBUG-ZOMBIE] Iniciando cleanup de zombies...
[DEBUG-ZOMBIE] Intentando tomar clients_mutex para cleanup...
[DEBUG-ZOMBIE] Revisando 0 clientes...
[DEBUG-ZOMBIE] clients_mutex liberado en cleanup
[DEBUG-ZOMBIE] Enviando 0 PINGs...
[DEBUG-ZOMBIE] Limpiando 0 zombies...
[DEBUG-ZOMBIE] Cleanup de zombies completado
[DEBUG-ZOMBIE] Intentando tomar clients_mutex en debugPrintClients...

=== DEBUG - ESTADO CLIENTES ===
Total clientes: 0
Total sesiones: 0
Mapas disponibles: 11
Directorio de escaneo: C:/xampp/htdocs/UPMAPS/Maps/
Sistema FAILOVER: ACTIVO
==================================

[DEBUG-ZOMBIE] Liberando clients_mutex en debugPrintClients
[DEBUG-ZOMBIE] Iniciando cleanup de zombies...
[DEBUG-ZOMBIE] Intentando tomar clients_mutex para cleanup...
[DEBUG-ZOMBIE] Revisando 0 clientes...
[DEBUG-ZOMBIE] clients_mutex liberado en cleanup
[DEBUG-ZOMBIE] Enviando 0 PINGs...
[DEBUG-ZOMBIE] Limpiando 0 zombies...
[DEBUG-ZOMBIE] Cleanup de zombies completado
[DEBUG-ZOMBIE] Iniciando cleanup de zombies...
[DEBUG-ZOMBIE] Intentando tomar clients_mutex para cleanup...
[DEBUG-ZOMBIE] Revisando 0 clientes...
[DEBUG-ZOMBIE] clients_mutex liberado en cleanup
[DEBUG-ZOMBIE] Enviando 0 PINGs...
[DEBUG-ZOMBIE] Limpiando 0 zombies...
[DEBUG-ZOMBIE] Cleanup de zombies completado
[DEBUG-ZOMBIE] Iniciando cleanup de zombies...
[DEBUG-ZOMBIE] Intentando tomar clients_mutex para cleanup...
[DEBUG-ZOMBIE] Revisando 0 clientes...
[DEBUG-ZOMBIE] clients_mutex liberado en cleanup
[DEBUG-ZOMBIE] Enviando 0 PINGs...
[DEBUG-ZOMBIE] Limpiando 0 zombies...
[DEBUG-ZOMBIE] Cleanup de zombies completado
[DEBUG-ZOMBIE] Iniciando cleanup de zombies...
[DEBUG-ZOMBIE] Intentando tomar clients_mutex para cleanup...
[DEBUG-ZOMBIE] Revisando 0 clientes...
[DEBUG-ZOMBIE] clients_mutex liberado en cleanup
[DEBUG-ZOMBIE] Enviando 0 PINGs...
[DEBUG-ZOMBIE] Limpiando 0 zombies...
[DEBUG-ZOMBIE] Cleanup de zombies completado
[DEBUG-ZOMBIE] Intentando tomar clients_mutex en debugPrintClients...

=== DEBUG - ESTADO CLIENTES ===
Total clientes: 0
Total sesiones: 0
Mapas disponibles: 11
Directorio de escaneo: C:/xampp/htdocs/UPMAPS/Maps/
Sistema FAILOVER: ACTIVO
==================================

[DEBUG-ZOMBIE] Liberando clients_mutex en debugPrintClients
[DEBUG-ZOMBIE] Iniciando cleanup de zombies...
[DEBUG-ZOMBIE] Intentando tomar clients_mutex para cleanup...
[DEBUG-ZOMBIE] Revisando 0 clientes...
[DEBUG-ZOMBIE] clients_mutex liberado en cleanup
[DEBUG-ZOMBIE] Enviando 0 PINGs...
[DEBUG-ZOMBIE] Limpiando 0 zombies...
[DEBUG-ZOMBIE] Cleanup de zombies completado
[DEBUG-ZOMBIE] Iniciando cleanup de zombies...
[DEBUG-ZOMBIE] Intentando tomar clients_mutex para cleanup...
[DEBUG-ZOMBIE] Revisando 0 clientes...
[DEBUG-ZOMBIE] clients_mutex liberado en cleanup
[DEBUG-ZOMBIE] Enviando 0 PINGs...
[DEBUG-ZOMBIE] Limpiando 0 zombies...
[DEBUG-ZOMBIE] Cleanup de zombies completado
[DEBUG-ZOMBIE] Iniciando cleanup de zombies...
[DEBUG-ZOMBIE] Intentando tomar clients_mutex para cleanup...
[DEBUG-ZOMBIE] Revisando 0 clientes...
[DEBUG-ZOMBIE] clients_mutex liberado en cleanup
[DEBUG-ZOMBIE] Enviando 0 PINGs...
[DEBUG-ZOMBIE] Limpiando 0 zombies...
[DEBUG-ZOMBIE] Cleanup de zombies completado
[DEBUG-ZOMBIE] Iniciando cleanup de zombies...
[DEBUG-ZOMBIE] Intentando tomar clients_mutex para cleanup...
[DEBUG-ZOMBIE] Revisando 0 clientes...
[DEBUG-ZOMBIE] clients_mutex liberado en cleanup
[DEBUG-ZOMBIE] Enviando 0 PINGs...
[DEBUG-ZOMBIE] Limpiando 0 zombies...
[DEBUG-ZOMBIE] Cleanup de zombies completado
[DEBUG-ZOMBIE] Intentando tomar clients_mutex en debugPrintClients...

=== DEBUG - ESTADO CLIENTES ===
Total clientes: 0
Total sesiones: 0
Mapas disponibles: 11
Directorio de escaneo: C:/xampp/htdocs/UPMAPS/Maps/
Sistema FAILOVER: ACTIVO
==================================

[DEBUG-ZOMBIE] Liberando clients_mutex en debugPrintClients
[DEBUG-ZOMBIE] Iniciando cleanup de zombies...
[DEBUG-ZOMBIE] Intentando tomar clients_mutex para cleanup...
[DEBUG-ZOMBIE] Revisando 0 clientes...
[DEBUG-ZOMBIE] clients_mutex liberado en cleanup
[DEBUG-ZOMBIE] Enviando 0 PINGs...
[DEBUG-ZOMBIE] Limpiando 0 zombies...
[DEBUG-ZOMBIE] Cleanup de zombies completado
[DEBUG-ZOMBIE] Iniciando cleanup de zombies...
[DEBUG-ZOMBIE] Intentando tomar clients_mutex para cleanup...
[DEBUG-ZOMBIE] Revisando 0 clientes...
[DEBUG-ZOMBIE] clients_mutex liberado en cleanup
[DEBUG-ZOMBIE] Enviando 0 PINGs...
[DEBUG-ZOMBIE] Limpiando 0 zombies...
[DEBUG-ZOMBIE] Cleanup de zombies completado
[DEBUG-ZOMBIE] Iniciando cleanup de zombies...
[DEBUG-ZOMBIE] Intentando tomar clients_mutex para cleanup...
[DEBUG-ZOMBIE] Revisando 0 clientes...
[DEBUG-ZOMBIE] clients_mutex liberado en cleanup
[DEBUG-ZOMBIE] Enviando 0 PINGs...
[DEBUG-ZOMBIE] Limpiando 0 zombies...
[DEBUG-ZOMBIE] Cleanup de zombies completado
[DEBUG-ZOMBIE] Iniciando cleanup de zombies...
[DEBUG-ZOMBIE] Intentando tomar clients_mutex para cleanup...
[DEBUG-ZOMBIE] Revisando 0 clientes...
[DEBUG-ZOMBIE] clients_mutex liberado en cleanup
[DEBUG-ZOMBIE] Enviando 0 PINGs...
[DEBUG-ZOMBIE] Limpiando 0 zombies...
[DEBUG-ZOMBIE] Cleanup de zombies completado
[DEBUG-ZOMBIE] Intentando tomar clients_mutex en debugPrintClients...

=== DEBUG - ESTADO CLIENTES ===
Total clientes: 0
Total sesiones: 0
Mapas disponibles: 11
Directorio de escaneo: C:/xampp/htdocs/UPMAPS/Maps/
Sistema FAILOVER: ACTIVO
==================================

[DEBUG-ZOMBIE] Liberando clients_mutex en debugPrintClients
[DEBUG-ZOMBIE] Iniciando cleanup de zombies...
[DEBUG-ZOMBIE] Intentando tomar clients_mutex para cleanup...
[DEBUG-ZOMBIE] Revisando 0 clientes...
[DEBUG-ZOMBIE] clients_mutex liberado en cleanup
[DEBUG-ZOMBIE] Enviando 0 PINGs...
[DEBUG-ZOMBIE] Limpiando 0 zombies...
[DEBUG-ZOMBIE] Cleanup de zombies completado
[DEBUG-ZOMBIE] Iniciando cleanup de zombies...
[DEBUG-ZOMBIE] Intentando tomar clients_mutex para cleanup...
[DEBUG-ZOMBIE] Revisando 0 clientes...
[DEBUG-ZOMBIE] clients_mutex liberado en cleanup
[DEBUG-ZOMBIE] Enviando 0 PINGs...
[DEBUG-ZOMBIE] Limpiando 0 zombies...
[DEBUG-ZOMBIE] Cleanup de zombies completado
[DEBUG-ZOMBIE] Iniciando cleanup de zombies...
[DEBUG-ZOMBIE] Intentando tomar clients_mutex para cleanup...
[DEBUG-ZOMBIE] Revisando 0 clientes...
[DEBUG-ZOMBIE] clients_mutex liberado en cleanup
[DEBUG-ZOMBIE] Enviando 0 PINGs...
[DEBUG-ZOMBIE] Limpiando 0 zombies...
[DEBUG-ZOMBIE] Cleanup de zombies completado
[DEBUG-ZOMBIE] Iniciando cleanup de zombies...
[DEBUG-ZOMBIE] Intentando tomar clients_mutex para cleanup...
[DEBUG-ZOMBIE] Revisando 0 clientes...
[DEBUG-ZOMBIE] clients_mutex liberado en cleanup
[DEBUG-ZOMBIE] Enviando 0 PINGs...
[DEBUG-ZOMBIE] Limpiando 0 zombies...
[DEBUG-ZOMBIE] Cleanup de zombies completado
[DEBUG-ZOMBIE] Intentando tomar clients_mutex en debugPrintClients...

=== DEBUG - ESTADO CLIENTES ===
Total clientes: 0
Total sesiones: 0
Mapas disponibles: 11
Directorio de escaneo: C:/xampp/htdocs/UPMAPS/Maps/
Sistema FAILOVER: ACTIVO
==================================

[DEBUG-ZOMBIE] Liberando clients_mutex en debugPrintClients
[DEBUG-ZOMBIE] Iniciando cleanup de zombies...
[DEBUG-ZOMBIE] Intentando tomar clients_mutex para cleanup...
[DEBUG-ZOMBIE] Revisando 0 clientes...
[DEBUG-ZOMBIE] clients_mutex liberado en cleanup
[DEBUG-ZOMBIE] Enviando 0 PINGs...
[DEBUG-ZOMBIE] Limpiando 0 zombies...
[DEBUG-ZOMBIE] Cleanup de zombies completado
[DEBUG-ZOMBIE] Iniciando cleanup de zombies...
[DEBUG-ZOMBIE] Intentando tomar clients_mutex para cleanup...
[DEBUG-ZOMBIE] Revisando 0 clientes...
[DEBUG-ZOMBIE] clients_mutex liberado en cleanup
[DEBUG-ZOMBIE] Enviando 0 PINGs...
[DEBUG-ZOMBIE] Limpiando 0 zombies...
[DEBUG-ZOMBIE] Cleanup de zombies completado
[DEBUG-ZOMBIE] Iniciando cleanup de zombies...
[DEBUG-ZOMBIE] Intentando tomar clients_mutex para cleanup...
[DEBUG-ZOMBIE] Revisando 0 clientes...
[DEBUG-ZOMBIE] clients_mutex liberado en cleanup
[DEBUG-ZOMBIE] Enviando 0 PINGs...
[DEBUG-ZOMBIE] Limpiando 0 zombies...
[DEBUG-ZOMBIE] Cleanup de zombies completado
[DEBUG-ZOMBIE] Iniciando cleanup de zombies...
[DEBUG-ZOMBIE] Intentando tomar clients_mutex para cleanup...
[DEBUG-ZOMBIE] Revisando 0 clientes...
[DEBUG-ZOMBIE] clients_mutex liberado en cleanup
[DEBUG-ZOMBIE] Enviando 0 PINGs...
[DEBUG-ZOMBIE] Limpiando 0 zombies...
[DEBUG-ZOMBIE] Cleanup de zombies completado
[DEBUG-ZOMBIE] Intentando tomar clients_mutex en debugPrintClients...

=== DEBUG - ESTADO CLIENTES ===
Total clientes: 0
Total sesiones: 0
Mapas disponibles: 11
Directorio de escaneo: C:/xampp/htdocs/UPMAPS/Maps/
Sistema FAILOVER: ACTIVO
==================================

[DEBUG-ZOMBIE] Liberando clients_mutex en debugPrintClients
[DEBUG-ZOMBIE] Iniciando cleanup de zombies...
[DEBUG-ZOMBIE] Intentando tomar clients_mutex para cleanup...
[DEBUG-ZOMBIE] Revisando 0 clientes...
[DEBUG-ZOMBIE] clients_mutex liberado en cleanup
[DEBUG-ZOMBIE] Enviando 0 PINGs...
[DEBUG-ZOMBIE] Limpiando 0 zombies...
[DEBUG-ZOMBIE] Cleanup de zombies completado
[DEBUG-ZOMBIE] Iniciando cleanup de zombies...
[DEBUG-ZOMBIE] Intentando tomar clients_mutex para cleanup...
[DEBUG-ZOMBIE] Revisando 0 clientes...
[DEBUG-ZOMBIE] clients_mutex liberado en cleanup
[DEBUG-ZOMBIE] Enviando 0 PINGs...
[DEBUG-ZOMBIE] Limpiando 0 zombies...
[DEBUG-ZOMBIE] Cleanup de zombies completado
[DEBUG-ZOMBIE] Iniciando cleanup de zombies...
[DEBUG-ZOMBIE] Intentando tomar clients_mutex para cleanup...
[DEBUG-ZOMBIE] Revisando 0 clientes...
[DEBUG-ZOMBIE] clients_mutex liberado en cleanup
[DEBUG-ZOMBIE] Enviando 0 PINGs...
[DEBUG-ZOMBIE] Limpiando 0 zombies...
[DEBUG-ZOMBIE] Cleanup de zombies completado
[DEBUG-ZOMBIE] Iniciando cleanup de zombies...
[DEBUG-ZOMBIE] Intentando tomar clients_mutex para cleanup...
[DEBUG-ZOMBIE] Revisando 0 clientes...
[DEBUG-ZOMBIE] clients_mutex liberado en cleanup
[DEBUG-ZOMBIE] Enviando 0 PINGs...
[DEBUG-ZOMBIE] Limpiando 0 zombies...
[DEBUG-ZOMBIE] Cleanup de zombies completado
[DEBUG-ZOMBIE] Intentando tomar clients_mutex en debugPrintClients...

=== DEBUG - ESTADO CLIENTES ===
Total clientes: 0
Total sesiones: 0
Mapas disponibles: 11
Directorio de escaneo: C:/xampp/htdocs/UPMAPS/Maps/
Sistema FAILOVER: ACTIVO
==================================

[DEBUG-ZOMBIE] Liberando clients_mutex en debugPrintClients
[DEBUG-ZOMBIE] Iniciando cleanup de zombies...
[DEBUG-ZOMBIE] Intentando tomar clients_mutex para cleanup...
[DEBUG-ZOMBIE] Revisando 0 clientes...
[DEBUG-ZOMBIE] clients_mutex liberado en cleanup
[DEBUG-ZOMBIE] Enviando 0 PINGs...
[DEBUG-ZOMBIE] Limpiando 0 zombies...
[DEBUG-ZOMBIE] Cleanup de zombies completado
[DEBUG-ZOMBIE] Iniciando cleanup de zombies...
[DEBUG-ZOMBIE] Intentando tomar clients_mutex para cleanup...
[DEBUG-ZOMBIE] Revisando 0 clientes...
[DEBUG-ZOMBIE] clients_mutex liberado en cleanup
[DEBUG-ZOMBIE] Enviando 0 PINGs...
[DEBUG-ZOMBIE] Limpiando 0 zombies...
[DEBUG-ZOMBIE] Cleanup de zombies completado
[DEBUG-ZOMBIE] Iniciando cleanup de zombies...
[DEBUG-ZOMBIE] Intentando tomar clients_mutex para cleanup...
[DEBUG-ZOMBIE] Revisando 0 clientes...
[DEBUG-ZOMBIE] clients_mutex liberado en cleanup
[DEBUG-ZOMBIE] Enviando 0 PINGs...
[DEBUG-ZOMBIE] Limpiando 0 zombies...
[DEBUG-ZOMBIE] Cleanup de zombies completado
[DEBUG-ZOMBIE] Iniciando cleanup de zombies...
[DEBUG-ZOMBIE] Intentando tomar clients_mutex para cleanup...
[DEBUG-ZOMBIE] Revisando 0 clientes...
[DEBUG-ZOMBIE] clients_mutex liberado en cleanup
[DEBUG-ZOMBIE] Enviando 0 PINGs...
[DEBUG-ZOMBIE] Limpiando 0 zombies...
[DEBUG-ZOMBIE] Cleanup de zombies completado
[DEBUG-ZOMBIE] Intentando tomar clients_mutex en debugPrintClients...

=== DEBUG - ESTADO CLIENTES ===
Total clientes: 0
Total sesiones: 0
Mapas disponibles: 11
Directorio de escaneo: C:/xampp/htdocs/UPMAPS/Maps/
Sistema FAILOVER: ACTIVO
==================================

[DEBUG-ZOMBIE] Liberando clients_mutex en debugPrintClients
[DEBUG-ZOMBIE] Iniciando cleanup de zombies...
[DEBUG-ZOMBIE] Intentando tomar clients_mutex para cleanup...
[DEBUG-ZOMBIE] Revisando 0 clientes...
[DEBUG-ZOMBIE] clients_mutex liberado en cleanup
[DEBUG-ZOMBIE] Enviando 0 PINGs...
[DEBUG-ZOMBIE] Limpiando 0 zombies...
[DEBUG-ZOMBIE] Cleanup de zombies completado
[DEBUG-ZOMBIE] Iniciando cleanup de zombies...
[DEBUG-ZOMBIE] Intentando tomar clients_mutex para cleanup...
[DEBUG-ZOMBIE] Revisando 0 clientes...
[DEBUG-ZOMBIE] clients_mutex liberado en cleanup
[DEBUG-ZOMBIE] Enviando 0 PINGs...
[DEBUG-ZOMBIE] Limpiando 0 zombies...
[DEBUG-ZOMBIE] Cleanup de zombies completado
[DEBUG-ZOMBIE] Iniciando cleanup de zombies...
[DEBUG-ZOMBIE] Intentando tomar clients_mutex para cleanup...
[DEBUG-ZOMBIE] Revisando 0 clientes...
[DEBUG-ZOMBIE] clients_mutex liberado en cleanup
[DEBUG-ZOMBIE] Enviando 0 PINGs...
[DEBUG-ZOMBIE] Limpiando 0 zombies...
[DEBUG-ZOMBIE] Cleanup de zombies completado
[DEBUG-ZOMBIE] Iniciando cleanup de zombies...
[DEBUG-ZOMBIE] Intentando tomar clients_mutex para cleanup...
[DEBUG-ZOMBIE] Revisando 0 clientes...
[DEBUG-ZOMBIE] clients_mutex liberado en cleanup
[DEBUG-ZOMBIE] Enviando 0 PINGs...
[DEBUG-ZOMBIE] Limpiando 0 zombies...
[DEBUG-ZOMBIE] Cleanup de zombies completado
[DEBUG-ZOMBIE] Intentando tomar clients_mutex en debugPrintClients...

=== DEBUG - ESTADO CLIENTES ===
Total clientes: 0
Total sesiones: 0
Mapas disponibles: 11
Directorio de escaneo: C:/xampp/htdocs/UPMAPS/Maps/
Sistema FAILOVER: ACTIVO
==================================

[DEBUG-ZOMBIE] Liberando clients_mutex en debugPrintClients
[DEBUG-ZOMBIE] Iniciando cleanup de zombies...
[DEBUG-ZOMBIE] Intentando tomar clients_mutex para cleanup...
[DEBUG-ZOMBIE] Revisando 0 clientes...
[DEBUG-ZOMBIE] clients_mutex liberado en cleanup
[DEBUG-ZOMBIE] Enviando 0 PINGs...
[DEBUG-ZOMBIE] Limpiando 0 zombies...
[DEBUG-ZOMBIE] Cleanup de zombies completado
[DEBUG-ZOMBIE] Iniciando cleanup de zombies...
[DEBUG-ZOMBIE] Intentando tomar clients_mutex para cleanup...
[DEBUG-ZOMBIE] Revisando 0 clientes...
[DEBUG-ZOMBIE] clients_mutex liberado en cleanup
[DEBUG-ZOMBIE] Enviando 0 PINGs...
[DEBUG-ZOMBIE] Limpiando 0 zombies...
[DEBUG-ZOMBIE] Cleanup de zombies completado
[DEBUG-ZOMBIE] Iniciando cleanup de zombies...
[DEBUG-ZOMBIE] Intentando tomar clients_mutex para cleanup...
[DEBUG-ZOMBIE] Revisando 0 clientes...
[DEBUG-ZOMBIE] clients_mutex liberado en cleanup
[DEBUG-ZOMBIE] Enviando 0 PINGs...
[DEBUG-ZOMBIE] Limpiando 0 zombies...
[DEBUG-ZOMBIE] Cleanup de zombies completado
[DEBUG-ZOMBIE] Iniciando cleanup de zombies...
[DEBUG-ZOMBIE] Intentando tomar clients_mutex para cleanup...
[DEBUG-ZOMBIE] Revisando 0 clientes...
[DEBUG-ZOMBIE] clients_mutex liberado en cleanup
[DEBUG-ZOMBIE] Enviando 0 PINGs...
[DEBUG-ZOMBIE] Limpiando 0 zombies...
[DEBUG-ZOMBIE] Cleanup de zombies completado
[DEBUG-ZOMBIE] Intentando tomar clients_mutex en debugPrintClients...

=== DEBUG - ESTADO CLIENTES ===
Total clientes: 0
Total sesiones: 0
Mapas disponibles: 11
Directorio de escaneo: C:/xampp/htdocs/UPMAPS/Maps/
Sistema FAILOVER: ACTIVO
==================================

[DEBUG-ZOMBIE] Liberando clients_mutex en debugPrintClients
[DEBUG-ZOMBIE] Iniciando cleanup de zombies...
[DEBUG-ZOMBIE] Intentando tomar clients_mutex para cleanup...
[DEBUG-ZOMBIE] Revisando 0 clientes...
[DEBUG-ZOMBIE] clients_mutex liberado en cleanup
[DEBUG-ZOMBIE] Enviando 0 PINGs...
[DEBUG-ZOMBIE] Limpiando 0 zombies...
[DEBUG-ZOMBIE] Cleanup de zombies completado
[DEBUG-ZOMBIE] Iniciando cleanup de zombies...
[DEBUG-ZOMBIE] Intentando tomar clients_mutex para cleanup...
[DEBUG-ZOMBIE] Revisando 0 clientes...
[DEBUG-ZOMBIE] clients_mutex liberado en cleanup
[DEBUG-ZOMBIE] Enviando 0 PINGs...
[DEBUG-ZOMBIE] Limpiando 0 zombies...
[DEBUG-ZOMBIE] Cleanup de zombies completado
[DEBUG-ZOMBIE] Iniciando cleanup de zombies...
[DEBUG-ZOMBIE] Intentando tomar clients_mutex para cleanup...
[DEBUG-ZOMBIE] Revisando 0 clientes...
[DEBUG-ZOMBIE] clients_mutex liberado en cleanup
[DEBUG-ZOMBIE] Enviando 0 PINGs...
[DEBUG-ZOMBIE] Limpiando 0 zombies...
[DEBUG-ZOMBIE] Cleanup de zombies completado
[DEBUG-ZOMBIE] Iniciando cleanup de zombies...
[DEBUG-ZOMBIE] Intentando tomar clients_mutex para cleanup...
[DEBUG-ZOMBIE] Revisando 0 clientes...
[DEBUG-ZOMBIE] clients_mutex liberado en cleanup
[DEBUG-ZOMBIE] Enviando 0 PINGs...
[DEBUG-ZOMBIE] Limpiando 0 zombies...
[DEBUG-ZOMBIE] Cleanup de zombies completado
[DEBUG-ZOMBIE] Intentando tomar clients_mutex en debugPrintClients...

=== DEBUG - ESTADO CLIENTES ===
Total clientes: 0
Total sesiones: 0
Mapas disponibles: 11
Directorio de escaneo: C:/xampp/htdocs/UPMAPS/Maps/
Sistema FAILOVER: ACTIVO
==================================

[DEBUG-ZOMBIE] Liberando clients_mutex en debugPrintClients
[DEBUG-ZOMBIE] Iniciando cleanup de zombies...
[DEBUG-ZOMBIE] Intentando tomar clients_mutex para cleanup...
[DEBUG-ZOMBIE] Revisando 0 clientes...
[DEBUG-ZOMBIE] clients_mutex liberado en cleanup
[DEBUG-ZOMBIE] Enviando 0 PINGs...
[DEBUG-ZOMBIE] Limpiando 0 zombies...
[DEBUG-ZOMBIE] Cleanup de zombies completado
[DEBUG-ZOMBIE] Iniciando cleanup de zombies...
[DEBUG-ZOMBIE] Intentando tomar clients_mutex para cleanup...
[DEBUG-ZOMBIE] Revisando 0 clientes...
[DEBUG-ZOMBIE] clients_mutex liberado en cleanup
[DEBUG-ZOMBIE] Enviando 0 PINGs...
[DEBUG-ZOMBIE] Limpiando 0 zombies...
[DEBUG-ZOMBIE] Cleanup de zombies completado
[DEBUG-ZOMBIE] Iniciando cleanup de zombies...
[DEBUG-ZOMBIE] Intentando tomar clients_mutex para cleanup...
[DEBUG-ZOMBIE] Revisando 0 clientes...
[DEBUG-ZOMBIE] clients_mutex liberado en cleanup
[DEBUG-ZOMBIE] Enviando 0 PINGs...
[DEBUG-ZOMBIE] Limpiando 0 zombies...
[DEBUG-ZOMBIE] Cleanup de zombies completado
[DEBUG-ZOMBIE] Iniciando cleanup de zombies...
[DEBUG-ZOMBIE] Intentando tomar clients_mutex para cleanup...
[DEBUG-ZOMBIE] Revisando 0 clientes...
[DEBUG-ZOMBIE] clients_mutex liberado en cleanup
[DEBUG-ZOMBIE] Enviando 0 PINGs...
[DEBUG-ZOMBIE] Limpiando 0 zombies...
[DEBUG-ZOMBIE] Cleanup de zombies completado
[DEBUG-ZOMBIE] Intentando tomar clients_mutex en debugPrintClients...

=== DEBUG - ESTADO CLIENTES ===
Total clientes: 0
Total sesiones: 0
Mapas disponibles: 11
Directorio de escaneo: C:/xampp/htdocs/UPMAPS/Maps/
Sistema FAILOVER: ACTIVO
==================================

[DEBUG-ZOMBIE] Liberando clients_mutex en debugPrintClients
[DEBUG-ZOMBIE] Iniciando cleanup de zombies...
[DEBUG-ZOMBIE] Intentando tomar clients_mutex para cleanup...
[DEBUG-ZOMBIE] Revisando 0 clientes...
[DEBUG-ZOMBIE] clients_mutex liberado en cleanup
[DEBUG-ZOMBIE] Enviando 0 PINGs...
[DEBUG-ZOMBIE] Limpiando 0 zombies...
[DEBUG-ZOMBIE] Cleanup de zombies completado
[DEBUG-ZOMBIE] Iniciando cleanup de zombies...
[DEBUG-ZOMBIE] Intentando tomar clients_mutex para cleanup...
[DEBUG-ZOMBIE] Revisando 0 clientes...
[DEBUG-ZOMBIE] clients_mutex liberado en cleanup
[DEBUG-ZOMBIE] Enviando 0 PINGs...
[DEBUG-ZOMBIE] Limpiando 0 zombies...
[DEBUG-ZOMBIE] Cleanup de zombies completado
[DEBUG-ZOMBIE] Iniciando cleanup de zombies...
[DEBUG-ZOMBIE] Intentando tomar clients_mutex para cleanup...
[DEBUG-ZOMBIE] Revisando 0 clientes...
[DEBUG-ZOMBIE] clients_mutex liberado en cleanup
[DEBUG-ZOMBIE] Enviando 0 PINGs...
[DEBUG-ZOMBIE] Limpiando 0 zombies...
[DEBUG-ZOMBIE] Cleanup de zombies completado
[DEBUG-ZOMBIE] Iniciando cleanup de zombies...
[DEBUG-ZOMBIE] Intentando tomar clients_mutex para cleanup...
[DEBUG-ZOMBIE] Revisando 0 clientes...
[DEBUG-ZOMBIE] clients_mutex liberado en cleanup
[DEBUG-ZOMBIE] Enviando 0 PINGs...
[DEBUG-ZOMBIE] Limpiando 0 zombies...
[DEBUG-ZOMBIE] Cleanup de zombies completado
[DEBUG-ZOMBIE] Intentando tomar clients_mutex en debugPrintClients...

=== DEBUG - ESTADO CLIENTES ===
Total clientes: 0
Total sesiones: 0
Mapas disponibles: 11
Directorio de escaneo: C:/xampp/htdocs/UPMAPS/Maps/
Sistema FAILOVER: ACTIVO
==================================

[DEBUG-ZOMBIE] Liberando clients_mutex en debugPrintClients
[DEBUG-ZOMBIE] Iniciando cleanup de zombies...
[DEBUG-ZOMBIE] Intentando tomar clients_mutex para cleanup...
[DEBUG-ZOMBIE] Revisando 0 clientes...
[DEBUG-ZOMBIE] clients_mutex liberado en cleanup
[DEBUG-ZOMBIE] Enviando 0 PINGs...
[DEBUG-ZOMBIE] Limpiando 0 zombies...
[DEBUG-ZOMBIE] Cleanup de zombies completado
[DEBUG-ZOMBIE] Iniciando cleanup de zombies...
[DEBUG-ZOMBIE] Intentando tomar clients_mutex para cleanup...
[DEBUG-ZOMBIE] Revisando 0 clientes...
[DEBUG-ZOMBIE] clients_mutex liberado en cleanup
[DEBUG-ZOMBIE] Enviando 0 PINGs...
[DEBUG-ZOMBIE] Limpiando 0 zombies...
[DEBUG-ZOMBIE] Cleanup de zombies completado
[DEBUG-ZOMBIE] Iniciando cleanup de zombies...
[DEBUG-ZOMBIE] Intentando tomar clients_mutex para cleanup...
[DEBUG-ZOMBIE] Revisando 0 clientes...
[DEBUG-ZOMBIE] clients_mutex liberado en cleanup
[DEBUG-ZOMBIE] Enviando 0 PINGs...
[DEBUG-ZOMBIE] Limpiando 0 zombies...
[DEBUG-ZOMBIE] Cleanup de zombies completado
[DEBUG-ZOMBIE] Iniciando cleanup de zombies...
[DEBUG-ZOMBIE] Intentando tomar clients_mutex para cleanup...
[DEBUG-ZOMBIE] Revisando 0 clientes...
[DEBUG-ZOMBIE] clients_mutex liberado en cleanup
[DEBUG-ZOMBIE] Enviando 0 PINGs...
[DEBUG-ZOMBIE] Limpiando 0 zombies...
[DEBUG-ZOMBIE] Cleanup de zombies completado
[DEBUG-ZOMBIE] Intentando tomar clients_mutex en debugPrintClients...

=== DEBUG - ESTADO CLIENTES ===
Total clientes: 0
Total sesiones: 0
Mapas disponibles: 11
Directorio de escaneo: C:/xampp/htdocs/UPMAPS/Maps/
Sistema FAILOVER: ACTIVO
==================================

[DEBUG-ZOMBIE] Liberando clients_mutex en debugPrintClients
[DEBUG-ZOMBIE] Iniciando cleanup de zombies...
[DEBUG-ZOMBIE] Intentando tomar clients_mutex para cleanup...
[DEBUG-ZOMBIE] Revisando 0 clientes...
[DEBUG-ZOMBIE] clients_mutex liberado en cleanup
[DEBUG-ZOMBIE] Enviando 0 PINGs...
[DEBUG-ZOMBIE] Limpiando 0 zombies...
[DEBUG-ZOMBIE] Cleanup de zombies completado
[DEBUG-ZOMBIE] Iniciando cleanup de zombies...
[DEBUG-ZOMBIE] Intentando tomar clients_mutex para cleanup...
[DEBUG-ZOMBIE] Revisando 0 clientes...
[DEBUG-ZOMBIE] clients_mutex liberado en cleanup
[DEBUG-ZOMBIE] Enviando 0 PINGs...
[DEBUG-ZOMBIE] Limpiando 0 zombies...
[DEBUG-ZOMBIE] Cleanup de zombies completado
[DEBUG-ZOMBIE] Iniciando cleanup de zombies...
[DEBUG-ZOMBIE] Intentando tomar clients_mutex para cleanup...
[DEBUG-ZOMBIE] Revisando 0 clientes...
[DEBUG-ZOMBIE] clients_mutex liberado en cleanup
[DEBUG-ZOMBIE] Enviando 0 PINGs...
[DEBUG-ZOMBIE] Limpiando 0 zombies...
[DEBUG-ZOMBIE] Cleanup de zombies completado
[DEBUG-ZOMBIE] Iniciando cleanup de zombies...
[DEBUG-ZOMBIE] Intentando tomar clients_mutex para cleanup...
[DEBUG-ZOMBIE] Revisando 0 clientes...
[DEBUG-ZOMBIE] clients_mutex liberado en cleanup
[DEBUG-ZOMBIE] Enviando 0 PINGs...
[DEBUG-ZOMBIE] Limpiando 0 zombies...
[DEBUG-ZOMBIE] Cleanup de zombies completado
[DEBUG-ZOMBIE] Intentando tomar clients_mutex en debugPrintClients...

=== DEBUG - ESTADO CLIENTES ===
Total clientes: 0
Total sesiones: 0
Mapas disponibles: 11
Directorio de escaneo: C:/xampp/htdocs/UPMAPS/Maps/
Sistema FAILOVER: ACTIVO
==================================

[DEBUG-ZOMBIE] Liberando clients_mutex en debugPrintClients
[DEBUG-ZOMBIE] Iniciando cleanup de zombies...
[DEBUG-ZOMBIE] Intentando tomar clients_mutex para cleanup...
[DEBUG-ZOMBIE] Revisando 0 clientes...
[DEBUG-ZOMBIE] clients_mutex liberado en cleanup
[DEBUG-ZOMBIE] Enviando 0 PINGs...
[DEBUG-ZOMBIE] Limpiando 0 zombies...
[DEBUG-ZOMBIE] Cleanup de zombies completado
[DEBUG-ZOMBIE] Iniciando cleanup de zombies...
[DEBUG-ZOMBIE] Intentando tomar clients_mutex para cleanup...
[DEBUG-ZOMBIE] Revisando 0 clientes...
[DEBUG-ZOMBIE] clients_mutex liberado en cleanup
[DEBUG-ZOMBIE] Enviando 0 PINGs...
[DEBUG-ZOMBIE] Limpiando 0 zombies...
[DEBUG-ZOMBIE] Cleanup de zombies completado
[DEBUG-ZOMBIE] Iniciando cleanup de zombies...
[DEBUG-ZOMBIE] Intentando tomar clients_mutex para cleanup...
[DEBUG-ZOMBIE] Revisando 0 clientes...
[DEBUG-ZOMBIE] clients_mutex liberado en cleanup
[DEBUG-ZOMBIE] Enviando 0 PINGs...
[DEBUG-ZOMBIE] Limpiando 0 zombies...
[DEBUG-ZOMBIE] Cleanup de zombies completado
[DEBUG-ZOMBIE] Iniciando cleanup de zombies...
[DEBUG-ZOMBIE] Intentando tomar clients_mutex para cleanup...
[DEBUG-ZOMBIE] Revisando 0 clientes...
[DEBUG-ZOMBIE] clients_mutex liberado en cleanup
[DEBUG-ZOMBIE] Enviando 0 PINGs...
[DEBUG-ZOMBIE] Limpiando 0 zombies...
[DEBUG-ZOMBIE] Cleanup de zombies completado
[DEBUG-ZOMBIE] Intentando tomar clients_mutex en debugPrintClients...

=== DEBUG - ESTADO CLIENTES ===
Total clientes: 0
Total sesiones: 0
Mapas disponibles: 11
Directorio de escaneo: C:/xampp/htdocs/UPMAPS/Maps/
Sistema FAILOVER: ACTIVO
==================================

[DEBUG-ZOMBIE] Liberando clients_mutex en debugPrintClients
[DEBUG-ZOMBIE] Iniciando cleanup de zombies...
[DEBUG-ZOMBIE] Intentando tomar clients_mutex para cleanup...
[DEBUG-ZOMBIE] Revisando 0 clientes...
[DEBUG-ZOMBIE] clients_mutex liberado en cleanup
[DEBUG-ZOMBIE] Enviando 0 PINGs...
[DEBUG-ZOMBIE] Limpiando 0 zombies...
[DEBUG-ZOMBIE] Cleanup de zombies completado
[DEBUG-ZOMBIE] Iniciando cleanup de zombies...
[DEBUG-ZOMBIE] Intentando tomar clients_mutex para cleanup...
[DEBUG-ZOMBIE] Revisando 0 clientes...
[DEBUG-ZOMBIE] clients_mutex liberado en cleanup
[DEBUG-ZOMBIE] Enviando 0 PINGs...
[DEBUG-ZOMBIE] Limpiando 0 zombies...
[DEBUG-ZOMBIE] Cleanup de zombies completado
[DEBUG-ZOMBIE] Iniciando cleanup de zombies...
[DEBUG-ZOMBIE] Intentando tomar clients_mutex para cleanup...
[DEBUG-ZOMBIE] Revisando 0 clientes...
[DEBUG-ZOMBIE] clients_mutex liberado en cleanup
[DEBUG-ZOMBIE] Enviando 0 PINGs...
[DEBUG-ZOMBIE] Limpiando 0 zombies...
[DEBUG-ZOMBIE] Cleanup de zombies completado
[DEBUG-ZOMBIE] Iniciando cleanup de zombies...
[DEBUG-ZOMBIE] Intentando tomar clients_mutex para cleanup...
[DEBUG-ZOMBIE] Revisando 0 clientes...
[DEBUG-ZOMBIE] clients_mutex liberado en cleanup
[DEBUG-ZOMBIE] Enviando 0 PINGs...
[DEBUG-ZOMBIE] Limpiando 0 zombies...
[DEBUG-ZOMBIE] Cleanup de zombies completado
[DEBUG-ZOMBIE] Intentando tomar clients_mutex en debugPrintClients...

=== DEBUG - ESTADO CLIENTES ===
Total clientes: 0
Total sesiones: 0
Mapas disponibles: 11
Directorio de escaneo: C:/xampp/htdocs/UPMAPS/Maps/
Sistema FAILOVER: ACTIVO
==================================

[DEBUG-ZOMBIE] Liberando clients_mutex en debugPrintClients
[DEBUG-ZOMBIE] Iniciando cleanup de zombies...
[DEBUG-ZOMBIE] Intentando tomar clients_mutex para cleanup...
[DEBUG-ZOMBIE] Revisando 0 clientes...
[DEBUG-ZOMBIE] clients_mutex liberado en cleanup
[DEBUG-ZOMBIE] Enviando 0 PINGs...
[DEBUG-ZOMBIE] Limpiando 0 zombies...
[DEBUG-ZOMBIE] Cleanup de zombies completado
[DEBUG-ZOMBIE] Iniciando cleanup de zombies...
[DEBUG-ZOMBIE] Intentando tomar clients_mutex para cleanup...
[DEBUG-ZOMBIE] Revisando 0 clientes...
[DEBUG-ZOMBIE] clients_mutex liberado en cleanup
[DEBUG-ZOMBIE] Enviando 0 PINGs...
[DEBUG-ZOMBIE] Limpiando 0 zombies...
[DEBUG-ZOMBIE] Cleanup de zombies completado
[DEBUG-ZOMBIE] Iniciando cleanup de zombies...
[DEBUG-ZOMBIE] Intentando tomar clients_mutex para cleanup...
[DEBUG-ZOMBIE] Revisando 0 clientes...
[DEBUG-ZOMBIE] clients_mutex liberado en cleanup
[DEBUG-ZOMBIE] Enviando 0 PINGs...
[DEBUG-ZOMBIE] Limpiando 0 zombies...
[DEBUG-ZOMBIE] Cleanup de zombies completado
[DEBUG-ZOMBIE] Iniciando cleanup de zombies...
[DEBUG-ZOMBIE] Intentando tomar clients_mutex para cleanup...
[DEBUG-ZOMBIE] Revisando 0 clientes...
[DEBUG-ZOMBIE] clients_mutex liberado en cleanup
[DEBUG-ZOMBIE] Enviando 0 PINGs...
[DEBUG-ZOMBIE] Limpiando 0 zombies...
[DEBUG-ZOMBIE] Cleanup de zombies completado
[DEBUG-ZOMBIE] Intentando tomar clients_mutex en debugPrintClients...

=== DEBUG - ESTADO CLIENTES ===
Total clientes: 0
Total sesiones: 0
Mapas disponibles: 11
Directorio de escaneo: C:/xampp/htdocs/UPMAPS/Maps/
Sistema FAILOVER: ACTIVO
==================================

[DEBUG-ZOMBIE] Liberando clients_mutex en debugPrintClients
[DEBUG-ZOMBIE] Iniciando cleanup de zombies...
[DEBUG-ZOMBIE] Intentando tomar clients_mutex para cleanup...
[DEBUG-ZOMBIE] Revisando 0 clientes...
[DEBUG-ZOMBIE] clients_mutex liberado en cleanup
[DEBUG-ZOMBIE] Enviando 0 PINGs...
[DEBUG-ZOMBIE] Limpiando 0 zombies...
[DEBUG-ZOMBIE] Cleanup de zombies completado
[DEBUG-ZOMBIE] Iniciando cleanup de zombies...
[DEBUG-ZOMBIE] Intentando tomar clients_mutex para cleanup...
[DEBUG-ZOMBIE] Revisando 0 clientes...
[DEBUG-ZOMBIE] clients_mutex liberado en cleanup
[DEBUG-ZOMBIE] Enviando 0 PINGs...
[DEBUG-ZOMBIE] Limpiando 0 zombies...
[DEBUG-ZOMBIE] Cleanup de zombies completado
[DEBUG-ZOMBIE] Iniciando cleanup de zombies...
[DEBUG-ZOMBIE] Intentando tomar clients_mutex para cleanup...
[DEBUG-ZOMBIE] Revisando 0 clientes...
[DEBUG-ZOMBIE] clients_mutex liberado en cleanup
[DEBUG-ZOMBIE] Enviando 0 PINGs...
[DEBUG-ZOMBIE] Limpiando 0 zombies...
[DEBUG-ZOMBIE] Cleanup de zombies completado
[DEBUG-ZOMBIE] Iniciando cleanup de zombies...
[DEBUG-ZOMBIE] Intentando tomar clients_mutex para cleanup...
[DEBUG-ZOMBIE] Revisando 0 clientes...
[DEBUG-ZOMBIE] clients_mutex liberado en cleanup
[DEBUG-ZOMBIE] Enviando 0 PINGs...
[DEBUG-ZOMBIE] Limpiando 0 zombies...
[DEBUG-ZOMBIE] Cleanup de zombies completado
[DEBUG-ZOMBIE] Intentando tomar clients_mutex en debugPrintClients...

=== DEBUG - ESTADO CLIENTES ===
Total clientes: 0
Total sesiones: 0
Mapas disponibles: 11
Directorio de escaneo: C:/xampp/htdocs/UPMAPS/Maps/
Sistema FAILOVER: ACTIVO
==================================

[DEBUG-ZOMBIE] Liberando clients_mutex en debugPrintClients
[DEBUG-ZOMBIE] Iniciando cleanup de zombies...
[DEBUG-ZOMBIE] Intentando tomar clients_mutex para cleanup...
[DEBUG-ZOMBIE] Revisando 0 clientes...
[DEBUG-ZOMBIE] clients_mutex liberado en cleanup
[DEBUG-ZOMBIE] Enviando 0 PINGs...
[DEBUG-ZOMBIE] Limpiando 0 zombies...
[DEBUG-ZOMBIE] Cleanup de zombies completado
[DEBUG-ZOMBIE] Iniciando cleanup de zombies...
[DEBUG-ZOMBIE] Intentando tomar clients_mutex para cleanup...
[DEBUG-ZOMBIE] Revisando 0 clientes...
[DEBUG-ZOMBIE] clients_mutex liberado en cleanup
[DEBUG-ZOMBIE] Enviando 0 PINGs...
[DEBUG-ZOMBIE] Limpiando 0 zombies...
[DEBUG-ZOMBIE] Cleanup de zombies completado
[DEBUG-ZOMBIE] Iniciando cleanup de zombies...
[DEBUG-ZOMBIE] Intentando tomar clients_mutex para cleanup...
[DEBUG-ZOMBIE] Revisando 0 clientes...
[DEBUG-ZOMBIE] clients_mutex liberado en cleanup
[DEBUG-ZOMBIE] Enviando 0 PINGs...
[DEBUG-ZOMBIE] Limpiando 0 zombies...
[DEBUG-ZOMBIE] Cleanup de zombies completado
[DEBUG-ZOMBIE] Iniciando cleanup de zombies...
[DEBUG-ZOMBIE] Intentando tomar clients_mutex para cleanup...
[DEBUG-ZOMBIE] Revisando 0 clientes...
[DEBUG-ZOMBIE] clients_mutex liberado en cleanup
[DEBUG-ZOMBIE] Enviando 0 PINGs...
[DEBUG-ZOMBIE] Limpiando 0 zombies...
[DEBUG-ZOMBIE] Cleanup de zombies completado
[DEBUG-ZOMBIE] Intentando tomar clients_mutex en debugPrintClients...

=== DEBUG - ESTADO CLIENTES ===
Total clientes: 0
Total sesiones: 0
Mapas disponibles: 11
Directorio de escaneo: C:/xampp/htdocs/UPMAPS/Maps/
Sistema FAILOVER: ACTIVO
==================================

[DEBUG-ZOMBIE] Liberando clients_mutex en debugPrintClients
[DEBUG-ZOMBIE] Iniciando cleanup de zombies...
[DEBUG-ZOMBIE] Intentando tomar clients_mutex para cleanup...
[DEBUG-ZOMBIE] Revisando 0 clientes...
[DEBUG-ZOMBIE] clients_mutex liberado en cleanup
[DEBUG-ZOMBIE] Enviando 0 PINGs...
[DEBUG-ZOMBIE] Limpiando 0 zombies...
[DEBUG-ZOMBIE] Cleanup de zombies completado
[DEBUG-ZOMBIE] Iniciando cleanup de zombies...
[DEBUG-ZOMBIE] Intentando tomar clients_mutex para cleanup...
[DEBUG-ZOMBIE] Revisando 0 clientes...
[DEBUG-ZOMBIE] clients_mutex liberado en cleanup
[DEBUG-ZOMBIE] Enviando 0 PINGs...
[DEBUG-ZOMBIE] Limpiando 0 zombies...
[DEBUG-ZOMBIE] Cleanup de zombies completado
[DEBUG-ZOMBIE] Iniciando cleanup de zombies...
[DEBUG-ZOMBIE] Intentando tomar clients_mutex para cleanup...
[DEBUG-ZOMBIE] Revisando 0 clientes...
[DEBUG-ZOMBIE] clients_mutex liberado en cleanup
[DEBUG-ZOMBIE] Enviando 0 PINGs...
[DEBUG-ZOMBIE] Limpiando 0 zombies...
[DEBUG-ZOMBIE] Cleanup de zombies completado
[DEBUG-ZOMBIE] Iniciando cleanup de zombies...
[DEBUG-ZOMBIE] Intentando tomar clients_mutex para cleanup...
[DEBUG-ZOMBIE] Revisando 0 clientes...
[DEBUG-ZOMBIE] clients_mutex liberado en cleanup
[DEBUG-ZOMBIE] Enviando 0 PINGs...
[DEBUG-ZOMBIE] Limpiando 0 zombies...
[DEBUG-ZOMBIE] Cleanup de zombies completado
[DEBUG-ZOMBIE] Intentando tomar clients_mutex en debugPrintClients...

=== DEBUG - ESTADO CLIENTES ===
Total clientes: 0
Total sesiones: 0
Mapas disponibles: 11
Directorio de escaneo: C:/xampp/htdocs/UPMAPS/Maps/
Sistema FAILOVER: ACTIVO
==================================

[DEBUG-ZOMBIE] Liberando clients_mutex en debugPrintClients
[DEBUG-ZOMBIE] Iniciando cleanup de zombies...
[DEBUG-ZOMBIE] Intentando tomar clients_mutex para cleanup...
[DEBUG-ZOMBIE] Revisando 0 clientes...
[DEBUG-ZOMBIE] clients_mutex liberado en cleanup
[DEBUG-ZOMBIE] Enviando 0 PINGs...
[DEBUG-ZOMBIE] Limpiando 0 zombies...
[DEBUG-ZOMBIE] Cleanup de zombies completado
[DEBUG-ZOMBIE] Iniciando cleanup de zombies...
[DEBUG-ZOMBIE] Intentando tomar clients_mutex para cleanup...
[DEBUG-ZOMBIE] Revisando 0 clientes...
[DEBUG-ZOMBIE] clients_mutex liberado en cleanup
[DEBUG-ZOMBIE] Enviando 0 PINGs...
[DEBUG-ZOMBIE] Limpiando 0 zombies...
[DEBUG-ZOMBIE] Cleanup de zombies completado
[DEBUG-ZOMBIE] Iniciando cleanup de zombies...
[DEBUG-ZOMBIE] Intentando tomar clients_mutex para cleanup...
[DEBUG-ZOMBIE] Revisando 0 clientes...
[DEBUG-ZOMBIE] clients_mutex liberado en cleanup
[DEBUG-ZOMBIE] Enviando 0 PINGs...
[DEBUG-ZOMBIE] Limpiando 0 zombies...
[DEBUG-ZOMBIE] Cleanup de zombies completado
[DEBUG-ZOMBIE] Iniciando cleanup de zombies...
[DEBUG-ZOMBIE] Intentando tomar clients_mutex para cleanup...
[DEBUG-ZOMBIE] Revisando 0 clientes...
[DEBUG-ZOMBIE] clients_mutex liberado en cleanup
[DEBUG-ZOMBIE] Enviando 0 PINGs...
[DEBUG-ZOMBIE] Limpiando 0 zombies...
[DEBUG-ZOMBIE] Cleanup de zombies completado
[DEBUG-ZOMBIE] Intentando tomar clients_mutex en debugPrintClients...

=== DEBUG - ESTADO CLIENTES ===
Total clientes: 0
Total sesiones: 0
Mapas disponibles: 11
Directorio de escaneo: C:/xampp/htdocs/UPMAPS/Maps/
Sistema FAILOVER: ACTIVO
==================================

[DEBUG-ZOMBIE] Liberando clients_mutex en debugPrintClients
[DEBUG-ZOMBIE] Iniciando cleanup de zombies...
[DEBUG-ZOMBIE] Intentando tomar clients_mutex para cleanup...
[DEBUG-ZOMBIE] Revisando 0 clientes...
[DEBUG-ZOMBIE] clients_mutex liberado en cleanup
[DEBUG-ZOMBIE] Enviando 0 PINGs...
[DEBUG-ZOMBIE] Limpiando 0 zombies...
[DEBUG-ZOMBIE] Cleanup de zombies completado
[DEBUG-ZOMBIE] Iniciando cleanup de zombies...
[DEBUG-ZOMBIE] Intentando tomar clients_mutex para cleanup...
[DEBUG-ZOMBIE] Revisando 0 clientes...
[DEBUG-ZOMBIE] clients_mutex liberado en cleanup
[DEBUG-ZOMBIE] Enviando 0 PINGs...
[DEBUG-ZOMBIE] Limpiando 0 zombies...
[DEBUG-ZOMBIE] Cleanup de zombies completado
[DEBUG-ZOMBIE] Iniciando cleanup de zombies...
[DEBUG-ZOMBIE] Intentando tomar clients_mutex para cleanup...
[DEBUG-ZOMBIE] Revisando 0 clientes...
[DEBUG-ZOMBIE] clients_mutex liberado en cleanup
[DEBUG-ZOMBIE] Enviando 0 PINGs...
[DEBUG-ZOMBIE] Limpiando 0 zombies...
[DEBUG-ZOMBIE] Cleanup de zombies completado
[DEBUG-ZOMBIE] Iniciando cleanup de zombies...
[DEBUG-ZOMBIE] Intentando tomar clients_mutex para cleanup...
[DEBUG-ZOMBIE] Revisando 0 clientes...
[DEBUG-ZOMBIE] clients_mutex liberado en cleanup
[DEBUG-ZOMBIE] Enviando 0 PINGs...
[DEBUG-ZOMBIE] Limpiando 0 zombies...
[DEBUG-ZOMBIE] Cleanup de zombies completado
[DEBUG-ZOMBIE] Intentando tomar clients_mutex en debugPrintClients...

=== DEBUG - ESTADO CLIENTES ===
Total clientes: 0
Total sesiones: 0
Mapas disponibles: 11
Directorio de escaneo: C:/xampp/htdocs/UPMAPS/Maps/
Sistema FAILOVER: ACTIVO
==================================

[DEBUG-ZOMBIE] Liberando clients_mutex en debugPrintClients
[DEBUG-ZOMBIE] Iniciando cleanup de zombies...
[DEBUG-ZOMBIE] Intentando tomar clients_mutex para cleanup...
[DEBUG-ZOMBIE] Revisando 0 clientes...
[DEBUG-ZOMBIE] clients_mutex liberado en cleanup
[DEBUG-ZOMBIE] Enviando 0 PINGs...
[DEBUG-ZOMBIE] Limpiando 0 zombies...
[DEBUG-ZOMBIE] Cleanup de zombies completado
[DEBUG-ZOMBIE] Iniciando cleanup de zombies...
[DEBUG-ZOMBIE] Intentando tomar clients_mutex para cleanup...
[DEBUG-ZOMBIE] Revisando 0 clientes...
[DEBUG-ZOMBIE] clients_mutex liberado en cleanup
[DEBUG-ZOMBIE] Enviando 0 PINGs...
[DEBUG-ZOMBIE] Limpiando 0 zombies...
[DEBUG-ZOMBIE] Cleanup de zombies completado
[DEBUG-ZOMBIE] Iniciando cleanup de zombies...
[DEBUG-ZOMBIE] Intentando tomar clients_mutex para cleanup...
[DEBUG-ZOMBIE] Revisando 0 clientes...
[DEBUG-ZOMBIE] clients_mutex liberado en cleanup
[DEBUG-ZOMBIE] Enviando 0 PINGs...
[DEBUG-ZOMBIE] Limpiando 0 zombies...
[DEBUG-ZOMBIE] Cleanup de zombies completado
[DEBUG-ZOMBIE] Iniciando cleanup de zombies...
[DEBUG-ZOMBIE] Intentando tomar clients_mutex para cleanup...
[DEBUG-ZOMBIE] Revisando 0 clientes...
[DEBUG-ZOMBIE] clients_mutex liberado en cleanup
[DEBUG-ZOMBIE] Enviando 0 PINGs...
[DEBUG-ZOMBIE] Limpiando 0 zombies...
[DEBUG-ZOMBIE] Cleanup de zombies completado
[DEBUG-ZOMBIE] Intentando tomar clients_mutex en debugPrintClients...

=== DEBUG - ESTADO CLIENTES ===
Total clientes: 0
Total sesiones: 0
Mapas disponibles: 11
Directorio de escaneo: C:/xampp/htdocs/UPMAPS/Maps/
Sistema FAILOVER: ACTIVO
==================================

[DEBUG-ZOMBIE] Liberando clients_mutex en debugPrintClients
[DEBUG-ZOMBIE] Iniciando cleanup de zombies...
[DEBUG-ZOMBIE] Intentando tomar clients_mutex para cleanup...
[DEBUG-ZOMBIE] Revisando 0 clientes...
[DEBUG-ZOMBIE] clients_mutex liberado en cleanup
[DEBUG-ZOMBIE] Enviando 0 PINGs...
[DEBUG-ZOMBIE] Limpiando 0 zombies...
[DEBUG-ZOMBIE] Cleanup de zombies completado
[DEBUG-ZOMBIE] Iniciando cleanup de zombies...
[DEBUG-ZOMBIE] Intentando tomar clients_mutex para cleanup...
[DEBUG-ZOMBIE] Revisando 0 clientes...
[DEBUG-ZOMBIE] clients_mutex liberado en cleanup
[DEBUG-ZOMBIE] Enviando 0 PINGs...
[DEBUG-ZOMBIE] Limpiando 0 zombies...
[DEBUG-ZOMBIE] Cleanup de zombies completado
[DEBUG-ZOMBIE] Iniciando cleanup de zombies...
[DEBUG-ZOMBIE] Intentando tomar clients_mutex para cleanup...
[DEBUG-ZOMBIE] Revisando 0 clientes...
[DEBUG-ZOMBIE] clients_mutex liberado en cleanup
[DEBUG-ZOMBIE] Enviando 0 PINGs...
[DEBUG-ZOMBIE] Limpiando 0 zombies...
[DEBUG-ZOMBIE] Cleanup de zombies completado
[DEBUG-ZOMBIE] Iniciando cleanup de zombies...
[DEBUG-ZOMBIE] Intentando tomar clients_mutex para cleanup...
[DEBUG-ZOMBIE] Revisando 0 clientes...
[DEBUG-ZOMBIE] clients_mutex liberado en cleanup
[DEBUG-ZOMBIE] Enviando 0 PINGs...
[DEBUG-ZOMBIE] Limpiando 0 zombies...
[DEBUG-ZOMBIE] Cleanup de zombies completado
[DEBUG-ZOMBIE] Intentando tomar clients_mutex en debugPrintClients...

=== DEBUG - ESTADO CLIENTES ===
Total clientes: 0
Total sesiones: 0
Mapas disponibles: 11
Directorio de escaneo: C:/xampp/htdocs/UPMAPS/Maps/
Sistema FAILOVER: ACTIVO
==================================

[DEBUG-ZOMBIE] Liberando clients_mutex en debugPrintClients
[DEBUG-ZOMBIE] Iniciando cleanup de zombies...
[DEBUG-ZOMBIE] Intentando tomar clients_mutex para cleanup...
[DEBUG-ZOMBIE] Revisando 0 clientes...
[DEBUG-ZOMBIE] clients_mutex liberado en cleanup
[DEBUG-ZOMBIE] Enviando 0 PINGs...
[DEBUG-ZOMBIE] Limpiando 0 zombies...
[DEBUG-ZOMBIE] Cleanup de zombies completado
[DEBUG-ZOMBIE] Iniciando cleanup de zombies...
[DEBUG-ZOMBIE] Intentando tomar clients_mutex para cleanup...
[DEBUG-ZOMBIE] Revisando 0 clientes...
[DEBUG-ZOMBIE] clients_mutex liberado en cleanup
[DEBUG-ZOMBIE] Enviando 0 PINGs...
[DEBUG-ZOMBIE] Limpiando 0 zombies...
[DEBUG-ZOMBIE] Cleanup de zombies completado
[DEBUG-ZOMBIE] Iniciando cleanup de zombies...
[DEBUG-ZOMBIE] Intentando tomar clients_mutex para cleanup...
[DEBUG-ZOMBIE] Revisando 0 clientes...
[DEBUG-ZOMBIE] clients_mutex liberado en cleanup
[DEBUG-ZOMBIE] Enviando 0 PINGs...
[DEBUG-ZOMBIE] Limpiando 0 zombies...
[DEBUG-ZOMBIE] Cleanup de zombies completado
[DEBUG-ZOMBIE] Iniciando cleanup de zombies...
[DEBUG-ZOMBIE] Intentando tomar clients_mutex para cleanup...
[DEBUG-ZOMBIE] Revisando 0 clientes...
[DEBUG-ZOMBIE] clients_mutex liberado en cleanup
[DEBUG-ZOMBIE] Enviando 0 PINGs...
[DEBUG-ZOMBIE] Limpiando 0 zombies...
[DEBUG-ZOMBIE] Cleanup de zombies completado
[DEBUG-ZOMBIE] Intentando tomar clients_mutex en debugPrintClients...

=== DEBUG - ESTADO CLIENTES ===
Total clientes: 0
Total sesiones: 0
Mapas disponibles: 11
Directorio de escaneo: C:/xampp/htdocs/UPMAPS/Maps/
Sistema FAILOVER: ACTIVO
==================================

[DEBUG-ZOMBIE] Liberando clients_mutex en debugPrintClients
[DEBUG-ZOMBIE] Iniciando cleanup de zombies...
[DEBUG-ZOMBIE] Intentando tomar clients_mutex para cleanup...
[DEBUG-ZOMBIE] Revisando 0 clientes...
[DEBUG-ZOMBIE] clients_mutex liberado en cleanup
[DEBUG-ZOMBIE] Enviando 0 PINGs...
[DEBUG-ZOMBIE] Limpiando 0 zombies...
[DEBUG-ZOMBIE] Cleanup de zombies completado
[DEBUG-ZOMBIE] Iniciando cleanup de zombies...
[DEBUG-ZOMBIE] Intentando tomar clients_mutex para cleanup...
[DEBUG-ZOMBIE] Revisando 0 clientes...
[DEBUG-ZOMBIE] clients_mutex liberado en cleanup
[DEBUG-ZOMBIE] Enviando 0 PINGs...
[DEBUG-ZOMBIE] Limpiando 0 zombies...
[DEBUG-ZOMBIE] Cleanup de zombies completado
[DEBUG-ZOMBIE] Iniciando cleanup de zombies...
[DEBUG-ZOMBIE] Intentando tomar clients_mutex para cleanup...
[DEBUG-ZOMBIE] Revisando 0 clientes...
[DEBUG-ZOMBIE] clients_mutex liberado en cleanup
[DEBUG-ZOMBIE] Enviando 0 PINGs...
[DEBUG-ZOMBIE] Limpiando 0 zombies...
[DEBUG-ZOMBIE] Cleanup de zombies completado
[DEBUG-ZOMBIE] Iniciando cleanup de zombies...
[DEBUG-ZOMBIE] Intentando tomar clients_mutex para cleanup...
[DEBUG-ZOMBIE] Revisando 0 clientes...
[DEBUG-ZOMBIE] clients_mutex liberado en cleanup
[DEBUG-ZOMBIE] Enviando 0 PINGs...
[DEBUG-ZOMBIE] Limpiando 0 zombies...
[DEBUG-ZOMBIE] Cleanup de zombies completado
[DEBUG-ZOMBIE] Intentando tomar clients_mutex en debugPrintClients...

=== DEBUG - ESTADO CLIENTES ===
Total clientes: 0
Total sesiones: 0
Mapas disponibles: 11
Directorio de escaneo: C:/xampp/htdocs/UPMAPS/Maps/
Sistema FAILOVER: ACTIVO
==================================

[DEBUG-ZOMBIE] Liberando clients_mutex en debugPrintClients
[DEBUG-ZOMBIE] Iniciando cleanup de zombies...
[DEBUG-ZOMBIE] Intentando tomar clients_mutex para cleanup...
[DEBUG-ZOMBIE] Revisando 0 clientes...
[DEBUG-ZOMBIE] clients_mutex liberado en cleanup
[DEBUG-ZOMBIE] Enviando 0 PINGs...
[DEBUG-ZOMBIE] Limpiando 0 zombies...
[DEBUG-ZOMBIE] Cleanup de zombies completado
[DEBUG-ZOMBIE] Iniciando cleanup de zombies...
[DEBUG-ZOMBIE] Intentando tomar clients_mutex para cleanup...
[DEBUG-ZOMBIE] Revisando 0 clientes...
[DEBUG-ZOMBIE] clients_mutex liberado en cleanup
[DEBUG-ZOMBIE] Enviando 0 PINGs...
[DEBUG-ZOMBIE] Limpiando 0 zombies...
[DEBUG-ZOMBIE] Cleanup de zombies completado
[DEBUG-ZOMBIE] Iniciando cleanup de zombies...
[DEBUG-ZOMBIE] Intentando tomar clients_mutex para cleanup...
[DEBUG-ZOMBIE] Revisando 0 clientes...
[DEBUG-ZOMBIE] clients_mutex liberado en cleanup
[DEBUG-ZOMBIE] Enviando 0 PINGs...
[DEBUG-ZOMBIE] Limpiando 0 zombies...
[DEBUG-ZOMBIE] Cleanup de zombies completado
[DEBUG-ZOMBIE] Iniciando cleanup de zombies...
[DEBUG-ZOMBIE] Intentando tomar clients_mutex para cleanup...
[DEBUG-ZOMBIE] Revisando 0 clientes...
[DEBUG-ZOMBIE] clients_mutex liberado en cleanup
[DEBUG-ZOMBIE] Enviando 0 PINGs...
[DEBUG-ZOMBIE] Limpiando 0 zombies...
[DEBUG-ZOMBIE] Cleanup de zombies completado
[DEBUG-ZOMBIE] Intentando tomar clients_mutex en debugPrintClients...

=== DEBUG - ESTADO CLIENTES ===
Total clientes: 0
Total sesiones: 0
Mapas disponibles: 11
Directorio de escaneo: C:/xampp/htdocs/UPMAPS/Maps/
Sistema FAILOVER: ACTIVO
==================================

[DEBUG-ZOMBIE] Liberando clients_mutex en debugPrintClients
[DEBUG-ZOMBIE] Iniciando cleanup de zombies...
[DEBUG-ZOMBIE] Intentando tomar clients_mutex para cleanup...
[DEBUG-ZOMBIE] Revisando 0 clientes...
[DEBUG-ZOMBIE] clients_mutex liberado en cleanup
[DEBUG-ZOMBIE] Enviando 0 PINGs...
[DEBUG-ZOMBIE] Limpiando 0 zombies...
[DEBUG-ZOMBIE] Cleanup de zombies completado
[DEBUG-ZOMBIE] Iniciando cleanup de zombies...
[DEBUG-ZOMBIE] Intentando tomar clients_mutex para cleanup...
[DEBUG-ZOMBIE] Revisando 0 clientes...
[DEBUG-ZOMBIE] clients_mutex liberado en cleanup
[DEBUG-ZOMBIE] Enviando 0 PINGs...
[DEBUG-ZOMBIE] Limpiando 0 zombies...
[DEBUG-ZOMBIE] Cleanup de zombies completado
[DEBUG-ZOMBIE] Iniciando cleanup de zombies...
[DEBUG-ZOMBIE] Intentando tomar clients_mutex para cleanup...
[DEBUG-ZOMBIE] Revisando 0 clientes...
[DEBUG-ZOMBIE] clients_mutex liberado en cleanup
[DEBUG-ZOMBIE] Enviando 0 PINGs...
[DEBUG-ZOMBIE] Limpiando 0 zombies...
[DEBUG-ZOMBIE] Cleanup de zombies completado
[DEBUG-ZOMBIE] Iniciando cleanup de zombies...
[DEBUG-ZOMBIE] Intentando tomar clients_mutex para cleanup...
[DEBUG-ZOMBIE] Revisando 0 clientes...
[DEBUG-ZOMBIE] clients_mutex liberado en cleanup
[DEBUG-ZOMBIE] Enviando 0 PINGs...
[DEBUG-ZOMBIE] Limpiando 0 zombies...
[DEBUG-ZOMBIE] Cleanup de zombies completado
[DEBUG-ZOMBIE] Intentando tomar clients_mutex en debugPrintClients...

=== DEBUG - ESTADO CLIENTES ===
Total clientes: 0
Total sesiones: 0
Mapas disponibles: 11
Directorio de escaneo: C:/xampp/htdocs/UPMAPS/Maps/
Sistema FAILOVER: ACTIVO
==================================

[DEBUG-ZOMBIE] Liberando clients_mutex en debugPrintClients
[DEBUG-ZOMBIE] Iniciando cleanup de zombies...
[DEBUG-ZOMBIE] Intentando tomar clients_mutex para cleanup...
[DEBUG-ZOMBIE] Revisando 0 clientes...
[DEBUG-ZOMBIE] clients_mutex liberado en cleanup
[DEBUG-ZOMBIE] Enviando 0 PINGs...
[DEBUG-ZOMBIE] Limpiando 0 zombies...
[DEBUG-ZOMBIE] Cleanup de zombies completado
[DEBUG-ZOMBIE] Iniciando cleanup de zombies...
[DEBUG-ZOMBIE] Intentando tomar clients_mutex para cleanup...
[DEBUG-ZOMBIE] Revisando 0 clientes...
[DEBUG-ZOMBIE] clients_mutex liberado en cleanup
[DEBUG-ZOMBIE] Enviando 0 PINGs...
[DEBUG-ZOMBIE] Limpiando 0 zombies...
[DEBUG-ZOMBIE] Cleanup de zombies completado
[DEBUG-ZOMBIE] Iniciando cleanup de zombies...
[DEBUG-ZOMBIE] Intentando tomar clients_mutex para cleanup...
[DEBUG-ZOMBIE] Revisando 0 clientes...
[DEBUG-ZOMBIE] clients_mutex liberado en cleanup
[DEBUG-ZOMBIE] Enviando 0 PINGs...
[DEBUG-ZOMBIE] Limpiando 0 zombies...
[DEBUG-ZOMBIE] Cleanup de zombies completado
[DEBUG-ZOMBIE] Iniciando cleanup de zombies...
[DEBUG-ZOMBIE] Intentando tomar clients_mutex para cleanup...
[DEBUG-ZOMBIE] Revisando 0 clientes...
[DEBUG-ZOMBIE] clients_mutex liberado en cleanup
[DEBUG-ZOMBIE] Enviando 0 PINGs...
[DEBUG-ZOMBIE] Limpiando 0 zombies...
[DEBUG-ZOMBIE] Cleanup de zombies completado
[DEBUG-ZOMBIE] Intentando tomar clients_mutex en debugPrintClients...

=== DEBUG - ESTADO CLIENTES ===
Total clientes: 0
Total sesiones: 0
Mapas disponibles: 11
Directorio de escaneo: C:/xampp/htdocs/UPMAPS/Maps/
Sistema FAILOVER: ACTIVO
==================================

[DEBUG-ZOMBIE] Liberando clients_mutex en debugPrintClients
[DEBUG-ZOMBIE] Iniciando cleanup de zombies...
[DEBUG-ZOMBIE] Intentando tomar clients_mutex para cleanup...
[DEBUG-ZOMBIE] Revisando 0 clientes...
[DEBUG-ZOMBIE] clients_mutex liberado en cleanup
[DEBUG-ZOMBIE] Enviando 0 PINGs...
[DEBUG-ZOMBIE] Limpiando 0 zombies...
[DEBUG-ZOMBIE] Cleanup de zombies completado
[DEBUG-ZOMBIE] Iniciando cleanup de zombies...
[DEBUG-ZOMBIE] Intentando tomar clients_mutex para cleanup...
[DEBUG-ZOMBIE] Revisando 0 clientes...
[DEBUG-ZOMBIE] clients_mutex liberado en cleanup
[DEBUG-ZOMBIE] Enviando 0 PINGs...
[DEBUG-ZOMBIE] Limpiando 0 zombies...
[DEBUG-ZOMBIE] Cleanup de zombies completado
[DEBUG-ZOMBIE] Iniciando cleanup de zombies...
[DEBUG-ZOMBIE] Intentando tomar clients_mutex para cleanup...
[DEBUG-ZOMBIE] Revisando 0 clientes...
[DEBUG-ZOMBIE] clients_mutex liberado en cleanup
[DEBUG-ZOMBIE] Enviando 0 PINGs...
[DEBUG-ZOMBIE] Limpiando 0 zombies...
[DEBUG-ZOMBIE] Cleanup de zombies completado
[DEBUG-ZOMBIE] Iniciando cleanup de zombies...
[DEBUG-ZOMBIE] Intentando tomar clients_mutex para cleanup...
[DEBUG-ZOMBIE] Revisando 0 clientes...
[DEBUG-ZOMBIE] clients_mutex liberado en cleanup
[DEBUG-ZOMBIE] Enviando 0 PINGs...
[DEBUG-ZOMBIE] Limpiando 0 zombies...
[DEBUG-ZOMBIE] Cleanup de zombies completado
[DEBUG-ZOMBIE] Intentando tomar clients_mutex en debugPrintClients...

=== DEBUG - ESTADO CLIENTES ===
Total clientes: 0
Total sesiones: 0
Mapas disponibles: 11
Directorio de escaneo: C:/xampp/htdocs/UPMAPS/Maps/
Sistema FAILOVER: ACTIVO
==================================

[DEBUG-ZOMBIE] Liberando clients_mutex en debugPrintClients
[DEBUG-ZOMBIE] Iniciando cleanup de zombies...
[DEBUG-ZOMBIE] Intentando tomar clients_mutex para cleanup...
[DEBUG-ZOMBIE] Revisando 0 clientes...
[DEBUG-ZOMBIE] clients_mutex liberado en cleanup
[DEBUG-ZOMBIE] Enviando 0 PINGs...
[DEBUG-ZOMBIE] Limpiando 0 zombies...
[DEBUG-ZOMBIE] Cleanup de zombies completado
[DEBUG-ZOMBIE] Iniciando cleanup de zombies...
[DEBUG-ZOMBIE] Intentando tomar clients_mutex para cleanup...
[DEBUG-ZOMBIE] Revisando 0 clientes...
[DEBUG-ZOMBIE] clients_mutex liberado en cleanup
[DEBUG-ZOMBIE] Enviando 0 PINGs...
[DEBUG-ZOMBIE] Limpiando 0 zombies...
[DEBUG-ZOMBIE] Cleanup de zombies completado
[DEBUG-ZOMBIE] Iniciando cleanup de zombies...
[DEBUG-ZOMBIE] Intentando tomar clients_mutex para cleanup...
[DEBUG-ZOMBIE] Revisando 0 clientes...
[DEBUG-ZOMBIE] clients_mutex liberado en cleanup
[DEBUG-ZOMBIE] Enviando 0 PINGs...
[DEBUG-ZOMBIE] Limpiando 0 zombies...
[DEBUG-ZOMBIE] Cleanup de zombies completado
[DEBUG-ZOMBIE] Iniciando cleanup de zombies...
[DEBUG-ZOMBIE] Intentando tomar clients_mutex para cleanup...
[DEBUG-ZOMBIE] Revisando 0 clientes...
[DEBUG-ZOMBIE] clients_mutex liberado en cleanup
[DEBUG-ZOMBIE] Enviando 0 PINGs...
[DEBUG-ZOMBIE] Limpiando 0 zombies...
[DEBUG-ZOMBIE] Cleanup de zombies completado
[DEBUG-ZOMBIE] Intentando tomar clients_mutex en debugPrintClients...

=== DEBUG - ESTADO CLIENTES ===
Total clientes: 0
Total sesiones: 0
Mapas disponibles: 11
Directorio de escaneo: C:/xampp/htdocs/UPMAPS/Maps/
Sistema FAILOVER: ACTIVO
==================================

[DEBUG-ZOMBIE] Liberando clients_mutex en debugPrintClients
[DEBUG-ZOMBIE] Iniciando cleanup de zombies...
[DEBUG-ZOMBIE] Intentando tomar clients_mutex para cleanup...
[DEBUG-ZOMBIE] Revisando 0 clientes...
[DEBUG-ZOMBIE] clients_mutex liberado en cleanup
[DEBUG-ZOMBIE] Enviando 0 PINGs...
[DEBUG-ZOMBIE] Limpiando 0 zombies...
[DEBUG-ZOMBIE] Cleanup de zombies completado
[DEBUG-ZOMBIE] Iniciando cleanup de zombies...
[DEBUG-ZOMBIE] Intentando tomar clients_mutex para cleanup...
[DEBUG-ZOMBIE] Revisando 0 clientes...
[DEBUG-ZOMBIE] clients_mutex liberado en cleanup
[DEBUG-ZOMBIE] Enviando 0 PINGs...
[DEBUG-ZOMBIE] Limpiando 0 zombies...
[DEBUG-ZOMBIE] Cleanup de zombies completado
[DEBUG-ZOMBIE] Iniciando cleanup de zombies...
[DEBUG-ZOMBIE] Intentando tomar clients_mutex para cleanup...
[DEBUG-ZOMBIE] Revisando 0 clientes...
[DEBUG-ZOMBIE] clients_mutex liberado en cleanup
[DEBUG-ZOMBIE] Enviando 0 PINGs...
[DEBUG-ZOMBIE] Limpiando 0 zombies...
[DEBUG-ZOMBIE] Cleanup de zombies completado
[DEBUG-ZOMBIE] Iniciando cleanup de zombies...
[DEBUG-ZOMBIE] Intentando tomar clients_mutex para cleanup...
[DEBUG-ZOMBIE] Revisando 0 clientes...
[DEBUG-ZOMBIE] clients_mutex liberado en cleanup
[DEBUG-ZOMBIE] Enviando 0 PINGs...
[DEBUG-ZOMBIE] Limpiando 0 zombies...
[DEBUG-ZOMBIE] Cleanup de zombies completado
[DEBUG-ZOMBIE] Intentando tomar clients_mutex en debugPrintClients...

=== DEBUG - ESTADO CLIENTES ===
Total clientes: 0
Total sesiones: 0
Mapas disponibles: 11
Directorio de escaneo: C:/xampp/htdocs/UPMAPS/Maps/
Sistema FAILOVER: ACTIVO
==================================

[DEBUG-ZOMBIE] Liberando clients_mutex en debugPrintClients
[DEBUG-ZOMBIE] Iniciando cleanup de zombies...
[DEBUG-ZOMBIE] Intentando tomar clients_mutex para cleanup...
[DEBUG-ZOMBIE] Revisando 0 clientes...
[DEBUG-ZOMBIE] clients_mutex liberado en cleanup
[DEBUG-ZOMBIE] Enviando 0 PINGs...
[DEBUG-ZOMBIE] Limpiando 0 zombies...
[DEBUG-ZOMBIE] Cleanup de zombies completado
[DEBUG-ZOMBIE] Iniciando cleanup de zombies...
[DEBUG-ZOMBIE] Intentando tomar clients_mutex para cleanup...
[DEBUG-ZOMBIE] Revisando 0 clientes...
[DEBUG-ZOMBIE] clients_mutex liberado en cleanup
[DEBUG-ZOMBIE] Enviando 0 PINGs...
[DEBUG-ZOMBIE] Limpiando 0 zombies...
[DEBUG-ZOMBIE] Cleanup de zombies completado
[DEBUG-ZOMBIE] Iniciando cleanup de zombies...
[DEBUG-ZOMBIE] Intentando tomar clients_mutex para cleanup...
[DEBUG-ZOMBIE] Revisando 0 clientes...
[DEBUG-ZOMBIE] clients_mutex liberado en cleanup
[DEBUG-ZOMBIE] Enviando 0 PINGs...
[DEBUG-ZOMBIE] Limpiando 0 zombies...
[DEBUG-ZOMBIE] Cleanup de zombies completado
[DEBUG-ZOMBIE] Iniciando cleanup de zombies...
[DEBUG-ZOMBIE] Intentando tomar clients_mutex para cleanup...
[DEBUG-ZOMBIE] Revisando 0 clientes...
[DEBUG-ZOMBIE] clients_mutex liberado en cleanup
[DEBUG-ZOMBIE] Enviando 0 PINGs...
[DEBUG-ZOMBIE] Limpiando 0 zombies...
[DEBUG-ZOMBIE] Cleanup de zombies completado
[DEBUG-ZOMBIE] Intentando tomar clients_mutex en debugPrintClients...

=== DEBUG - ESTADO CLIENTES ===
Total clientes: 0
Total sesiones: 0
Mapas disponibles: 11
Directorio de escaneo: C:/xampp/htdocs/UPMAPS/Maps/
Sistema FAILOVER: ACTIVO
==================================

[DEBUG-ZOMBIE] Liberando clients_mutex en debugPrintClients
[DEBUG-ZOMBIE] Iniciando cleanup de zombies...
[DEBUG-ZOMBIE] Intentando tomar clients_mutex para cleanup...
[DEBUG-ZOMBIE] Revisando 0 clientes...
[DEBUG-ZOMBIE] clients_mutex liberado en cleanup
[DEBUG-ZOMBIE] Enviando 0 PINGs...
[DEBUG-ZOMBIE] Limpiando 0 zombies...
[DEBUG-ZOMBIE] Cleanup de zombies completado
[DEBUG-ZOMBIE] Iniciando cleanup de zombies...
[DEBUG-ZOMBIE] Intentando tomar clients_mutex para cleanup...
[DEBUG-ZOMBIE] Revisando 0 clientes...
[DEBUG-ZOMBIE] clients_mutex liberado en cleanup
[DEBUG-ZOMBIE] Enviando 0 PINGs...
[DEBUG-ZOMBIE] Limpiando 0 zombies...
[DEBUG-ZOMBIE] Cleanup de zombies completado
[DEBUG-ZOMBIE] Iniciando cleanup de zombies...
[DEBUG-ZOMBIE] Intentando tomar clients_mutex para cleanup...
[DEBUG-ZOMBIE] Revisando 0 clientes...
[DEBUG-ZOMBIE] clients_mutex liberado en cleanup
[DEBUG-ZOMBIE] Enviando 0 PINGs...
[DEBUG-ZOMBIE] Limpiando 0 zombies...
[DEBUG-ZOMBIE] Cleanup de zombies completado
[DEBUG-ZOMBIE] Iniciando cleanup de zombies...
[DEBUG-ZOMBIE] Intentando tomar clients_mutex para cleanup...
[DEBUG-ZOMBIE] Revisando 0 clientes...
[DEBUG-ZOMBIE] clients_mutex liberado en cleanup
[DEBUG-ZOMBIE] Enviando 0 PINGs...
[DEBUG-ZOMBIE] Limpiando 0 zombies...
[DEBUG-ZOMBIE] Cleanup de zombies completado
[DEBUG-ZOMBIE] Intentando tomar clients_mutex en debugPrintClients...

=== DEBUG - ESTADO CLIENTES ===
Total clientes: 0
Total sesiones: 0
Mapas disponibles: 11
Directorio de escaneo: C:/xampp/htdocs/UPMAPS/Maps/
Sistema FAILOVER: ACTIVO
==================================

[DEBUG-ZOMBIE] Liberando clients_mutex en debugPrintClients
[DEBUG-ZOMBIE] Iniciando cleanup de zombies...
[DEBUG-ZOMBIE] Intentando tomar clients_mutex para cleanup...
[DEBUG-ZOMBIE] Revisando 0 clientes...
[DEBUG-ZOMBIE] clients_mutex liberado en cleanup
[DEBUG-ZOMBIE] Enviando 0 PINGs...
[DEBUG-ZOMBIE] Limpiando 0 zombies...
[DEBUG-ZOMBIE] Cleanup de zombies completado
[DEBUG-ZOMBIE] Iniciando cleanup de zombies...
[DEBUG-ZOMBIE] Intentando tomar clients_mutex para cleanup...
[DEBUG-ZOMBIE] Revisando 0 clientes...
[DEBUG-ZOMBIE] clients_mutex liberado en cleanup
[DEBUG-ZOMBIE] Enviando 0 PINGs...
[DEBUG-ZOMBIE] Limpiando 0 zombies...
[DEBUG-ZOMBIE] Cleanup de zombies completado
[DEBUG-ZOMBIE] Iniciando cleanup de zombies...
[DEBUG-ZOMBIE] Intentando tomar clients_mutex para cleanup...
[DEBUG-ZOMBIE] Revisando 0 clientes...
[DEBUG-ZOMBIE] clients_mutex liberado en cleanup
[DEBUG-ZOMBIE] Enviando 0 PINGs...
[DEBUG-ZOMBIE] Limpiando 0 zombies...
[DEBUG-ZOMBIE] Cleanup de zombies completado
[DEBUG-ZOMBIE] Iniciando cleanup de zombies...
[DEBUG-ZOMBIE] Intentando tomar clients_mutex para cleanup...
[DEBUG-ZOMBIE] Revisando 0 clientes...
[DEBUG-ZOMBIE] clients_mutex liberado en cleanup
[DEBUG-ZOMBIE] Enviando 0 PINGs...
[DEBUG-ZOMBIE] Limpiando 0 zombies...
[DEBUG-ZOMBIE] Cleanup de zombies completado
[DEBUG-ZOMBIE] Intentando tomar clients_mutex en debugPrintClients...

=== DEBUG - ESTADO CLIENTES ===
Total clientes: 0
Total sesiones: 0
Mapas disponibles: 11
Directorio de escaneo: C:/xampp/htdocs/UPMAPS/Maps/
Sistema FAILOVER: ACTIVO
==================================

[DEBUG-ZOMBIE] Liberando clients_mutex en debugPrintClients
[DEBUG-ZOMBIE] Iniciando cleanup de zombies...
[DEBUG-ZOMBIE] Intentando tomar clients_mutex para cleanup...
[DEBUG-ZOMBIE] Revisando 0 clientes...
[DEBUG-ZOMBIE] clients_mutex liberado en cleanup
[DEBUG-ZOMBIE] Enviando 0 PINGs...
[DEBUG-ZOMBIE] Limpiando 0 zombies...
[DEBUG-ZOMBIE] Cleanup de zombies completado
[DEBUG-ZOMBIE] Iniciando cleanup de zombies...
[DEBUG-ZOMBIE] Intentando tomar clients_mutex para cleanup...
[DEBUG-ZOMBIE] Revisando 0 clientes...
[DEBUG-ZOMBIE] clients_mutex liberado en cleanup
[DEBUG-ZOMBIE] Enviando 0 PINGs...
[DEBUG-ZOMBIE] Limpiando 0 zombies...
[DEBUG-ZOMBIE] Cleanup de zombies completado
[DEBUG-ZOMBIE] Iniciando cleanup de zombies...
[DEBUG-ZOMBIE] Intentando tomar clients_mutex para cleanup...
[DEBUG-ZOMBIE] Revisando 0 clientes...
[DEBUG-ZOMBIE] clients_mutex liberado en cleanup
[DEBUG-ZOMBIE] Enviando 0 PINGs...
[DEBUG-ZOMBIE] Limpiando 0 zombies...
[DEBUG-ZOMBIE] Cleanup de zombies completado
[DEBUG-ZOMBIE] Iniciando cleanup de zombies...
[DEBUG-ZOMBIE] Intentando tomar clients_mutex para cleanup...
[DEBUG-ZOMBIE] Revisando 0 clientes...
[DEBUG-ZOMBIE] clients_mutex liberado en cleanup
[DEBUG-ZOMBIE] Enviando 0 PINGs...
[DEBUG-ZOMBIE] Limpiando 0 zombies...
[DEBUG-ZOMBIE] Cleanup de zombies completado
[DEBUG-ZOMBIE] Intentando tomar clients_mutex en debugPrintClients...

=== DEBUG - ESTADO CLIENTES ===
Total clientes: 0
Total sesiones: 0
Mapas disponibles: 11
Directorio de escaneo: C:/xampp/htdocs/UPMAPS/Maps/
Sistema FAILOVER: ACTIVO
==================================

[DEBUG-ZOMBIE] Liberando clients_mutex en debugPrintClients
[DEBUG-ZOMBIE] Iniciando cleanup de zombies...
[DEBUG-ZOMBIE] Intentando tomar clients_mutex para cleanup...
[DEBUG-ZOMBIE] Revisando 0 clientes...
[DEBUG-ZOMBIE] clients_mutex liberado en cleanup
[DEBUG-ZOMBIE] Enviando 0 PINGs...
[DEBUG-ZOMBIE] Limpiando 0 zombies...
[DEBUG-ZOMBIE] Cleanup de zombies completado
[DEBUG-ZOMBIE] Iniciando cleanup de zombies...
[DEBUG-ZOMBIE] Intentando tomar clients_mutex para cleanup...
[DEBUG-ZOMBIE] Revisando 0 clientes...
[DEBUG-ZOMBIE] clients_mutex liberado en cleanup
[DEBUG-ZOMBIE] Enviando 0 PINGs...
[DEBUG-ZOMBIE] Limpiando 0 zombies...
[DEBUG-ZOMBIE] Cleanup de zombies completado
[DEBUG-ZOMBIE] Iniciando cleanup de zombies...
[DEBUG-ZOMBIE] Intentando tomar clients_mutex para cleanup...
[DEBUG-ZOMBIE] Revisando 0 clientes...
[DEBUG-ZOMBIE] clients_mutex liberado en cleanup
[DEBUG-ZOMBIE] Enviando 0 PINGs...
[DEBUG-ZOMBIE] Limpiando 0 zombies...
[DEBUG-ZOMBIE] Cleanup de zombies completado
[DEBUG-ZOMBIE] Iniciando cleanup de zombies...
[DEBUG-ZOMBIE] Intentando tomar clients_mutex para cleanup...
[DEBUG-ZOMBIE] Revisando 0 clientes...
[DEBUG-ZOMBIE] clients_mutex liberado en cleanup
[DEBUG-ZOMBIE] Enviando 0 PINGs...
[DEBUG-ZOMBIE] Limpiando 0 zombies...
[DEBUG-ZOMBIE] Cleanup de zombies completado
[DEBUG-ZOMBIE] Intentando tomar clients_mutex en debugPrintClients...

=== DEBUG - ESTADO CLIENTES ===
Total clientes: 0
Total sesiones: 0
Mapas disponibles: 11
Directorio de escaneo: C:/xampp/htdocs/UPMAPS/Maps/
Sistema FAILOVER: ACTIVO
==================================

[DEBUG-ZOMBIE] Liberando clients_mutex en debugPrintClients
[DEBUG-ZOMBIE] Iniciando cleanup de zombies...
[DEBUG-ZOMBIE] Intentando tomar clients_mutex para cleanup...
[DEBUG-ZOMBIE] Revisando 0 clientes...
[DEBUG-ZOMBIE] clients_mutex liberado en cleanup
[DEBUG-ZOMBIE] Enviando 0 PINGs...
[DEBUG-ZOMBIE] Limpiando 0 zombies...
[DEBUG-ZOMBIE] Cleanup de zombies completado
[DEBUG-ZOMBIE] Iniciando cleanup de zombies...
[DEBUG-ZOMBIE] Intentando tomar clients_mutex para cleanup...
[DEBUG-ZOMBIE] Revisando 0 clientes...
[DEBUG-ZOMBIE] clients_mutex liberado en cleanup
[DEBUG-ZOMBIE] Enviando 0 PINGs...
[DEBUG-ZOMBIE] Limpiando 0 zombies...
[DEBUG-ZOMBIE] Cleanup de zombies completado
[DEBUG-ZOMBIE] Iniciando cleanup de zombies...
[DEBUG-ZOMBIE] Intentando tomar clients_mutex para cleanup...
[DEBUG-ZOMBIE] Revisando 0 clientes...
[DEBUG-ZOMBIE] clients_mutex liberado en cleanup
[DEBUG-ZOMBIE] Enviando 0 PINGs...
[DEBUG-ZOMBIE] Limpiando 0 zombies...
[DEBUG-ZOMBIE] Cleanup de zombies completado
[DEBUG-ZOMBIE] Iniciando cleanup de zombies...
[DEBUG-ZOMBIE] Intentando tomar clients_mutex para cleanup...
[DEBUG-ZOMBIE] Revisando 0 clientes...
[DEBUG-ZOMBIE] clients_mutex liberado en cleanup
[DEBUG-ZOMBIE] Enviando 0 PINGs...
[DEBUG-ZOMBIE] Limpiando 0 zombies...
[DEBUG-ZOMBIE] Cleanup de zombies completado
[DEBUG-ZOMBIE] Intentando tomar clients_mutex en debugPrintClients...

=== DEBUG - ESTADO CLIENTES ===
Total clientes: 0
Total sesiones: 0
Mapas disponibles: 11
Directorio de escaneo: C:/xampp/htdocs/UPMAPS/Maps/
Sistema FAILOVER: ACTIVO
==================================

[DEBUG-ZOMBIE] Liberando clients_mutex en debugPrintClients
[DEBUG-ZOMBIE] Iniciando cleanup de zombies...
[DEBUG-ZOMBIE] Intentando tomar clients_mutex para cleanup...
[DEBUG-ZOMBIE] Revisando 0 clientes...
[DEBUG-ZOMBIE] clients_mutex liberado en cleanup
[DEBUG-ZOMBIE] Enviando 0 PINGs...
[DEBUG-ZOMBIE] Limpiando 0 zombies...
[DEBUG-ZOMBIE] Cleanup de zombies completado
[DEBUG-ZOMBIE] Iniciando cleanup de zombies...
[DEBUG-ZOMBIE] Intentando tomar clients_mutex para cleanup...
[DEBUG-ZOMBIE] Revisando 0 clientes...
[DEBUG-ZOMBIE] clients_mutex liberado en cleanup
[DEBUG-ZOMBIE] Enviando 0 PINGs...
[DEBUG-ZOMBIE] Limpiando 0 zombies...
[DEBUG-ZOMBIE] Cleanup de zombies completado
[DEBUG-ZOMBIE] Iniciando cleanup de zombies...
[DEBUG-ZOMBIE] Intentando tomar clients_mutex para cleanup...
[DEBUG-ZOMBIE] Revisando 0 clientes...
[DEBUG-ZOMBIE] clients_mutex liberado en cleanup
[DEBUG-ZOMBIE] Enviando 0 PINGs...
[DEBUG-ZOMBIE] Limpiando 0 zombies...
[DEBUG-ZOMBIE] Cleanup de zombies completado
[DEBUG-ZOMBIE] Iniciando cleanup de zombies...
[DEBUG-ZOMBIE] Intentando tomar clients_mutex para cleanup...
[DEBUG-ZOMBIE] Revisando 0 clientes...
[DEBUG-ZOMBIE] clients_mutex liberado en cleanup
[DEBUG-ZOMBIE] Enviando 0 PINGs...
[DEBUG-ZOMBIE] Limpiando 0 zombies...
[DEBUG-ZOMBIE] Cleanup de zombies completado
[DEBUG-ZOMBIE] Intentando tomar clients_mutex en debugPrintClients...

=== DEBUG - ESTADO CLIENTES ===
Total clientes: 0
Total sesiones: 0
Mapas disponibles: 11
Directorio de escaneo: C:/xampp/htdocs/UPMAPS/Maps/
Sistema FAILOVER: ACTIVO
==================================

[DEBUG-ZOMBIE] Liberando clients_mutex en debugPrintClients
[DEBUG-ZOMBIE] Iniciando cleanup de zombies...
[DEBUG-ZOMBIE] Intentando tomar clients_mutex para cleanup...
[DEBUG-ZOMBIE] Revisando 0 clientes...
[DEBUG-ZOMBIE] clients_mutex liberado en cleanup
[DEBUG-ZOMBIE] Enviando 0 PINGs...
[DEBUG-ZOMBIE] Limpiando 0 zombies...
[DEBUG-ZOMBIE] Cleanup de zombies completado
[DEBUG-ZOMBIE] Iniciando cleanup de zombies...
[DEBUG-ZOMBIE] Intentando tomar clients_mutex para cleanup...
[DEBUG-ZOMBIE] Revisando 0 clientes...
[DEBUG-ZOMBIE] clients_mutex liberado en cleanup
[DEBUG-ZOMBIE] Enviando 0 PINGs...
[DEBUG-ZOMBIE] Limpiando 0 zombies...
[DEBUG-ZOMBIE] Cleanup de zombies completado
[DEBUG-ZOMBIE] Iniciando cleanup de zombies...
[DEBUG-ZOMBIE] Intentando tomar clients_mutex para cleanup...
[DEBUG-ZOMBIE] Revisando 0 clientes...
[DEBUG-ZOMBIE] clients_mutex liberado en cleanup
[DEBUG-ZOMBIE] Enviando 0 PINGs...
[DEBUG-ZOMBIE] Limpiando 0 zombies...
[DEBUG-ZOMBIE] Cleanup de zombies completado
[DEBUG-ZOMBIE] Iniciando cleanup de zombies...
[DEBUG-ZOMBIE] Intentando tomar clients_mutex para cleanup...
[DEBUG-ZOMBIE] Revisando 0 clientes...
[DEBUG-ZOMBIE] clients_mutex liberado en cleanup
[DEBUG-ZOMBIE] Enviando 0 PINGs...
[DEBUG-ZOMBIE] Limpiando 0 zombies...
[DEBUG-ZOMBIE] Cleanup de zombies completado
[DEBUG-ZOMBIE] Intentando tomar clients_mutex en debugPrintClients...

=== DEBUG - ESTADO CLIENTES ===
Total clientes: 0
Total sesiones: 0
Mapas disponibles: 11
Directorio de escaneo: C:/xampp/htdocs/UPMAPS/Maps/
Sistema FAILOVER: ACTIVO
==================================

[DEBUG-ZOMBIE] Liberando clients_mutex en debugPrintClients
[DEBUG-ZOMBIE] Iniciando cleanup de zombies...
[DEBUG-ZOMBIE] Intentando tomar clients_mutex para cleanup...
[DEBUG-ZOMBIE] Revisando 0 clientes...
[DEBUG-ZOMBIE] clients_mutex liberado en cleanup
[DEBUG-ZOMBIE] Enviando 0 PINGs...
[DEBUG-ZOMBIE] Limpiando 0 zombies...
[DEBUG-ZOMBIE] Cleanup de zombies completado
[DEBUG-ZOMBIE] Iniciando cleanup de zombies...
[DEBUG-ZOMBIE] Intentando tomar clients_mutex para cleanup...
[DEBUG-ZOMBIE] Revisando 0 clientes...
[DEBUG-ZOMBIE] clients_mutex liberado en cleanup
[DEBUG-ZOMBIE] Enviando 0 PINGs...
[DEBUG-ZOMBIE] Limpiando 0 zombies...
[DEBUG-ZOMBIE] Cleanup de zombies completado
[DEBUG-ZOMBIE] Iniciando cleanup de zombies...
[DEBUG-ZOMBIE] Intentando tomar clients_mutex para cleanup...
[DEBUG-ZOMBIE] Revisando 0 clientes...
[DEBUG-ZOMBIE] clients_mutex liberado en cleanup
[DEBUG-ZOMBIE] Enviando 0 PINGs...
[DEBUG-ZOMBIE] Limpiando 0 zombies...
[DEBUG-ZOMBIE] Cleanup de zombies completado
[DEBUG-ZOMBIE] Iniciando cleanup de zombies...
[DEBUG-ZOMBIE] Intentando tomar clients_mutex para cleanup...
[DEBUG-ZOMBIE] Revisando 0 clientes...
[DEBUG-ZOMBIE] clients_mutex liberado en cleanup
[DEBUG-ZOMBIE] Enviando 0 PINGs...
[DEBUG-ZOMBIE] Limpiando 0 zombies...
[DEBUG-ZOMBIE] Cleanup de zombies completado
[DEBUG-ZOMBIE] Intentando tomar clients_mutex en debugPrintClients...

=== DEBUG - ESTADO CLIENTES ===
Total clientes: 0
Total sesiones: 0
Mapas disponibles: 11
Directorio de escaneo: C:/xampp/htdocs/UPMAPS/Maps/
Sistema FAILOVER: ACTIVO
==================================

[DEBUG-ZOMBIE] Liberando clients_mutex en debugPrintClients
[DEBUG-ZOMBIE] Iniciando cleanup de zombies...
[DEBUG-ZOMBIE] Intentando tomar clients_mutex para cleanup...
[DEBUG-ZOMBIE] Revisando 0 clientes...
[DEBUG-ZOMBIE] clients_mutex liberado en cleanup
[DEBUG-ZOMBIE] Enviando 0 PINGs...
[DEBUG-ZOMBIE] Limpiando 0 zombies...
[DEBUG-ZOMBIE] Cleanup de zombies completado
[DEBUG-ZOMBIE] Iniciando cleanup de zombies...
[DEBUG-ZOMBIE] Intentando tomar clients_mutex para cleanup...
[DEBUG-ZOMBIE] Revisando 0 clientes...
[DEBUG-ZOMBIE] clients_mutex liberado en cleanup
[DEBUG-ZOMBIE] Enviando 0 PINGs...
[DEBUG-ZOMBIE] Limpiando 0 zombies...
[DEBUG-ZOMBIE] Cleanup de zombies completado
[DEBUG-ZOMBIE] Iniciando cleanup de zombies...
[DEBUG-ZOMBIE] Intentando tomar clients_mutex para cleanup...
[DEBUG-ZOMBIE] Revisando 0 clientes...
[DEBUG-ZOMBIE] clients_mutex liberado en cleanup
[DEBUG-ZOMBIE] Enviando 0 PINGs...
[DEBUG-ZOMBIE] Limpiando 0 zombies...
[DEBUG-ZOMBIE] Cleanup de zombies completado
[DEBUG-ZOMBIE] Iniciando cleanup de zombies...
[DEBUG-ZOMBIE] Intentando tomar clients_mutex para cleanup...
[DEBUG-ZOMBIE] Revisando 0 clientes...
[DEBUG-ZOMBIE] clients_mutex liberado en cleanup
[DEBUG-ZOMBIE] Enviando 0 PINGs...
[DEBUG-ZOMBIE] Limpiando 0 zombies...
[DEBUG-ZOMBIE] Cleanup de zombies completado
[DEBUG-ZOMBIE] Intentando tomar clients_mutex en debugPrintClients...

=== DEBUG - ESTADO CLIENTES ===
Total clientes: 0
Total sesiones: 0
Mapas disponibles: 11
Directorio de escaneo: C:/xampp/htdocs/UPMAPS/Maps/
Sistema FAILOVER: ACTIVO
==================================

[DEBUG-ZOMBIE] Liberando clients_mutex en debugPrintClients
[DEBUG-ZOMBIE] Iniciando cleanup de zombies...
[DEBUG-ZOMBIE] Intentando tomar clients_mutex para cleanup...
[DEBUG-ZOMBIE] Revisando 0 clientes...
[DEBUG-ZOMBIE] clients_mutex liberado en cleanup
[DEBUG-ZOMBIE] Enviando 0 PINGs...
[DEBUG-ZOMBIE] Limpiando 0 zombies...
[DEBUG-ZOMBIE] Cleanup de zombies completado
[DEBUG-ZOMBIE] Iniciando cleanup de zombies...
[DEBUG-ZOMBIE] Intentando tomar clients_mutex para cleanup...
[DEBUG-ZOMBIE] Revisando 0 clientes...
[DEBUG-ZOMBIE] clients_mutex liberado en cleanup
[DEBUG-ZOMBIE] Enviando 0 PINGs...
[DEBUG-ZOMBIE] Limpiando 0 zombies...
[DEBUG-ZOMBIE] Cleanup de zombies completado
[DEBUG-ZOMBIE] Iniciando cleanup de zombies...
[DEBUG-ZOMBIE] Intentando tomar clients_mutex para cleanup...
[DEBUG-ZOMBIE] Revisando 0 clientes...
[DEBUG-ZOMBIE] clients_mutex liberado en cleanup
[DEBUG-ZOMBIE] Enviando 0 PINGs...
[DEBUG-ZOMBIE] Limpiando 0 zombies...
[DEBUG-ZOMBIE] Cleanup de zombies completado
[DEBUG-ZOMBIE] Iniciando cleanup de zombies...
[DEBUG-ZOMBIE] Intentando tomar clients_mutex para cleanup...
[DEBUG-ZOMBIE] Revisando 0 clientes...
[DEBUG-ZOMBIE] clients_mutex liberado en cleanup
[DEBUG-ZOMBIE] Enviando 0 PINGs...
[DEBUG-ZOMBIE] Limpiando 0 zombies...
[DEBUG-ZOMBIE] Cleanup de zombies completado
[DEBUG-ZOMBIE] Intentando tomar clients_mutex en debugPrintClients...

=== DEBUG - ESTADO CLIENTES ===
Total clientes: 0
Total sesiones: 0
Mapas disponibles: 11
Directorio de escaneo: C:/xampp/htdocs/UPMAPS/Maps/
Sistema FAILOVER: ACTIVO
==================================

[DEBUG-ZOMBIE] Liberando clients_mutex en debugPrintClients
[DEBUG-ZOMBIE] Iniciando cleanup de zombies...
[DEBUG-ZOMBIE] Intentando tomar clients_mutex para cleanup...
[DEBUG-ZOMBIE] Revisando 0 clientes...
[DEBUG-ZOMBIE] clients_mutex liberado en cleanup
[DEBUG-ZOMBIE] Enviando 0 PINGs...
[DEBUG-ZOMBIE] Limpiando 0 zombies...
[DEBUG-ZOMBIE] Cleanup de zombies completado
[DEBUG-ZOMBIE] Iniciando cleanup de zombies...
[DEBUG-ZOMBIE] Intentando tomar clients_mutex para cleanup...
[DEBUG-ZOMBIE] Revisando 0 clientes...
[DEBUG-ZOMBIE] clients_mutex liberado en cleanup
[DEBUG-ZOMBIE] Enviando 0 PINGs...
[DEBUG-ZOMBIE] Limpiando 0 zombies...
[DEBUG-ZOMBIE] Cleanup de zombies completado
[DEBUG-ZOMBIE] Iniciando cleanup de zombies...
[DEBUG-ZOMBIE] Intentando tomar clients_mutex para cleanup...
[DEBUG-ZOMBIE] Revisando 0 clientes...
[DEBUG-ZOMBIE] clients_mutex liberado en cleanup
[DEBUG-ZOMBIE] Enviando 0 PINGs...
[DEBUG-ZOMBIE] Limpiando 0 zombies...
[DEBUG-ZOMBIE] Cleanup de zombies completado
[DEBUG-ZOMBIE] Iniciando cleanup de zombies...
[DEBUG-ZOMBIE] Intentando tomar clients_mutex para cleanup...
[DEBUG-ZOMBIE] Revisando 0 clientes...
[DEBUG-ZOMBIE] clients_mutex liberado en cleanup
[DEBUG-ZOMBIE] Enviando 0 PINGs...
[DEBUG-ZOMBIE] Limpiando 0 zombies...
[DEBUG-ZOMBIE] Cleanup de zombies completado
[DEBUG-ZOMBIE] Intentando tomar clients_mutex en debugPrintClients...

=== DEBUG - ESTADO CLIENTES ===
Total clientes: 0
Total sesiones: 0
Mapas disponibles: 11
Directorio de escaneo: C:/xampp/htdocs/UPMAPS/Maps/
Sistema FAILOVER: ACTIVO
==================================

[DEBUG-ZOMBIE] Liberando clients_mutex en debugPrintClients
[DEBUG-ZOMBIE] Iniciando cleanup de zombies...
[DEBUG-ZOMBIE] Intentando tomar clients_mutex para cleanup...
[DEBUG-ZOMBIE] Revisando 0 clientes...
[DEBUG-ZOMBIE] clients_mutex liberado en cleanup
[DEBUG-ZOMBIE] Enviando 0 PINGs...
[DEBUG-ZOMBIE] Limpiando 0 zombies...
[DEBUG-ZOMBIE] Cleanup de zombies completado
[DEBUG-ZOMBIE] Iniciando cleanup de zombies...
[DEBUG-ZOMBIE] Intentando tomar clients_mutex para cleanup...
[DEBUG-ZOMBIE] Revisando 0 clientes...
[DEBUG-ZOMBIE] clients_mutex liberado en cleanup
[DEBUG-ZOMBIE] Enviando 0 PINGs...
[DEBUG-ZOMBIE] Limpiando 0 zombies...
[DEBUG-ZOMBIE] Cleanup de zombies completado
[DEBUG-ZOMBIE] Iniciando cleanup de zombies...
[DEBUG-ZOMBIE] Intentando tomar clients_mutex para cleanup...
[DEBUG-ZOMBIE] Revisando 0 clientes...
[DEBUG-ZOMBIE] clients_mutex liberado en cleanup
[DEBUG-ZOMBIE] Enviando 0 PINGs...
[DEBUG-ZOMBIE] Limpiando 0 zombies...
[DEBUG-ZOMBIE] Cleanup de zombies completado
[DEBUG-ZOMBIE] Iniciando cleanup de zombies...
[DEBUG-ZOMBIE] Intentando tomar clients_mutex para cleanup...
[DEBUG-ZOMBIE] Revisando 0 clientes...
[DEBUG-ZOMBIE] clients_mutex liberado en cleanup
[DEBUG-ZOMBIE] Enviando 0 PINGs...
[DEBUG-ZOMBIE] Limpiando 0 zombies...
[DEBUG-ZOMBIE] Cleanup de zombies completado
[DEBUG-ZOMBIE] Intentando tomar clients_mutex en debugPrintClients...

=== DEBUG - ESTADO CLIENTES ===
Total clientes: 0
Total sesiones: 0
Mapas disponibles: 11
Directorio de escaneo: C:/xampp/htdocs/UPMAPS/Maps/
Sistema FAILOVER: ACTIVO
==================================

[DEBUG-ZOMBIE] Liberando clients_mutex en debugPrintClients
[DEBUG-ZOMBIE] Iniciando cleanup de zombies...
[DEBUG-ZOMBIE] Intentando tomar clients_mutex para cleanup...
[DEBUG-ZOMBIE] Revisando 0 clientes...
[DEBUG-ZOMBIE] clients_mutex liberado en cleanup
[DEBUG-ZOMBIE] Enviando 0 PINGs...
[DEBUG-ZOMBIE] Limpiando 0 zombies...
[DEBUG-ZOMBIE] Cleanup de zombies completado
[DEBUG-ZOMBIE] Iniciando cleanup de zombies...
[DEBUG-ZOMBIE] Intentando tomar clients_mutex para cleanup...
[DEBUG-ZOMBIE] Revisando 0 clientes...
[DEBUG-ZOMBIE] clients_mutex liberado en cleanup
[DEBUG-ZOMBIE] Enviando 0 PINGs...
[DEBUG-ZOMBIE] Limpiando 0 zombies...
[DEBUG-ZOMBIE] Cleanup de zombies completado
[DEBUG-ZOMBIE] Iniciando cleanup de zombies...
[DEBUG-ZOMBIE] Intentando tomar clients_mutex para cleanup...
[DEBUG-ZOMBIE] Revisando 0 clientes...
[DEBUG-ZOMBIE] clients_mutex liberado en cleanup
[DEBUG-ZOMBIE] Enviando 0 PINGs...
[DEBUG-ZOMBIE] Limpiando 0 zombies...
[DEBUG-ZOMBIE] Cleanup de zombies completado
[DEBUG-ZOMBIE] Iniciando cleanup de zombies...
[DEBUG-ZOMBIE] Intentando tomar clients_mutex para cleanup...
[DEBUG-ZOMBIE] Revisando 0 clientes...
[DEBUG-ZOMBIE] clients_mutex liberado en cleanup
[DEBUG-ZOMBIE] Enviando 0 PINGs...
[DEBUG-ZOMBIE] Limpiando 0 zombies...
[DEBUG-ZOMBIE] Cleanup de zombies completado
[DEBUG-ZOMBIE] Intentando tomar clients_mutex en debugPrintClients...

=== DEBUG - ESTADO CLIENTES ===
Total clientes: 0
Total sesiones: 0
Mapas disponibles: 11
Directorio de escaneo: C:/xampp/htdocs/UPMAPS/Maps/
Sistema FAILOVER: ACTIVO
==================================

[DEBUG-ZOMBIE] Liberando clients_mutex en debugPrintClients
[DEBUG-ZOMBIE] Iniciando cleanup de zombies...
[DEBUG-ZOMBIE] Intentando tomar clients_mutex para cleanup...
[DEBUG-ZOMBIE] Revisando 0 clientes...
[DEBUG-ZOMBIE] clients_mutex liberado en cleanup
[DEBUG-ZOMBIE] Enviando 0 PINGs...
[DEBUG-ZOMBIE] Limpiando 0 zombies...
[DEBUG-ZOMBIE] Cleanup de zombies completado
[DEBUG-ZOMBIE] Iniciando cleanup de zombies...
[DEBUG-ZOMBIE] Intentando tomar clients_mutex para cleanup...
[DEBUG-ZOMBIE] Revisando 0 clientes...
[DEBUG-ZOMBIE] clients_mutex liberado en cleanup
[DEBUG-ZOMBIE] Enviando 0 PINGs...
[DEBUG-ZOMBIE] Limpiando 0 zombies...
[DEBUG-ZOMBIE] Cleanup de zombies completado
[DEBUG-ZOMBIE] Iniciando cleanup de zombies...
[DEBUG-ZOMBIE] Intentando tomar clients_mutex para cleanup...
[DEBUG-ZOMBIE] Revisando 0 clientes...
[DEBUG-ZOMBIE] clients_mutex liberado en cleanup
[DEBUG-ZOMBIE] Enviando 0 PINGs...
[DEBUG-ZOMBIE] Limpiando 0 zombies...
[DEBUG-ZOMBIE] Cleanup de zombies completado
[DEBUG-ZOMBIE] Iniciando cleanup de zombies...
[DEBUG-ZOMBIE] Intentando tomar clients_mutex para cleanup...
[DEBUG-ZOMBIE] Revisando 0 clientes...
[DEBUG-ZOMBIE] clients_mutex liberado en cleanup
[DEBUG-ZOMBIE] Enviando 0 PINGs...
[DEBUG-ZOMBIE] Limpiando 0 zombies...
[DEBUG-ZOMBIE] Cleanup de zombies completado
[DEBUG-ZOMBIE] Intentando tomar clients_mutex en debugPrintClients...

=== DEBUG - ESTADO CLIENTES ===
Total clientes: 0
Total sesiones: 0
Mapas disponibles: 11
Directorio de escaneo: C:/xampp/htdocs/UPMAPS/Maps/
Sistema FAILOVER: ACTIVO
==================================

[DEBUG-ZOMBIE] Liberando clients_mutex en debugPrintClients
[DEBUG-ZOMBIE] Iniciando cleanup de zombies...
[DEBUG-ZOMBIE] Intentando tomar clients_mutex para cleanup...
[DEBUG-ZOMBIE] Revisando 0 clientes...
[DEBUG-ZOMBIE] clients_mutex liberado en cleanup
[DEBUG-ZOMBIE] Enviando 0 PINGs...
[DEBUG-ZOMBIE] Limpiando 0 zombies...
[DEBUG-ZOMBIE] Cleanup de zombies completado
[DEBUG-ZOMBIE] Iniciando cleanup de zombies...
[DEBUG-ZOMBIE] Intentando tomar clients_mutex para cleanup...
[DEBUG-ZOMBIE] Revisando 0 clientes...
[DEBUG-ZOMBIE] clients_mutex liberado en cleanup
[DEBUG-ZOMBIE] Enviando 0 PINGs...
[DEBUG-ZOMBIE] Limpiando 0 zombies...
[DEBUG-ZOMBIE] Cleanup de zombies completado
[DEBUG-ZOMBIE] Iniciando cleanup de zombies...
[DEBUG-ZOMBIE] Intentando tomar clients_mutex para cleanup...
[DEBUG-ZOMBIE] Revisando 0 clientes...
[DEBUG-ZOMBIE] clients_mutex liberado en cleanup
[DEBUG-ZOMBIE] Enviando 0 PINGs...
[DEBUG-ZOMBIE] Limpiando 0 zombies...
[DEBUG-ZOMBIE] Cleanup de zombies completado
[DEBUG-ZOMBIE] Iniciando cleanup de zombies...
[DEBUG-ZOMBIE] Intentando tomar clients_mutex para cleanup...
[DEBUG-ZOMBIE] Revisando 0 clientes...
[DEBUG-ZOMBIE] clients_mutex liberado en cleanup
[DEBUG-ZOMBIE] Enviando 0 PINGs...
[DEBUG-ZOMBIE] Limpiando 0 zombies...
[DEBUG-ZOMBIE] Cleanup de zombies completado
[DEBUG-ZOMBIE] Intentando tomar clients_mutex en debugPrintClients...

=== DEBUG - ESTADO CLIENTES ===
Total clientes: 0
Total sesiones: 0
Mapas disponibles: 11
Directorio de escaneo: C:/xampp/htdocs/UPMAPS/Maps/
Sistema FAILOVER: ACTIVO
==================================

[DEBUG-ZOMBIE] Liberando clients_mutex en debugPrintClients
[DEBUG-ZOMBIE] Iniciando cleanup de zombies...
[DEBUG-ZOMBIE] Intentando tomar clients_mutex para cleanup...
[DEBUG-ZOMBIE] Revisando 0 clientes...
[DEBUG-ZOMBIE] clients_mutex liberado en cleanup
[DEBUG-ZOMBIE] Enviando 0 PINGs...
[DEBUG-ZOMBIE] Limpiando 0 zombies...
[DEBUG-ZOMBIE] Cleanup de zombies completado
[DEBUG-ZOMBIE] Iniciando cleanup de zombies...
[DEBUG-ZOMBIE] Intentando tomar clients_mutex para cleanup...
[DEBUG-ZOMBIE] Revisando 0 clientes...
[DEBUG-ZOMBIE] clients_mutex liberado en cleanup
[DEBUG-ZOMBIE] Enviando 0 PINGs...
[DEBUG-ZOMBIE] Limpiando 0 zombies...
[DEBUG-ZOMBIE] Cleanup de zombies completado
[DEBUG-ZOMBIE] Iniciando cleanup de zombies...
[DEBUG-ZOMBIE] Intentando tomar clients_mutex para cleanup...
[DEBUG-ZOMBIE] Revisando 0 clientes...
[DEBUG-ZOMBIE] clients_mutex liberado en cleanup
[DEBUG-ZOMBIE] Enviando 0 PINGs...
[DEBUG-ZOMBIE] Limpiando 0 zombies...
[DEBUG-ZOMBIE] Cleanup de zombies completado
[DEBUG-ZOMBIE] Iniciando cleanup de zombies...
[DEBUG-ZOMBIE] Intentando tomar clients_mutex para cleanup...
[DEBUG-ZOMBIE] Revisando 0 clientes...
[DEBUG-ZOMBIE] clients_mutex liberado en cleanup
[DEBUG-ZOMBIE] Enviando 0 PINGs...
[DEBUG-ZOMBIE] Limpiando 0 zombies...
[DEBUG-ZOMBIE] Cleanup de zombies completado
[DEBUG-ZOMBIE] Intentando tomar clients_mutex en debugPrintClients...

=== DEBUG - ESTADO CLIENTES ===
Total clientes: 0
Total sesiones: 0
Mapas disponibles: 11
Directorio de escaneo: C:/xampp/htdocs/UPMAPS/Maps/
Sistema FAILOVER: ACTIVO
==================================

[DEBUG-ZOMBIE] Liberando clients_mutex en debugPrintClients
[DEBUG-ZOMBIE] Iniciando cleanup de zombies...
[DEBUG-ZOMBIE] Intentando tomar clients_mutex para cleanup...
[DEBUG-ZOMBIE] Revisando 0 clientes...
[DEBUG-ZOMBIE] clients_mutex liberado en cleanup
[DEBUG-ZOMBIE] Enviando 0 PINGs...
[DEBUG-ZOMBIE] Limpiando 0 zombies...
[DEBUG-ZOMBIE] Cleanup de zombies completado
[DEBUG-ZOMBIE] Iniciando cleanup de zombies...
[DEBUG-ZOMBIE] Intentando tomar clients_mutex para cleanup...
[DEBUG-ZOMBIE] Revisando 0 clientes...
[DEBUG-ZOMBIE] clients_mutex liberado en cleanup
[DEBUG-ZOMBIE] Enviando 0 PINGs...
[DEBUG-ZOMBIE] Limpiando 0 zombies...
[DEBUG-ZOMBIE] Cleanup de zombies completado
[DEBUG-ZOMBIE] Iniciando cleanup de zombies...
[DEBUG-ZOMBIE] Intentando tomar clients_mutex para cleanup...
[DEBUG-ZOMBIE] Revisando 0 clientes...
[DEBUG-ZOMBIE] clients_mutex liberado en cleanup
[DEBUG-ZOMBIE] Enviando 0 PINGs...
[DEBUG-ZOMBIE] Limpiando 0 zombies...
[DEBUG-ZOMBIE] Cleanup de zombies completado
[DEBUG-ZOMBIE] Iniciando cleanup de zombies...
[DEBUG-ZOMBIE] Intentando tomar clients_mutex para cleanup...
[DEBUG-ZOMBIE] Revisando 0 clientes...
[DEBUG-ZOMBIE] clients_mutex liberado en cleanup
[DEBUG-ZOMBIE] Enviando 0 PINGs...
[DEBUG-ZOMBIE] Limpiando 0 zombies...
[DEBUG-ZOMBIE] Cleanup de zombies completado
[DEBUG-ZOMBIE] Intentando tomar clients_mutex en debugPrintClients...

=== DEBUG - ESTADO CLIENTES ===
Total clientes: 0
Total sesiones: 0
Mapas disponibles: 11
Directorio de escaneo: C:/xampp/htdocs/UPMAPS/Maps/
Sistema FAILOVER: ACTIVO
==================================

[DEBUG-ZOMBIE] Liberando clients_mutex en debugPrintClients
[DEBUG-ZOMBIE] Iniciando cleanup de zombies...
[DEBUG-ZOMBIE] Intentando tomar clients_mutex para cleanup...
[DEBUG-ZOMBIE] Revisando 0 clientes...
[DEBUG-ZOMBIE] clients_mutex liberado en cleanup
[DEBUG-ZOMBIE] Enviando 0 PINGs...
[DEBUG-ZOMBIE] Limpiando 0 zombies...
[DEBUG-ZOMBIE] Cleanup de zombies completado
[DEBUG-ZOMBIE] Iniciando cleanup de zombies...
[DEBUG-ZOMBIE] Intentando tomar clients_mutex para cleanup...
[DEBUG-ZOMBIE] Revisando 0 clientes...
[DEBUG-ZOMBIE] clients_mutex liberado en cleanup
[DEBUG-ZOMBIE] Enviando 0 PINGs...
[DEBUG-ZOMBIE] Limpiando 0 zombies...
[DEBUG-ZOMBIE] Cleanup de zombies completado
[DEBUG-ZOMBIE] Iniciando cleanup de zombies...
[DEBUG-ZOMBIE] Intentando tomar clients_mutex para cleanup...
[DEBUG-ZOMBIE] Revisando 0 clientes...
[DEBUG-ZOMBIE] clients_mutex liberado en cleanup
[DEBUG-ZOMBIE] Enviando 0 PINGs...
[DEBUG-ZOMBIE] Limpiando 0 zombies...
[DEBUG-ZOMBIE] Cleanup de zombies completado
[DEBUG-ZOMBIE] Iniciando cleanup de zombies...
[DEBUG-ZOMBIE] Intentando tomar clients_mutex para cleanup...
[DEBUG-ZOMBIE] Revisando 0 clientes...
[DEBUG-ZOMBIE] clients_mutex liberado en cleanup
[DEBUG-ZOMBIE] Enviando 0 PINGs...
[DEBUG-ZOMBIE] Limpiando 0 zombies...
[DEBUG-ZOMBIE] Cleanup de zombies completado
[DEBUG-ZOMBIE] Intentando tomar clients_mutex en debugPrintClients...

=== DEBUG - ESTADO CLIENTES ===
Total clientes: 0
Total sesiones: 0
Mapas disponibles: 11
Directorio de escaneo: C:/xampp/htdocs/UPMAPS/Maps/
Sistema FAILOVER: ACTIVO
==================================

[DEBUG-ZOMBIE] Liberando clients_mutex en debugPrintClients
[DEBUG-ZOMBIE] Iniciando cleanup de zombies...
[DEBUG-ZOMBIE] Intentando tomar clients_mutex para cleanup...
[DEBUG-ZOMBIE] Revisando 0 clientes...
[DEBUG-ZOMBIE] clients_mutex liberado en cleanup
[DEBUG-ZOMBIE] Enviando 0 PINGs...
[DEBUG-ZOMBIE] Limpiando 0 zombies...
[DEBUG-ZOMBIE] Cleanup de zombies completado
[DEBUG-ZOMBIE] Iniciando cleanup de zombies...
[DEBUG-ZOMBIE] Intentando tomar clients_mutex para cleanup...
[DEBUG-ZOMBIE] Revisando 0 clientes...
[DEBUG-ZOMBIE] clients_mutex liberado en cleanup
[DEBUG-ZOMBIE] Enviando 0 PINGs...
[DEBUG-ZOMBIE] Limpiando 0 zombies...
[DEBUG-ZOMBIE] Cleanup de zombies completado
[DEBUG-ZOMBIE] Iniciando cleanup de zombies...
[DEBUG-ZOMBIE] Intentando tomar clients_mutex para cleanup...
[DEBUG-ZOMBIE] Revisando 0 clientes...
[DEBUG-ZOMBIE] clients_mutex liberado en cleanup
[DEBUG-ZOMBIE] Enviando 0 PINGs...
[DEBUG-ZOMBIE] Limpiando 0 zombies...
[DEBUG-ZOMBIE] Cleanup de zombies completado
[DEBUG-ZOMBIE] Iniciando cleanup de zombies...
[DEBUG-ZOMBIE] Intentando tomar clients_mutex para cleanup...
[DEBUG-ZOMBIE] Revisando 0 clientes...
[DEBUG-ZOMBIE] clients_mutex liberado en cleanup
[DEBUG-ZOMBIE] Enviando 0 PINGs...
[DEBUG-ZOMBIE] Limpiando 0 zombies...
[DEBUG-ZOMBIE] Cleanup de zombies completado
[DEBUG-ZOMBIE] Intentando tomar clients_mutex en debugPrintClients...

=== DEBUG - ESTADO CLIENTES ===
Total clientes: 0
Total sesiones: 0
Mapas disponibles: 11
Directorio de escaneo: C:/xampp/htdocs/UPMAPS/Maps/
Sistema FAILOVER: ACTIVO
==================================

[DEBUG-ZOMBIE] Liberando clients_mutex en debugPrintClients
[DEBUG-ZOMBIE] Iniciando cleanup de zombies...
[DEBUG-ZOMBIE] Intentando tomar clients_mutex para cleanup...
[DEBUG-ZOMBIE] Revisando 0 clientes...
[DEBUG-ZOMBIE] clients_mutex liberado en cleanup
[DEBUG-ZOMBIE] Enviando 0 PINGs...
[DEBUG-ZOMBIE] Limpiando 0 zombies...
[DEBUG-ZOMBIE] Cleanup de zombies completado
[DEBUG-ZOMBIE] Iniciando cleanup de zombies...
[DEBUG-ZOMBIE] Intentando tomar clients_mutex para cleanup...
[DEBUG-ZOMBIE] Revisando 0 clientes...
[DEBUG-ZOMBIE] clients_mutex liberado en cleanup
[DEBUG-ZOMBIE] Enviando 0 PINGs...
[DEBUG-ZOMBIE] Limpiando 0 zombies...
[DEBUG-ZOMBIE] Cleanup de zombies completado
[DEBUG-ZOMBIE] Iniciando cleanup de zombies...
[DEBUG-ZOMBIE] Intentando tomar clients_mutex para cleanup...
[DEBUG-ZOMBIE] Revisando 0 clientes...
[DEBUG-ZOMBIE] clients_mutex liberado en cleanup
[DEBUG-ZOMBIE] Enviando 0 PINGs...
[DEBUG-ZOMBIE] Limpiando 0 zombies...
[DEBUG-ZOMBIE] Cleanup de zombies completado
[DEBUG-ZOMBIE] Iniciando cleanup de zombies...
[DEBUG-ZOMBIE] Intentando tomar clients_mutex para cleanup...
[DEBUG-ZOMBIE] Revisando 0 clientes...
[DEBUG-ZOMBIE] clients_mutex liberado en cleanup
[DEBUG-ZOMBIE] Enviando 0 PINGs...
[DEBUG-ZOMBIE] Limpiando 0 zombies...
[DEBUG-ZOMBIE] Cleanup de zombies completado
[DEBUG-ZOMBIE] Intentando tomar clients_mutex en debugPrintClients...

=== DEBUG - ESTADO CLIENTES ===
Total clientes: 0
Total sesiones: 0
Mapas disponibles: 11
Directorio de escaneo: C:/xampp/htdocs/UPMAPS/Maps/
Sistema FAILOVER: ACTIVO
==================================

[DEBUG-ZOMBIE] Liberando clients_mutex en debugPrintClients
[DEBUG-ZOMBIE] Iniciando cleanup de zombies...
[DEBUG-ZOMBIE] Intentando tomar clients_mutex para cleanup...
[DEBUG-ZOMBIE] Revisando 0 clientes...
[DEBUG-ZOMBIE] clients_mutex liberado en cleanup
[DEBUG-ZOMBIE] Enviando 0 PINGs...
[DEBUG-ZOMBIE] Limpiando 0 zombies...
[DEBUG-ZOMBIE] Cleanup de zombies completado
[DEBUG-ZOMBIE] Iniciando cleanup de zombies...
[DEBUG-ZOMBIE] Intentando tomar clients_mutex para cleanup...
[DEBUG-ZOMBIE] Revisando 0 clientes...
[DEBUG-ZOMBIE] clients_mutex liberado en cleanup
[DEBUG-ZOMBIE] Enviando 0 PINGs...
[DEBUG-ZOMBIE] Limpiando 0 zombies...
[DEBUG-ZOMBIE] Cleanup de zombies completado
[DEBUG-ZOMBIE] Iniciando cleanup de zombies...
[DEBUG-ZOMBIE] Intentando tomar clients_mutex para cleanup...
[DEBUG-ZOMBIE] Revisando 0 clientes...
[DEBUG-ZOMBIE] clients_mutex liberado en cleanup
[DEBUG-ZOMBIE] Enviando 0 PINGs...
[DEBUG-ZOMBIE] Limpiando 0 zombies...
[DEBUG-ZOMBIE] Cleanup de zombies completado
[DEBUG-ZOMBIE] Iniciando cleanup de zombies...
[DEBUG-ZOMBIE] Intentando tomar clients_mutex para cleanup...
[DEBUG-ZOMBIE] Revisando 0 clientes...
[DEBUG-ZOMBIE] clients_mutex liberado en cleanup
[DEBUG-ZOMBIE] Enviando 0 PINGs...
[DEBUG-ZOMBIE] Limpiando 0 zombies...
[DEBUG-ZOMBIE] Cleanup de zombies completado
[DEBUG-ZOMBIE] Intentando tomar clients_mutex en debugPrintClients...

=== DEBUG - ESTADO CLIENTES ===
Total clientes: 0
Total sesiones: 0
Mapas disponibles: 11
Directorio de escaneo: C:/xampp/htdocs/UPMAPS/Maps/
Sistema FAILOVER: ACTIVO
==================================

[DEBUG-ZOMBIE] Liberando clients_mutex en debugPrintClients
[DEBUG-ZOMBIE] Iniciando cleanup de zombies...
[DEBUG-ZOMBIE] Intentando tomar clients_mutex para cleanup...
[DEBUG-ZOMBIE] Revisando 0 clientes...
[DEBUG-ZOMBIE] clients_mutex liberado en cleanup
[DEBUG-ZOMBIE] Enviando 0 PINGs...
[DEBUG-ZOMBIE] Limpiando 0 zombies...
[DEBUG-ZOMBIE] Cleanup de zombies completado
[DEBUG-ZOMBIE] Iniciando cleanup de zombies...
[DEBUG-ZOMBIE] Intentando tomar clients_mutex para cleanup...
[DEBUG-ZOMBIE] Revisando 0 clientes...
[DEBUG-ZOMBIE] clients_mutex liberado en cleanup
[DEBUG-ZOMBIE] Enviando 0 PINGs...
[DEBUG-ZOMBIE] Limpiando 0 zombies...
[DEBUG-ZOMBIE] Cleanup de zombies completado
[DEBUG-ZOMBIE] Iniciando cleanup de zombies...
[DEBUG-ZOMBIE] Intentando tomar clients_mutex para cleanup...
[DEBUG-ZOMBIE] Revisando 0 clientes...
[DEBUG-ZOMBIE] clients_mutex liberado en cleanup
[DEBUG-ZOMBIE] Enviando 0 PINGs...
[DEBUG-ZOMBIE] Limpiando 0 zombies...
[DEBUG-ZOMBIE] Cleanup de zombies completado
[DEBUG-ZOMBIE] Iniciando cleanup de zombies...
[DEBUG-ZOMBIE] Intentando tomar clients_mutex para cleanup...
[DEBUG-ZOMBIE] Revisando 0 clientes...
[DEBUG-ZOMBIE] clients_mutex liberado en cleanup
[DEBUG-ZOMBIE] Enviando 0 PINGs...
[DEBUG-ZOMBIE] Limpiando 0 zombies...
[DEBUG-ZOMBIE] Cleanup de zombies completado
[DEBUG-ZOMBIE] Intentando tomar clients_mutex en debugPrintClients...

=== DEBUG - ESTADO CLIENTES ===
Total clientes: 0
Total sesiones: 0
Mapas disponibles: 11
Directorio de escaneo: C:/xampp/htdocs/UPMAPS/Maps/
Sistema FAILOVER: ACTIVO
==================================

[DEBUG-ZOMBIE] Liberando clients_mutex en debugPrintClients
[DEBUG-ZOMBIE] Iniciando cleanup de zombies...
[DEBUG-ZOMBIE] Intentando tomar clients_mutex para cleanup...
[DEBUG-ZOMBIE] Revisando 0 clientes...
[DEBUG-ZOMBIE] clients_mutex liberado en cleanup
[DEBUG-ZOMBIE] Enviando 0 PINGs...
[DEBUG-ZOMBIE] Limpiando 0 zombies...
[DEBUG-ZOMBIE] Cleanup de zombies completado
[DEBUG-ZOMBIE] Iniciando cleanup de zombies...
[DEBUG-ZOMBIE] Intentando tomar clients_mutex para cleanup...
[DEBUG-ZOMBIE] Revisando 0 clientes...
[DEBUG-ZOMBIE] clients_mutex liberado en cleanup
[DEBUG-ZOMBIE] Enviando 0 PINGs...
[DEBUG-ZOMBIE] Limpiando 0 zombies...
[DEBUG-ZOMBIE] Cleanup de zombies completado
[DEBUG-ZOMBIE] Iniciando cleanup de zombies...
[DEBUG-ZOMBIE] Intentando tomar clients_mutex para cleanup...
[DEBUG-ZOMBIE] Revisando 0 clientes...
[DEBUG-ZOMBIE] clients_mutex liberado en cleanup
[DEBUG-ZOMBIE] Enviando 0 PINGs...
[DEBUG-ZOMBIE] Limpiando 0 zombies...
[DEBUG-ZOMBIE] Cleanup de zombies completado
[DEBUG-ZOMBIE] Iniciando cleanup de zombies...
[DEBUG-ZOMBIE] Intentando tomar clients_mutex para cleanup...
[DEBUG-ZOMBIE] Revisando 0 clientes...
[DEBUG-ZOMBIE] clients_mutex liberado en cleanup
[DEBUG-ZOMBIE] Enviando 0 PINGs...
[DEBUG-ZOMBIE] Limpiando 0 zombies...
[DEBUG-ZOMBIE] Cleanup de zombies completado
[DEBUG-ZOMBIE] Intentando tomar clients_mutex en debugPrintClients...

=== DEBUG - ESTADO CLIENTES ===
Total clientes: 0
Total sesiones: 0
Mapas disponibles: 11
Directorio de escaneo: C:/xampp/htdocs/UPMAPS/Maps/
Sistema FAILOVER: ACTIVO
==================================

[DEBUG-ZOMBIE] Liberando clients_mutex en debugPrintClients
[DEBUG-ZOMBIE] Iniciando cleanup de zombies...
[DEBUG-ZOMBIE] Intentando tomar clients_mutex para cleanup...
[DEBUG-ZOMBIE] Revisando 0 clientes...
[DEBUG-ZOMBIE] clients_mutex liberado en cleanup
[DEBUG-ZOMBIE] Enviando 0 PINGs...
[DEBUG-ZOMBIE] Limpiando 0 zombies...
[DEBUG-ZOMBIE] Cleanup de zombies completado
[DEBUG-ZOMBIE] Iniciando cleanup de zombies...
[DEBUG-ZOMBIE] Intentando tomar clients_mutex para cleanup...
[DEBUG-ZOMBIE] Revisando 0 clientes...
[DEBUG-ZOMBIE] clients_mutex liberado en cleanup
[DEBUG-ZOMBIE] Enviando 0 PINGs...
[DEBUG-ZOMBIE] Limpiando 0 zombies...
[DEBUG-ZOMBIE] Cleanup de zombies completado
[DEBUG-ZOMBIE] Iniciando cleanup de zombies...
[DEBUG-ZOMBIE] Intentando tomar clients_mutex para cleanup...
[DEBUG-ZOMBIE] Revisando 0 clientes...
[DEBUG-ZOMBIE] clients_mutex liberado en cleanup
[DEBUG-ZOMBIE] Enviando 0 PINGs...
[DEBUG-ZOMBIE] Limpiando 0 zombies...
[DEBUG-ZOMBIE] Cleanup de zombies completado
[DEBUG-ZOMBIE] Iniciando cleanup de zombies...
[DEBUG-ZOMBIE] Intentando tomar clients_mutex para cleanup...
[DEBUG-ZOMBIE] Revisando 0 clientes...
[DEBUG-ZOMBIE] clients_mutex liberado en cleanup
[DEBUG-ZOMBIE] Enviando 0 PINGs...
[DEBUG-ZOMBIE] Limpiando 0 zombies...
[DEBUG-ZOMBIE] Cleanup de zombies completado
[DEBUG-ZOMBIE] Intentando tomar clients_mutex en debugPrintClients...

=== DEBUG - ESTADO CLIENTES ===
Total clientes: 0
Total sesiones: 0
Mapas disponibles: 11
Directorio de escaneo: C:/xampp/htdocs/UPMAPS/Maps/
Sistema FAILOVER: ACTIVO
==================================

[DEBUG-ZOMBIE] Liberando clients_mutex en debugPrintClients
[DEBUG-ZOMBIE] Iniciando cleanup de zombies...
[DEBUG-ZOMBIE] Intentando tomar clients_mutex para cleanup...
[DEBUG-ZOMBIE] Revisando 0 clientes...
[DEBUG-ZOMBIE] clients_mutex liberado en cleanup
[DEBUG-ZOMBIE] Enviando 0 PINGs...
[DEBUG-ZOMBIE] Limpiando 0 zombies...
[DEBUG-ZOMBIE] Cleanup de zombies completado
[DEBUG-ZOMBIE] Iniciando cleanup de zombies...
[DEBUG-ZOMBIE] Intentando tomar clients_mutex para cleanup...
[DEBUG-ZOMBIE] Revisando 0 clientes...
[DEBUG-ZOMBIE] clients_mutex liberado en cleanup
[DEBUG-ZOMBIE] Enviando 0 PINGs...
[DEBUG-ZOMBIE] Limpiando 0 zombies...
[DEBUG-ZOMBIE] Cleanup de zombies completado
[DEBUG-ZOMBIE] Iniciando cleanup de zombies...
[DEBUG-ZOMBIE] Intentando tomar clients_mutex para cleanup...
[DEBUG-ZOMBIE] Revisando 0 clientes...
[DEBUG-ZOMBIE] clients_mutex liberado en cleanup
[DEBUG-ZOMBIE] Enviando 0 PINGs...
[DEBUG-ZOMBIE] Limpiando 0 zombies...
[DEBUG-ZOMBIE] Cleanup de zombies completado
[DEBUG-ZOMBIE] Iniciando cleanup de zombies...
[DEBUG-ZOMBIE] Intentando tomar clients_mutex para cleanup...
[DEBUG-ZOMBIE] Revisando 0 clientes...
[DEBUG-ZOMBIE] clients_mutex liberado en cleanup
[DEBUG-ZOMBIE] Enviando 0 PINGs...
[DEBUG-ZOMBIE] Limpiando 0 zombies...
[DEBUG-ZOMBIE] Cleanup de zombies completado
[DEBUG-ZOMBIE] Intentando tomar clients_mutex en debugPrintClients...

=== DEBUG - ESTADO CLIENTES ===
Total clientes: 0
Total sesiones: 0
Mapas disponibles: 11
Directorio de escaneo: C:/xampp/htdocs/UPMAPS/Maps/
Sistema FAILOVER: ACTIVO
==================================

[DEBUG-ZOMBIE] Liberando clients_mutex en debugPrintClients
[DEBUG-ZOMBIE] Iniciando cleanup de zombies...
[DEBUG-ZOMBIE] Intentando tomar clients_mutex para cleanup...
[DEBUG-ZOMBIE] Revisando 0 clientes...
[DEBUG-ZOMBIE] clients_mutex liberado en cleanup
[DEBUG-ZOMBIE] Enviando 0 PINGs...
[DEBUG-ZOMBIE] Limpiando 0 zombies...
[DEBUG-ZOMBIE] Cleanup de zombies completado
[DEBUG-ZOMBIE] Iniciando cleanup de zombies...
[DEBUG-ZOMBIE] Intentando tomar clients_mutex para cleanup...
[DEBUG-ZOMBIE] Revisando 0 clientes...
[DEBUG-ZOMBIE] clients_mutex liberado en cleanup
[DEBUG-ZOMBIE] Enviando 0 PINGs...
[DEBUG-ZOMBIE] Limpiando 0 zombies...
[DEBUG-ZOMBIE] Cleanup de zombies completado
[DEBUG-ZOMBIE] Iniciando cleanup de zombies...
[DEBUG-ZOMBIE] Intentando tomar clients_mutex para cleanup...
[DEBUG-ZOMBIE] Revisando 0 clientes...
[DEBUG-ZOMBIE] clients_mutex liberado en cleanup
[DEBUG-ZOMBIE] Enviando 0 PINGs...
[DEBUG-ZOMBIE] Limpiando 0 zombies...
[DEBUG-ZOMBIE] Cleanup de zombies completado
[DEBUG-ZOMBIE] Iniciando cleanup de zombies...
[DEBUG-ZOMBIE] Intentando tomar clients_mutex para cleanup...
[DEBUG-ZOMBIE] Revisando 0 clientes...
[DEBUG-ZOMBIE] clients_mutex liberado en cleanup
[DEBUG-ZOMBIE] Enviando 0 PINGs...
[DEBUG-ZOMBIE] Limpiando 0 zombies...
[DEBUG-ZOMBIE] Cleanup de zombies completado
[DEBUG-ZOMBIE] Intentando tomar clients_mutex en debugPrintClients...

=== DEBUG - ESTADO CLIENTES ===
Total clientes: 0
Total sesiones: 0
Mapas disponibles: 11
Directorio de escaneo: C:/xampp/htdocs/UPMAPS/Maps/
Sistema FAILOVER: ACTIVO
==================================

[DEBUG-ZOMBIE] Liberando clients_mutex en debugPrintClients
[DEBUG-ZOMBIE] Iniciando cleanup de zombies...
[DEBUG-ZOMBIE] Intentando tomar clients_mutex para cleanup...
[DEBUG-ZOMBIE] Revisando 0 clientes...
[DEBUG-ZOMBIE] clients_mutex liberado en cleanup
[DEBUG-ZOMBIE] Enviando 0 PINGs...
[DEBUG-ZOMBIE] Limpiando 0 zombies...
[DEBUG-ZOMBIE] Cleanup de zombies completado
[DEBUG-ZOMBIE] Iniciando cleanup de zombies...
[DEBUG-ZOMBIE] Intentando tomar clients_mutex para cleanup...
[DEBUG-ZOMBIE] Revisando 0 clientes...
[DEBUG-ZOMBIE] clients_mutex liberado en cleanup
[DEBUG-ZOMBIE] Enviando 0 PINGs...
[DEBUG-ZOMBIE] Limpiando 0 zombies...
[DEBUG-ZOMBIE] Cleanup de zombies completado
[DEBUG-ZOMBIE] Iniciando cleanup de zombies...
[DEBUG-ZOMBIE] Intentando tomar clients_mutex para cleanup...
[DEBUG-ZOMBIE] Revisando 0 clientes...
[DEBUG-ZOMBIE] clients_mutex liberado en cleanup
[DEBUG-ZOMBIE] Enviando 0 PINGs...
[DEBUG-ZOMBIE] Limpiando 0 zombies...
[DEBUG-ZOMBIE] Cleanup de zombies completado
[DEBUG-ZOMBIE] Iniciando cleanup de zombies...
[DEBUG-ZOMBIE] Intentando tomar clients_mutex para cleanup...
[DEBUG-ZOMBIE] Revisando 0 clientes...
[DEBUG-ZOMBIE] clients_mutex liberado en cleanup
[DEBUG-ZOMBIE] Enviando 0 PINGs...
[DEBUG-ZOMBIE] Limpiando 0 zombies...
[DEBUG-ZOMBIE] Cleanup de zombies completado
[DEBUG-ZOMBIE] Intentando tomar clients_mutex en debugPrintClients...

=== DEBUG - ESTADO CLIENTES ===
Total clientes: 0
Total sesiones: 0
Mapas disponibles: 11
Directorio de escaneo: C:/xampp/htdocs/UPMAPS/Maps/
Sistema FAILOVER: ACTIVO
==================================

[DEBUG-ZOMBIE] Liberando clients_mutex en debugPrintClients
[DEBUG-ZOMBIE] Iniciando cleanup de zombies...
[DEBUG-ZOMBIE] Intentando tomar clients_mutex para cleanup...
[DEBUG-ZOMBIE] Revisando 0 clientes...
[DEBUG-ZOMBIE] clients_mutex liberado en cleanup
[DEBUG-ZOMBIE] Enviando 0 PINGs...
[DEBUG-ZOMBIE] Limpiando 0 zombies...
[DEBUG-ZOMBIE] Cleanup de zombies completado
[DEBUG-ZOMBIE] Iniciando cleanup de zombies...
[DEBUG-ZOMBIE] Intentando tomar clients_mutex para cleanup...
[DEBUG-ZOMBIE] Revisando 0 clientes...
[DEBUG-ZOMBIE] clients_mutex liberado en cleanup
[DEBUG-ZOMBIE] Enviando 0 PINGs...
[DEBUG-ZOMBIE] Limpiando 0 zombies...
[DEBUG-ZOMBIE] Cleanup de zombies completado
[DEBUG-ZOMBIE] Iniciando cleanup de zombies...
[DEBUG-ZOMBIE] Intentando tomar clients_mutex para cleanup...
[DEBUG-ZOMBIE] Revisando 0 clientes...
[DEBUG-ZOMBIE] clients_mutex liberado en cleanup
[DEBUG-ZOMBIE] Enviando 0 PINGs...
[DEBUG-ZOMBIE] Limpiando 0 zombies...
[DEBUG-ZOMBIE] Cleanup de zombies completado
[DEBUG-ZOMBIE] Iniciando cleanup de zombies...
[DEBUG-ZOMBIE] Intentando tomar clients_mutex para cleanup...
[DEBUG-ZOMBIE] Revisando 0 clientes...
[DEBUG-ZOMBIE] clients_mutex liberado en cleanup
[DEBUG-ZOMBIE] Enviando 0 PINGs...
[DEBUG-ZOMBIE] Limpiando 0 zombies...
[DEBUG-ZOMBIE] Cleanup de zombies completado
[DEBUG-ZOMBIE] Intentando tomar clients_mutex en debugPrintClients...

=== DEBUG - ESTADO CLIENTES ===
Total clientes: 0
Total sesiones: 0
Mapas disponibles: 11
Directorio de escaneo: C:/xampp/htdocs/UPMAPS/Maps/
Sistema FAILOVER: ACTIVO
==================================

[DEBUG-ZOMBIE] Liberando clients_mutex en debugPrintClients
[DEBUG-ZOMBIE] Iniciando cleanup de zombies...
[DEBUG-ZOMBIE] Intentando tomar clients_mutex para cleanup...
[DEBUG-ZOMBIE] Revisando 0 clientes...
[DEBUG-ZOMBIE] clients_mutex liberado en cleanup
[DEBUG-ZOMBIE] Enviando 0 PINGs...
[DEBUG-ZOMBIE] Limpiando 0 zombies...
[DEBUG-ZOMBIE] Cleanup de zombies completado
[DEBUG-ZOMBIE] Iniciando cleanup de zombies...
[DEBUG-ZOMBIE] Intentando tomar clients_mutex para cleanup...
[DEBUG-ZOMBIE] Revisando 0 clientes...
[DEBUG-ZOMBIE] clients_mutex liberado en cleanup
[DEBUG-ZOMBIE] Enviando 0 PINGs...
[DEBUG-ZOMBIE] Limpiando 0 zombies...
[DEBUG-ZOMBIE] Cleanup de zombies completado
[DEBUG-ZOMBIE] Iniciando cleanup de zombies...
[DEBUG-ZOMBIE] Intentando tomar clients_mutex para cleanup...
[DEBUG-ZOMBIE] Revisando 0 clientes...
[DEBUG-ZOMBIE] clients_mutex liberado en cleanup
[DEBUG-ZOMBIE] Enviando 0 PINGs...
[DEBUG-ZOMBIE] Limpiando 0 zombies...
[DEBUG-ZOMBIE] Cleanup de zombies completado
[DEBUG-ZOMBIE] Iniciando cleanup de zombies...
[DEBUG-ZOMBIE] Intentando tomar clients_mutex para cleanup...
[DEBUG-ZOMBIE] Revisando 0 clientes...
[DEBUG-ZOMBIE] clients_mutex liberado en cleanup
[DEBUG-ZOMBIE] Enviando 0 PINGs...
[DEBUG-ZOMBIE] Limpiando 0 zombies...
[DEBUG-ZOMBIE] Cleanup de zombies completado
[DEBUG-ZOMBIE] Intentando tomar clients_mutex en debugPrintClients...

=== DEBUG - ESTADO CLIENTES ===
Total clientes: 0
Total sesiones: 0
Mapas disponibles: 11
Directorio de escaneo: C:/xampp/htdocs/UPMAPS/Maps/
Sistema FAILOVER: ACTIVO
==================================

[DEBUG-ZOMBIE] Liberando clients_mutex en debugPrintClients
[DEBUG-ZOMBIE] Iniciando cleanup de zombies...
[DEBUG-ZOMBIE] Intentando tomar clients_mutex para cleanup...
[DEBUG-ZOMBIE] Revisando 0 clientes...
[DEBUG-ZOMBIE] clients_mutex liberado en cleanup
[DEBUG-ZOMBIE] Enviando 0 PINGs...
[DEBUG-ZOMBIE] Limpiando 0 zombies...
[DEBUG-ZOMBIE] Cleanup de zombies completado
[DEBUG-ZOMBIE] Iniciando cleanup de zombies...
[DEBUG-ZOMBIE] Intentando tomar clients_mutex para cleanup...
[DEBUG-ZOMBIE] Revisando 0 clientes...
[DEBUG-ZOMBIE] clients_mutex liberado en cleanup
[DEBUG-ZOMBIE] Enviando 0 PINGs...
[DEBUG-ZOMBIE] Limpiando 0 zombies...
[DEBUG-ZOMBIE] Cleanup de zombies completado
[DEBUG-ZOMBIE] Iniciando cleanup de zombies...
[DEBUG-ZOMBIE] Intentando tomar clients_mutex para cleanup...
[DEBUG-ZOMBIE] Revisando 0 clientes...
[DEBUG-ZOMBIE] clients_mutex liberado en cleanup
[DEBUG-ZOMBIE] Enviando 0 PINGs...
[DEBUG-ZOMBIE] Limpiando 0 zombies...
[DEBUG-ZOMBIE] Cleanup de zombies completado
[DEBUG-ZOMBIE] Iniciando cleanup de zombies...
[DEBUG-ZOMBIE] Intentando tomar clients_mutex para cleanup...
[DEBUG-ZOMBIE] Revisando 0 clientes...
[DEBUG-ZOMBIE] clients_mutex liberado en cleanup
[DEBUG-ZOMBIE] Enviando 0 PINGs...
[DEBUG-ZOMBIE] Limpiando 0 zombies...
[DEBUG-ZOMBIE] Cleanup de zombies completado
[DEBUG-ZOMBIE] Intentando tomar clients_mutex en debugPrintClients...

=== DEBUG - ESTADO CLIENTES ===
Total clientes: 0
Total sesiones: 0
Mapas disponibles: 11
Directorio de escaneo: C:/xampp/htdocs/UPMAPS/Maps/
Sistema FAILOVER: ACTIVO
==================================

[DEBUG-ZOMBIE] Liberando clients_mutex en debugPrintClients
[DEBUG-ZOMBIE] Iniciando cleanup de zombies...
[DEBUG-ZOMBIE] Intentando tomar clients_mutex para cleanup...
[DEBUG-ZOMBIE] Revisando 0 clientes...
[DEBUG-ZOMBIE] clients_mutex liberado en cleanup
[DEBUG-ZOMBIE] Enviando 0 PINGs...
[DEBUG-ZOMBIE] Limpiando 0 zombies...
[DEBUG-ZOMBIE] Cleanup de zombies completado
[DEBUG-ZOMBIE] Iniciando cleanup de zombies...
[DEBUG-ZOMBIE] Intentando tomar clients_mutex para cleanup...
[DEBUG-ZOMBIE] Revisando 0 clientes...
[DEBUG-ZOMBIE] clients_mutex liberado en cleanup
[DEBUG-ZOMBIE] Enviando 0 PINGs...
[DEBUG-ZOMBIE] Limpiando 0 zombies...
[DEBUG-ZOMBIE] Cleanup de zombies completado
[DEBUG-ZOMBIE] Iniciando cleanup de zombies...
[DEBUG-ZOMBIE] Intentando tomar clients_mutex para cleanup...
[DEBUG-ZOMBIE] Revisando 0 clientes...
[DEBUG-ZOMBIE] clients_mutex liberado en cleanup
[DEBUG-ZOMBIE] Enviando 0 PINGs...
[DEBUG-ZOMBIE] Limpiando 0 zombies...
[DEBUG-ZOMBIE] Cleanup de zombies completado
[DEBUG-ZOMBIE] Iniciando cleanup de zombies...
[DEBUG-ZOMBIE] Intentando tomar clients_mutex para cleanup...
[DEBUG-ZOMBIE] Revisando 0 clientes...
[DEBUG-ZOMBIE] clients_mutex liberado en cleanup
[DEBUG-ZOMBIE] Enviando 0 PINGs...
[DEBUG-ZOMBIE] Limpiando 0 zombies...
[DEBUG-ZOMBIE] Cleanup de zombies completado
[DEBUG-ZOMBIE] Intentando tomar clients_mutex en debugPrintClients...

=== DEBUG - ESTADO CLIENTES ===
Total clientes: 0
Total sesiones: 0
Mapas disponibles: 11
Directorio de escaneo: C:/xampp/htdocs/UPMAPS/Maps/
Sistema FAILOVER: ACTIVO
==================================

[DEBUG-ZOMBIE] Liberando clients_mutex en debugPrintClients
[DEBUG-ZOMBIE] Iniciando cleanup de zombies...
[DEBUG-ZOMBIE] Intentando tomar clients_mutex para cleanup...
[DEBUG-ZOMBIE] Revisando 0 clientes...
[DEBUG-ZOMBIE] clients_mutex liberado en cleanup
[DEBUG-ZOMBIE] Enviando 0 PINGs...
[DEBUG-ZOMBIE] Limpiando 0 zombies...
[DEBUG-ZOMBIE] Cleanup de zombies completado
[DEBUG-ZOMBIE] Iniciando cleanup de zombies...
[DEBUG-ZOMBIE] Intentando tomar clients_mutex para cleanup...
[DEBUG-ZOMBIE] Revisando 0 clientes...
[DEBUG-ZOMBIE] clients_mutex liberado en cleanup
[DEBUG-ZOMBIE] Enviando 0 PINGs...
[DEBUG-ZOMBIE] Limpiando 0 zombies...
[DEBUG-ZOMBIE] Cleanup de zombies completado
[DEBUG-ZOMBIE] Iniciando cleanup de zombies...
[DEBUG-ZOMBIE] Intentando tomar clients_mutex para cleanup...
[DEBUG-ZOMBIE] Revisando 0 clientes...
[DEBUG-ZOMBIE] clients_mutex liberado en cleanup
[DEBUG-ZOMBIE] Enviando 0 PINGs...
[DEBUG-ZOMBIE] Limpiando 0 zombies...
[DEBUG-ZOMBIE] Cleanup de zombies completado
[DEBUG-ZOMBIE] Iniciando cleanup de zombies...
[DEBUG-ZOMBIE] Intentando tomar clients_mutex para cleanup...
[DEBUG-ZOMBIE] Revisando 0 clientes...
[DEBUG-ZOMBIE] clients_mutex liberado en cleanup
[DEBUG-ZOMBIE] Enviando 0 PINGs...
[DEBUG-ZOMBIE] Limpiando 0 zombies...
[DEBUG-ZOMBIE] Cleanup de zombies completado
[DEBUG-ZOMBIE] Intentando tomar clients_mutex en debugPrintClients...

=== DEBUG - ESTADO CLIENTES ===
Total clientes: 0
Total sesiones: 0
Mapas disponibles: 11
Directorio de escaneo: C:/xampp/htdocs/UPMAPS/Maps/
Sistema FAILOVER: ACTIVO
==================================

[DEBUG-ZOMBIE] Liberando clients_mutex en debugPrintClients
[DEBUG-ZOMBIE] Iniciando cleanup de zombies...
[DEBUG-ZOMBIE] Intentando tomar clients_mutex para cleanup...
[DEBUG-ZOMBIE] Revisando 0 clientes...
[DEBUG-ZOMBIE] clients_mutex liberado en cleanup
[DEBUG-ZOMBIE] Enviando 0 PINGs...
[DEBUG-ZOMBIE] Limpiando 0 zombies...
[DEBUG-ZOMBIE] Cleanup de zombies completado
[DEBUG-ZOMBIE] Iniciando cleanup de zombies...
[DEBUG-ZOMBIE] Intentando tomar clients_mutex para cleanup...
[DEBUG-ZOMBIE] Revisando 0 clientes...
[DEBUG-ZOMBIE] clients_mutex liberado en cleanup
[DEBUG-ZOMBIE] Enviando 0 PINGs...
[DEBUG-ZOMBIE] Limpiando 0 zombies...
[DEBUG-ZOMBIE] Cleanup de zombies completado
[DEBUG-ZOMBIE] Iniciando cleanup de zombies...
[DEBUG-ZOMBIE] Intentando tomar clients_mutex para cleanup...
[DEBUG-ZOMBIE] Revisando 0 clientes...
[DEBUG-ZOMBIE] clients_mutex liberado en cleanup
[DEBUG-ZOMBIE] Enviando 0 PINGs...
[DEBUG-ZOMBIE] Limpiando 0 zombies...
[DEBUG-ZOMBIE] Cleanup de zombies completado
[DEBUG-ZOMBIE] Iniciando cleanup de zombies...
[DEBUG-ZOMBIE] Intentando tomar clients_mutex para cleanup...
[DEBUG-ZOMBIE] Revisando 0 clientes...
[DEBUG-ZOMBIE] clients_mutex liberado en cleanup
[DEBUG-ZOMBIE] Enviando 0 PINGs...
[DEBUG-ZOMBIE] Limpiando 0 zombies...
[DEBUG-ZOMBIE] Cleanup de zombies completado
[DEBUG-ZOMBIE] Intentando tomar clients_mutex en debugPrintClients...

=== DEBUG - ESTADO CLIENTES ===
Total clientes: 0
Total sesiones: 0
Mapas disponibles: 11
Directorio de escaneo: C:/xampp/htdocs/UPMAPS/Maps/
Sistema FAILOVER: ACTIVO
==================================

[DEBUG-ZOMBIE] Liberando clients_mutex en debugPrintClients
[DEBUG-ZOMBIE] Iniciando cleanup de zombies...
[DEBUG-ZOMBIE] Intentando tomar clients_mutex para cleanup...
[DEBUG-ZOMBIE] Revisando 0 clientes...
[DEBUG-ZOMBIE] clients_mutex liberado en cleanup
[DEBUG-ZOMBIE] Enviando 0 PINGs...
[DEBUG-ZOMBIE] Limpiando 0 zombies...
[DEBUG-ZOMBIE] Cleanup de zombies completado
[DEBUG-ZOMBIE] Iniciando cleanup de zombies...
[DEBUG-ZOMBIE] Intentando tomar clients_mutex para cleanup...
[DEBUG-ZOMBIE] Revisando 0 clientes...
[DEBUG-ZOMBIE] clients_mutex liberado en cleanup
[DEBUG-ZOMBIE] Enviando 0 PINGs...
[DEBUG-ZOMBIE] Limpiando 0 zombies...
[DEBUG-ZOMBIE] Cleanup de zombies completado
[DEBUG-ZOMBIE] Iniciando cleanup de zombies...
[DEBUG-ZOMBIE] Intentando tomar clients_mutex para cleanup...
[DEBUG-ZOMBIE] Revisando 0 clientes...
[DEBUG-ZOMBIE] clients_mutex liberado en cleanup
[DEBUG-ZOMBIE] Enviando 0 PINGs...
[DEBUG-ZOMBIE] Limpiando 0 zombies...
[DEBUG-ZOMBIE] Cleanup de zombies completado
[DEBUG-ZOMBIE] Iniciando cleanup de zombies...
[DEBUG-ZOMBIE] Intentando tomar clients_mutex para cleanup...
[DEBUG-ZOMBIE] Revisando 0 clientes...
[DEBUG-ZOMBIE] clients_mutex liberado en cleanup
[DEBUG-ZOMBIE] Enviando 0 PINGs...
[DEBUG-ZOMBIE] Limpiando 0 zombies...
[DEBUG-ZOMBIE] Cleanup de zombies completado
[DEBUG-ZOMBIE] Intentando tomar clients_mutex en debugPrintClients...

=== DEBUG - ESTADO CLIENTES ===
Total clientes: 0
Total sesiones: 0
Mapas disponibles: 11
Directorio de escaneo: C:/xampp/htdocs/UPMAPS/Maps/
Sistema FAILOVER: ACTIVO
==================================

[DEBUG-ZOMBIE] Liberando clients_mutex en debugPrintClients
[DEBUG-ZOMBIE] Iniciando cleanup de zombies...
[DEBUG-ZOMBIE] Intentando tomar clients_mutex para cleanup...
[DEBUG-ZOMBIE] Revisando 0 clientes...
[DEBUG-ZOMBIE] clients_mutex liberado en cleanup
[DEBUG-ZOMBIE] Enviando 0 PINGs...
[DEBUG-ZOMBIE] Limpiando 0 zombies...
[DEBUG-ZOMBIE] Cleanup de zombies completado
[DEBUG-ZOMBIE] Iniciando cleanup de zombies...
[DEBUG-ZOMBIE] Intentando tomar clients_mutex para cleanup...
[DEBUG-ZOMBIE] Revisando 0 clientes...
[DEBUG-ZOMBIE] clients_mutex liberado en cleanup
[DEBUG-ZOMBIE] Enviando 0 PINGs...
[DEBUG-ZOMBIE] Limpiando 0 zombies...
[DEBUG-ZOMBIE] Cleanup de zombies completado
[DEBUG-ZOMBIE] Iniciando cleanup de zombies...
[DEBUG-ZOMBIE] Intentando tomar clients_mutex para cleanup...
[DEBUG-ZOMBIE] Revisando 0 clientes...
[DEBUG-ZOMBIE] clients_mutex liberado en cleanup
[DEBUG-ZOMBIE] Enviando 0 PINGs...
[DEBUG-ZOMBIE] Limpiando 0 zombies...
[DEBUG-ZOMBIE] Cleanup de zombies completado
[DEBUG-ZOMBIE] Iniciando cleanup de zombies...
[DEBUG-ZOMBIE] Intentando tomar clients_mutex para cleanup...
[DEBUG-ZOMBIE] Revisando 0 clientes...
[DEBUG-ZOMBIE] clients_mutex liberado en cleanup
[DEBUG-ZOMBIE] Enviando 0 PINGs...
[DEBUG-ZOMBIE] Limpiando 0 zombies...
[DEBUG-ZOMBIE] Cleanup de zombies completado
[DEBUG-ZOMBIE] Intentando tomar clients_mutex en debugPrintClients...

=== DEBUG - ESTADO CLIENTES ===
Total clientes: 0
Total sesiones: 0
Mapas disponibles: 11
Directorio de escaneo: C:/xampp/htdocs/UPMAPS/Maps/
Sistema FAILOVER: ACTIVO
==================================

[DEBUG-ZOMBIE] Liberando clients_mutex en debugPrintClients
[DEBUG-ZOMBIE] Iniciando cleanup de zombies...
[DEBUG-ZOMBIE] Intentando tomar clients_mutex para cleanup...
[DEBUG-ZOMBIE] Revisando 0 clientes...
[DEBUG-ZOMBIE] clients_mutex liberado en cleanup
[DEBUG-ZOMBIE] Enviando 0 PINGs...
[DEBUG-ZOMBIE] Limpiando 0 zombies...
[DEBUG-ZOMBIE] Cleanup de zombies completado
[DEBUG-ZOMBIE] Iniciando cleanup de zombies...
[DEBUG-ZOMBIE] Intentando tomar clients_mutex para cleanup...
[DEBUG-ZOMBIE] Revisando 0 clientes...
[DEBUG-ZOMBIE] clients_mutex liberado en cleanup
[DEBUG-ZOMBIE] Enviando 0 PINGs...
[DEBUG-ZOMBIE] Limpiando 0 zombies...
[DEBUG-ZOMBIE] Cleanup de zombies completado
[DEBUG-ZOMBIE] Iniciando cleanup de zombies...
[DEBUG-ZOMBIE] Intentando tomar clients_mutex para cleanup...
[DEBUG-ZOMBIE] Revisando 0 clientes...
[DEBUG-ZOMBIE] clients_mutex liberado en cleanup
[DEBUG-ZOMBIE] Enviando 0 PINGs...
[DEBUG-ZOMBIE] Limpiando 0 zombies...
[DEBUG-ZOMBIE] Cleanup de zombies completado
[DEBUG-ZOMBIE] Iniciando cleanup de zombies...
[DEBUG-ZOMBIE] Intentando tomar clients_mutex para cleanup...
[DEBUG-ZOMBIE] Revisando 0 clientes...
[DEBUG-ZOMBIE] clients_mutex liberado en cleanup
[DEBUG-ZOMBIE] Enviando 0 PINGs...
[DEBUG-ZOMBIE] Limpiando 0 zombies...
[DEBUG-ZOMBIE] Cleanup de zombies completado
[DEBUG-ZOMBIE] Intentando tomar clients_mutex en debugPrintClients...

=== DEBUG - ESTADO CLIENTES ===
Total clientes: 0
Total sesiones: 0
Mapas disponibles: 11
Directorio de escaneo: C:/xampp/htdocs/UPMAPS/Maps/
Sistema FAILOVER: ACTIVO
==================================

[DEBUG-ZOMBIE] Liberando clients_mutex en debugPrintClients
[DEBUG-ZOMBIE] Iniciando cleanup de zombies...
[DEBUG-ZOMBIE] Intentando tomar clients_mutex para cleanup...
[DEBUG-ZOMBIE] Revisando 0 clientes...
[DEBUG-ZOMBIE] clients_mutex liberado en cleanup
[DEBUG-ZOMBIE] Enviando 0 PINGs...
[DEBUG-ZOMBIE] Limpiando 0 zombies...
[DEBUG-ZOMBIE] Cleanup de zombies completado
[DEBUG-ZOMBIE] Iniciando cleanup de zombies...
[DEBUG-ZOMBIE] Intentando tomar clients_mutex para cleanup...
[DEBUG-ZOMBIE] Revisando 0 clientes...
[DEBUG-ZOMBIE] clients_mutex liberado en cleanup
[DEBUG-ZOMBIE] Enviando 0 PINGs...
[DEBUG-ZOMBIE] Limpiando 0 zombies...
[DEBUG-ZOMBIE] Cleanup de zombies completado
[DEBUG-ZOMBIE] Iniciando cleanup de zombies...
[DEBUG-ZOMBIE] Intentando tomar clients_mutex para cleanup...
[DEBUG-ZOMBIE] Revisando 0 clientes...
[DEBUG-ZOMBIE] clients_mutex liberado en cleanup
[DEBUG-ZOMBIE] Enviando 0 PINGs...
[DEBUG-ZOMBIE] Limpiando 0 zombies...
[DEBUG-ZOMBIE] Cleanup de zombies completado
[DEBUG-ZOMBIE] Iniciando cleanup de zombies...
[DEBUG-ZOMBIE] Intentando tomar clients_mutex para cleanup...
[DEBUG-ZOMBIE] Revisando 0 clientes...
[DEBUG-ZOMBIE] clients_mutex liberado en cleanup
[DEBUG-ZOMBIE] Enviando 0 PINGs...
[DEBUG-ZOMBIE] Limpiando 0 zombies...
[DEBUG-ZOMBIE] Cleanup de zombies completado
[DEBUG-ZOMBIE] Intentando tomar clients_mutex en debugPrintClients...

=== DEBUG - ESTADO CLIENTES ===
Total clientes: 0
Total sesiones: 0
Mapas disponibles: 11
Directorio de escaneo: C:/xampp/htdocs/UPMAPS/Maps/
Sistema FAILOVER: ACTIVO
==================================

[DEBUG-ZOMBIE] Liberando clients_mutex en debugPrintClients
[DEBUG-ZOMBIE] Iniciando cleanup de zombies...
[DEBUG-ZOMBIE] Intentando tomar clients_mutex para cleanup...
[DEBUG-ZOMBIE] Revisando 0 clientes...
[DEBUG-ZOMBIE] clients_mutex liberado en cleanup
[DEBUG-ZOMBIE] Enviando 0 PINGs...
[DEBUG-ZOMBIE] Limpiando 0 zombies...
[DEBUG-ZOMBIE] Cleanup de zombies completado
[DEBUG-ZOMBIE] Iniciando cleanup de zombies...
[DEBUG-ZOMBIE] Intentando tomar clients_mutex para cleanup...
[DEBUG-ZOMBIE] Revisando 0 clientes...
[DEBUG-ZOMBIE] clients_mutex liberado en cleanup
[DEBUG-ZOMBIE] Enviando 0 PINGs...
[DEBUG-ZOMBIE] Limpiando 0 zombies...
[DEBUG-ZOMBIE] Cleanup de zombies completado
[DEBUG-ZOMBIE] Iniciando cleanup de zombies...
[DEBUG-ZOMBIE] Intentando tomar clients_mutex para cleanup...
[DEBUG-ZOMBIE] Revisando 0 clientes...
[DEBUG-ZOMBIE] clients_mutex liberado en cleanup
[DEBUG-ZOMBIE] Enviando 0 PINGs...
[DEBUG-ZOMBIE] Limpiando 0 zombies...
[DEBUG-ZOMBIE] Cleanup de zombies completado
[DEBUG-ZOMBIE] Iniciando cleanup de zombies...
[DEBUG-ZOMBIE] Intentando tomar clients_mutex para cleanup...
[DEBUG-ZOMBIE] Revisando 0 clientes...
[DEBUG-ZOMBIE] clients_mutex liberado en cleanup
[DEBUG-ZOMBIE] Enviando 0 PINGs...
[DEBUG-ZOMBIE] Limpiando 0 zombies...
[DEBUG-ZOMBIE] Cleanup de zombies completado
[DEBUG-ZOMBIE] Intentando tomar clients_mutex en debugPrintClients...

=== DEBUG - ESTADO CLIENTES ===
Total clientes: 0
Total sesiones: 0
Mapas disponibles: 11
Directorio de escaneo: C:/xampp/htdocs/UPMAPS/Maps/
Sistema FAILOVER: ACTIVO
==================================

[DEBUG-ZOMBIE] Liberando clients_mutex en debugPrintClients
[DEBUG-ZOMBIE] Iniciando cleanup de zombies...
[DEBUG-ZOMBIE] Intentando tomar clients_mutex para cleanup...
[DEBUG-ZOMBIE] Revisando 0 clientes...
[DEBUG-ZOMBIE] clients_mutex liberado en cleanup
[DEBUG-ZOMBIE] Enviando 0 PINGs...
[DEBUG-ZOMBIE] Limpiando 0 zombies...
[DEBUG-ZOMBIE] Cleanup de zombies completado
[DEBUG-ZOMBIE] Iniciando cleanup de zombies...
[DEBUG-ZOMBIE] Intentando tomar clients_mutex para cleanup...
[DEBUG-ZOMBIE] Revisando 0 clientes...
[DEBUG-ZOMBIE] clients_mutex liberado en cleanup
[DEBUG-ZOMBIE] Enviando 0 PINGs...
[DEBUG-ZOMBIE] Limpiando 0 zombies...
[DEBUG-ZOMBIE] Cleanup de zombies completado
[DEBUG-ZOMBIE] Iniciando cleanup de zombies...
[DEBUG-ZOMBIE] Intentando tomar clients_mutex para cleanup...
[DEBUG-ZOMBIE] Revisando 0 clientes...
[DEBUG-ZOMBIE] clients_mutex liberado en cleanup
[DEBUG-ZOMBIE] Enviando 0 PINGs...
[DEBUG-ZOMBIE] Limpiando 0 zombies...
[DEBUG-ZOMBIE] Cleanup de zombies completado
[DEBUG-ZOMBIE] Iniciando cleanup de zombies...
[DEBUG-ZOMBIE] Intentando tomar clients_mutex para cleanup...
[DEBUG-ZOMBIE] Revisando 0 clientes...
[DEBUG-ZOMBIE] clients_mutex liberado en cleanup
[DEBUG-ZOMBIE] Enviando 0 PINGs...
[DEBUG-ZOMBIE] Limpiando 0 zombies...
[DEBUG-ZOMBIE] Cleanup de zombies completado
[DEBUG-ZOMBIE] Intentando tomar clients_mutex en debugPrintClients...

=== DEBUG - ESTADO CLIENTES ===
Total clientes: 0
Total sesiones: 0
Mapas disponibles: 11
Directorio de escaneo: C:/xampp/htdocs/UPMAPS/Maps/
Sistema FAILOVER: ACTIVO
==================================

[DEBUG-ZOMBIE] Liberando clients_mutex en debugPrintClients
[DEBUG-ZOMBIE] Iniciando cleanup de zombies...
[DEBUG-ZOMBIE] Intentando tomar clients_mutex para cleanup...
[DEBUG-ZOMBIE] Revisando 0 clientes...
[DEBUG-ZOMBIE] clients_mutex liberado en cleanup
[DEBUG-ZOMBIE] Enviando 0 PINGs...
[DEBUG-ZOMBIE] Limpiando 0 zombies...
[DEBUG-ZOMBIE] Cleanup de zombies completado
[DEBUG-ZOMBIE] Iniciando cleanup de zombies...
[DEBUG-ZOMBIE] Intentando tomar clients_mutex para cleanup...
[DEBUG-ZOMBIE] Revisando 0 clientes...
[DEBUG-ZOMBIE] clients_mutex liberado en cleanup
[DEBUG-ZOMBIE] Enviando 0 PINGs...
[DEBUG-ZOMBIE] Limpiando 0 zombies...
[DEBUG-ZOMBIE] Cleanup de zombies completado
[DEBUG-ZOMBIE] Iniciando cleanup de zombies...
[DEBUG-ZOMBIE] Intentando tomar clients_mutex para cleanup...
[DEBUG-ZOMBIE] Revisando 0 clientes...
[DEBUG-ZOMBIE] clients_mutex liberado en cleanup
[DEBUG-ZOMBIE] Enviando 0 PINGs...
[DEBUG-ZOMBIE] Limpiando 0 zombies...
[DEBUG-ZOMBIE] Cleanup de zombies completado
[DEBUG-ZOMBIE] Iniciando cleanup de zombies...
[DEBUG-ZOMBIE] Intentando tomar clients_mutex para cleanup...
[DEBUG-ZOMBIE] Revisando 0 clientes...
[DEBUG-ZOMBIE] clients_mutex liberado en cleanup
[DEBUG-ZOMBIE] Enviando 0 PINGs...
[DEBUG-ZOMBIE] Limpiando 0 zombies...
[DEBUG-ZOMBIE] Cleanup de zombies completado
[DEBUG-ZOMBIE] Intentando tomar clients_mutex en debugPrintClients...

=== DEBUG - ESTADO CLIENTES ===
Total clientes: 0
Total sesiones: 0
Mapas disponibles: 11
Directorio de escaneo: C:/xampp/htdocs/UPMAPS/Maps/
Sistema FAILOVER: ACTIVO
==================================

[DEBUG-ZOMBIE] Liberando clients_mutex en debugPrintClients
[DEBUG-ZOMBIE] Iniciando cleanup de zombies...
[DEBUG-ZOMBIE] Intentando tomar clients_mutex para cleanup...
[DEBUG-ZOMBIE] Revisando 0 clientes...
[DEBUG-ZOMBIE] clients_mutex liberado en cleanup
[DEBUG-ZOMBIE] Enviando 0 PINGs...
[DEBUG-ZOMBIE] Limpiando 0 zombies...
[DEBUG-ZOMBIE] Cleanup de zombies completado
[DEBUG-ZOMBIE] Iniciando cleanup de zombies...
[DEBUG-ZOMBIE] Intentando tomar clients_mutex para cleanup...
[DEBUG-ZOMBIE] Revisando 0 clientes...
[DEBUG-ZOMBIE] clients_mutex liberado en cleanup
[DEBUG-ZOMBIE] Enviando 0 PINGs...
[DEBUG-ZOMBIE] Limpiando 0 zombies...
[DEBUG-ZOMBIE] Cleanup de zombies completado
[DEBUG-ZOMBIE] Iniciando cleanup de zombies...
[DEBUG-ZOMBIE] Intentando tomar clients_mutex para cleanup...
[DEBUG-ZOMBIE] Revisando 0 clientes...
[DEBUG-ZOMBIE] clients_mutex liberado en cleanup
[DEBUG-ZOMBIE] Enviando 0 PINGs...
[DEBUG-ZOMBIE] Limpiando 0 zombies...
[DEBUG-ZOMBIE] Cleanup de zombies completado
[DEBUG-ZOMBIE] Iniciando cleanup de zombies...
[DEBUG-ZOMBIE] Intentando tomar clients_mutex para cleanup...
[DEBUG-ZOMBIE] Revisando 0 clientes...
[DEBUG-ZOMBIE] clients_mutex liberado en cleanup
[DEBUG-ZOMBIE] Enviando 0 PINGs...
[DEBUG-ZOMBIE] Limpiando 0 zombies...
[DEBUG-ZOMBIE] Cleanup de zombies completado
[DEBUG-ZOMBIE] Intentando tomar clients_mutex en debugPrintClients...

=== DEBUG - ESTADO CLIENTES ===
Total clientes: 0
Total sesiones: 0
Mapas disponibles: 11
Directorio de escaneo: C:/xampp/htdocs/UPMAPS/Maps/
Sistema FAILOVER: ACTIVO
==================================

[DEBUG-ZOMBIE] Liberando clients_mutex en debugPrintClients
[DEBUG-ZOMBIE] Iniciando cleanup de zombies...
[DEBUG-ZOMBIE] Intentando tomar clients_mutex para cleanup...
[DEBUG-ZOMBIE] Revisando 0 clientes...
[DEBUG-ZOMBIE] clients_mutex liberado en cleanup
[DEBUG-ZOMBIE] Enviando 0 PINGs...
[DEBUG-ZOMBIE] Limpiando 0 zombies...
[DEBUG-ZOMBIE] Cleanup de zombies completado
[DEBUG-ZOMBIE] Iniciando cleanup de zombies...
[DEBUG-ZOMBIE] Intentando tomar clients_mutex para cleanup...
[DEBUG-ZOMBIE] Revisando 0 clientes...
[DEBUG-ZOMBIE] clients_mutex liberado en cleanup
[DEBUG-ZOMBIE] Enviando 0 PINGs...
[DEBUG-ZOMBIE] Limpiando 0 zombies...
[DEBUG-ZOMBIE] Cleanup de zombies completado
[DEBUG-ZOMBIE] Iniciando cleanup de zombies...
[DEBUG-ZOMBIE] Intentando tomar clients_mutex para cleanup...
[DEBUG-ZOMBIE] Revisando 0 clientes...
[DEBUG-ZOMBIE] clients_mutex liberado en cleanup
[DEBUG-ZOMBIE] Enviando 0 PINGs...
[DEBUG-ZOMBIE] Limpiando 0 zombies...
[DEBUG-ZOMBIE] Cleanup de zombies completado
[DEBUG-ZOMBIE] Iniciando cleanup de zombies...
[DEBUG-ZOMBIE] Intentando tomar clients_mutex para cleanup...
[DEBUG-ZOMBIE] Revisando 0 clientes...
[DEBUG-ZOMBIE] clients_mutex liberado en cleanup
[DEBUG-ZOMBIE] Enviando 0 PINGs...
[DEBUG-ZOMBIE] Limpiando 0 zombies...
[DEBUG-ZOMBIE] Cleanup de zombies completado
[DEBUG-ZOMBIE] Intentando tomar clients_mutex en debugPrintClients...

=== DEBUG - ESTADO CLIENTES ===
Total clientes: 0
Total sesiones: 0
Mapas disponibles: 11
Directorio de escaneo: C:/xampp/htdocs/UPMAPS/Maps/
Sistema FAILOVER: ACTIVO
==================================

[DEBUG-ZOMBIE] Liberando clients_mutex en debugPrintClients
[DEBUG-ZOMBIE] Iniciando cleanup de zombies...
[DEBUG-ZOMBIE] Intentando tomar clients_mutex para cleanup...
[DEBUG-ZOMBIE] Revisando 0 clientes...
[DEBUG-ZOMBIE] clients_mutex liberado en cleanup
[DEBUG-ZOMBIE] Enviando 0 PINGs...
[DEBUG-ZOMBIE] Limpiando 0 zombies...
[DEBUG-ZOMBIE] Cleanup de zombies completado
[DEBUG-ZOMBIE] Iniciando cleanup de zombies...
[DEBUG-ZOMBIE] Intentando tomar clients_mutex para cleanup...
[DEBUG-ZOMBIE] Revisando 0 clientes...
[DEBUG-ZOMBIE] clients_mutex liberado en cleanup
[DEBUG-ZOMBIE] Enviando 0 PINGs...
[DEBUG-ZOMBIE] Limpiando 0 zombies...
[DEBUG-ZOMBIE] Cleanup de zombies completado
[DEBUG-ZOMBIE] Iniciando cleanup de zombies...
[DEBUG-ZOMBIE] Intentando tomar clients_mutex para cleanup...
[DEBUG-ZOMBIE] Revisando 0 clientes...
[DEBUG-ZOMBIE] clients_mutex liberado en cleanup
[DEBUG-ZOMBIE] Enviando 0 PINGs...
[DEBUG-ZOMBIE] Limpiando 0 zombies...
[DEBUG-ZOMBIE] Cleanup de zombies completado
[DEBUG-ZOMBIE] Iniciando cleanup de zombies...
[DEBUG-ZOMBIE] Intentando tomar clients_mutex para cleanup...
[DEBUG-ZOMBIE] Revisando 0 clientes...
[DEBUG-ZOMBIE] clients_mutex liberado en cleanup
[DEBUG-ZOMBIE] Enviando 0 PINGs...
[DEBUG-ZOMBIE] Limpiando 0 zombies...
[DEBUG-ZOMBIE] Cleanup de zombies completado
[DEBUG-ZOMBIE] Intentando tomar clients_mutex en debugPrintClients...

=== DEBUG - ESTADO CLIENTES ===
Total clientes: 0
Total sesiones: 0
Mapas disponibles: 11
Directorio de escaneo: C:/xampp/htdocs/UPMAPS/Maps/
Sistema FAILOVER: ACTIVO
==================================

[DEBUG-ZOMBIE] Liberando clients_mutex en debugPrintClients
[DEBUG-ZOMBIE] Iniciando cleanup de zombies...
[DEBUG-ZOMBIE] Intentando tomar clients_mutex para cleanup...
[DEBUG-ZOMBIE] Revisando 0 clientes...
[DEBUG-ZOMBIE] clients_mutex liberado en cleanup
[DEBUG-ZOMBIE] Enviando 0 PINGs...
[DEBUG-ZOMBIE] Limpiando 0 zombies...
[DEBUG-ZOMBIE] Cleanup de zombies completado
[DEBUG-ZOMBIE] Iniciando cleanup de zombies...
[DEBUG-ZOMBIE] Intentando tomar clients_mutex para cleanup...
[DEBUG-ZOMBIE] Revisando 0 clientes...
[DEBUG-ZOMBIE] clients_mutex liberado en cleanup
[DEBUG-ZOMBIE] Enviando 0 PINGs...
[DEBUG-ZOMBIE] Limpiando 0 zombies...
[DEBUG-ZOMBIE] Cleanup de zombies completado
[DEBUG-ZOMBIE] Iniciando cleanup de zombies...
[DEBUG-ZOMBIE] Intentando tomar clients_mutex para cleanup...
[DEBUG-ZOMBIE] Revisando 0 clientes...
[DEBUG-ZOMBIE] clients_mutex liberado en cleanup
[DEBUG-ZOMBIE] Enviando 0 PINGs...
[DEBUG-ZOMBIE] Limpiando 0 zombies...
[DEBUG-ZOMBIE] Cleanup de zombies completado
[DEBUG-ZOMBIE] Iniciando cleanup de zombies...
[DEBUG-ZOMBIE] Intentando tomar clients_mutex para cleanup...
[DEBUG-ZOMBIE] Revisando 0 clientes...
[DEBUG-ZOMBIE] clients_mutex liberado en cleanup
[DEBUG-ZOMBIE] Enviando 0 PINGs...
[DEBUG-ZOMBIE] Limpiando 0 zombies...
[DEBUG-ZOMBIE] Cleanup de zombies completado
[DEBUG-ZOMBIE] Intentando tomar clients_mutex en debugPrintClients...

=== DEBUG - ESTADO CLIENTES ===
Total clientes: 0
Total sesiones: 0
Mapas disponibles: 11
Directorio de escaneo: C:/xampp/htdocs/UPMAPS/Maps/
Sistema FAILOVER: ACTIVO
==================================

[DEBUG-ZOMBIE] Liberando clients_mutex en debugPrintClients
[DEBUG-ZOMBIE] Iniciando cleanup de zombies...
[DEBUG-ZOMBIE] Intentando tomar clients_mutex para cleanup...
[DEBUG-ZOMBIE] Revisando 0 clientes...
[DEBUG-ZOMBIE] clients_mutex liberado en cleanup
[DEBUG-ZOMBIE] Enviando 0 PINGs...
[DEBUG-ZOMBIE] Limpiando 0 zombies...
[DEBUG-ZOMBIE] Cleanup de zombies completado
[DEBUG-ZOMBIE] Iniciando cleanup de zombies...
[DEBUG-ZOMBIE] Intentando tomar clients_mutex para cleanup...
[DEBUG-ZOMBIE] Revisando 0 clientes...
[DEBUG-ZOMBIE] clients_mutex liberado en cleanup
[DEBUG-ZOMBIE] Enviando 0 PINGs...
[DEBUG-ZOMBIE] Limpiando 0 zombies...
[DEBUG-ZOMBIE] Cleanup de zombies completado
[DEBUG-ZOMBIE] Iniciando cleanup de zombies...
[DEBUG-ZOMBIE] Intentando tomar clients_mutex para cleanup...
[DEBUG-ZOMBIE] Revisando 0 clientes...
[DEBUG-ZOMBIE] clients_mutex liberado en cleanup
[DEBUG-ZOMBIE] Enviando 0 PINGs...
[DEBUG-ZOMBIE] Limpiando 0 zombies...
[DEBUG-ZOMBIE] Cleanup de zombies completado
[DEBUG-ZOMBIE] Iniciando cleanup de zombies...
[DEBUG-ZOMBIE] Intentando tomar clients_mutex para cleanup...
[DEBUG-ZOMBIE] Revisando 0 clientes...
[DEBUG-ZOMBIE] clients_mutex liberado en cleanup
[DEBUG-ZOMBIE] Enviando 0 PINGs...
[DEBUG-ZOMBIE] Limpiando 0 zombies...
[DEBUG-ZOMBIE] Cleanup de zombies completado
[DEBUG-ZOMBIE] Intentando tomar clients_mutex en debugPrintClients...

=== DEBUG - ESTADO CLIENTES ===
Total clientes: 0
Total sesiones: 0
Mapas disponibles: 11
Directorio de escaneo: C:/xampp/htdocs/UPMAPS/Maps/
Sistema FAILOVER: ACTIVO
==================================

[DEBUG-ZOMBIE] Liberando clients_mutex en debugPrintClients
[DEBUG-ZOMBIE] Iniciando cleanup de zombies...
[DEBUG-ZOMBIE] Intentando tomar clients_mutex para cleanup...
[DEBUG-ZOMBIE] Revisando 0 clientes...
[DEBUG-ZOMBIE] clients_mutex liberado en cleanup
[DEBUG-ZOMBIE] Enviando 0 PINGs...
[DEBUG-ZOMBIE] Limpiando 0 zombies...
[DEBUG-ZOMBIE] Cleanup de zombies completado
[DEBUG-ZOMBIE] Iniciando cleanup de zombies...
[DEBUG-ZOMBIE] Intentando tomar clients_mutex para cleanup...
[DEBUG-ZOMBIE] Revisando 0 clientes...
[DEBUG-ZOMBIE] clients_mutex liberado en cleanup
[DEBUG-ZOMBIE] Enviando 0 PINGs...
[DEBUG-ZOMBIE] Limpiando 0 zombies...
[DEBUG-ZOMBIE] Cleanup de zombies completado
[DEBUG-ZOMBIE] Iniciando cleanup de zombies...
[DEBUG-ZOMBIE] Intentando tomar clients_mutex para cleanup...
[DEBUG-ZOMBIE] Revisando 0 clientes...
[DEBUG-ZOMBIE] clients_mutex liberado en cleanup
[DEBUG-ZOMBIE] Enviando 0 PINGs...
[DEBUG-ZOMBIE] Limpiando 0 zombies...
[DEBUG-ZOMBIE] Cleanup de zombies completado
[DEBUG-ZOMBIE] Iniciando cleanup de zombies...
[DEBUG-ZOMBIE] Intentando tomar clients_mutex para cleanup...
[DEBUG-ZOMBIE] Revisando 0 clientes...
[DEBUG-ZOMBIE] clients_mutex liberado en cleanup
[DEBUG-ZOMBIE] Enviando 0 PINGs...
[DEBUG-ZOMBIE] Limpiando 0 zombies...
[DEBUG-ZOMBIE] Cleanup de zombies completado
[DEBUG-ZOMBIE] Intentando tomar clients_mutex en debugPrintClients...

=== DEBUG - ESTADO CLIENTES ===
Total clientes: 0
Total sesiones: 0
Mapas disponibles: 11
Directorio de escaneo: C:/xampp/htdocs/UPMAPS/Maps/
Sistema FAILOVER: ACTIVO
==================================

[DEBUG-ZOMBIE] Liberando clients_mutex en debugPrintClients
[DEBUG-ZOMBIE] Iniciando cleanup de zombies...
[DEBUG-ZOMBIE] Intentando tomar clients_mutex para cleanup...
[DEBUG-ZOMBIE] Revisando 0 clientes...
[DEBUG-ZOMBIE] clients_mutex liberado en cleanup
[DEBUG-ZOMBIE] Enviando 0 PINGs...
[DEBUG-ZOMBIE] Limpiando 0 zombies...
[DEBUG-ZOMBIE] Cleanup de zombies completado
[DEBUG-ZOMBIE] Iniciando cleanup de zombies...
[DEBUG-ZOMBIE] Intentando tomar clients_mutex para cleanup...
[DEBUG-ZOMBIE] Revisando 0 clientes...
[DEBUG-ZOMBIE] clients_mutex liberado en cleanup
[DEBUG-ZOMBIE] Enviando 0 PINGs...
[DEBUG-ZOMBIE] Limpiando 0 zombies...
[DEBUG-ZOMBIE] Cleanup de zombies completado
[DEBUG-ZOMBIE] Iniciando cleanup de zombies...
[DEBUG-ZOMBIE] Intentando tomar clients_mutex para cleanup...
[DEBUG-ZOMBIE] Revisando 0 clientes...
[DEBUG-ZOMBIE] clients_mutex liberado en cleanup
[DEBUG-ZOMBIE] Enviando 0 PINGs...
[DEBUG-ZOMBIE] Limpiando 0 zombies...
[DEBUG-ZOMBIE] Cleanup de zombies completado
[DEBUG-ZOMBIE] Iniciando cleanup de zombies...
[DEBUG-ZOMBIE] Intentando tomar clients_mutex para cleanup...
[DEBUG-ZOMBIE] Revisando 0 clientes...
[DEBUG-ZOMBIE] clients_mutex liberado en cleanup
[DEBUG-ZOMBIE] Enviando 0 PINGs...
[DEBUG-ZOMBIE] Limpiando 0 zombies...
[DEBUG-ZOMBIE] Cleanup de zombies completado
[DEBUG-ZOMBIE] Intentando tomar clients_mutex en debugPrintClients...

=== DEBUG - ESTADO CLIENTES ===
Total clientes: 0
Total sesiones: 0
Mapas disponibles: 11
Directorio de escaneo: C:/xampp/htdocs/UPMAPS/Maps/
Sistema FAILOVER: ACTIVO
==================================

[DEBUG-ZOMBIE] Liberando clients_mutex en debugPrintClients
[DEBUG-ZOMBIE] Iniciando cleanup de zombies...
[DEBUG-ZOMBIE] Intentando tomar clients_mutex para cleanup...
[DEBUG-ZOMBIE] Revisando 0 clientes...
[DEBUG-ZOMBIE] clients_mutex liberado en cleanup
[DEBUG-ZOMBIE] Enviando 0 PINGs...
[DEBUG-ZOMBIE] Limpiando 0 zombies...
[DEBUG-ZOMBIE] Cleanup de zombies completado
[DEBUG-ZOMBIE] Iniciando cleanup de zombies...
[DEBUG-ZOMBIE] Intentando tomar clients_mutex para cleanup...
[DEBUG-ZOMBIE] Revisando 0 clientes...
[DEBUG-ZOMBIE] clients_mutex liberado en cleanup
[DEBUG-ZOMBIE] Enviando 0 PINGs...
[DEBUG-ZOMBIE] Limpiando 0 zombies...
[DEBUG-ZOMBIE] Cleanup de zombies completado
[DEBUG-ZOMBIE] Iniciando cleanup de zombies...
[DEBUG-ZOMBIE] Intentando tomar clients_mutex para cleanup...
[DEBUG-ZOMBIE] Revisando 0 clientes...
[DEBUG-ZOMBIE] clients_mutex liberado en cleanup
[DEBUG-ZOMBIE] Enviando 0 PINGs...
[DEBUG-ZOMBIE] Limpiando 0 zombies...
[DEBUG-ZOMBIE] Cleanup de zombies completado
[DEBUG-ZOMBIE] Iniciando cleanup de zombies...
[DEBUG-ZOMBIE] Intentando tomar clients_mutex para cleanup...
[DEBUG-ZOMBIE] Revisando 0 clientes...
[DEBUG-ZOMBIE] clients_mutex liberado en cleanup
[DEBUG-ZOMBIE] Enviando 0 PINGs...
[DEBUG-ZOMBIE] Limpiando 0 zombies...
[DEBUG-ZOMBIE] Cleanup de zombies completado
[DEBUG-ZOMBIE] Intentando tomar clients_mutex en debugPrintClients...

=== DEBUG - ESTADO CLIENTES ===
Total clientes: 0
Total sesiones: 0
Mapas disponibles: 11
Directorio de escaneo: C:/xampp/htdocs/UPMAPS/Maps/
Sistema FAILOVER: ACTIVO
==================================

[DEBUG-ZOMBIE] Liberando clients_mutex en debugPrintClients
[DEBUG-ZOMBIE] Iniciando cleanup de zombies...
[DEBUG-ZOMBIE] Intentando tomar clients_mutex para cleanup...
[DEBUG-ZOMBIE] Revisando 0 clientes...
[DEBUG-ZOMBIE] clients_mutex liberado en cleanup
[DEBUG-ZOMBIE] Enviando 0 PINGs...
[DEBUG-ZOMBIE] Limpiando 0 zombies...
[DEBUG-ZOMBIE] Cleanup de zombies completado
[DEBUG-ZOMBIE] Iniciando cleanup de zombies...
[DEBUG-ZOMBIE] Intentando tomar clients_mutex para cleanup...
[DEBUG-ZOMBIE] Revisando 0 clientes...
[DEBUG-ZOMBIE] clients_mutex liberado en cleanup
[DEBUG-ZOMBIE] Enviando 0 PINGs...
[DEBUG-ZOMBIE] Limpiando 0 zombies...
[DEBUG-ZOMBIE] Cleanup de zombies completado
[DEBUG-ZOMBIE] Iniciando cleanup de zombies...
[DEBUG-ZOMBIE] Intentando tomar clients_mutex para cleanup...
[DEBUG-ZOMBIE] Revisando 0 clientes...
[DEBUG-ZOMBIE] clients_mutex liberado en cleanup
[DEBUG-ZOMBIE] Enviando 0 PINGs...
[DEBUG-ZOMBIE] Limpiando 0 zombies...
[DEBUG-ZOMBIE] Cleanup de zombies completado
[DEBUG-ZOMBIE] Iniciando cleanup de zombies...
[DEBUG-ZOMBIE] Intentando tomar clients_mutex para cleanup...
[DEBUG-ZOMBIE] Revisando 0 clientes...
[DEBUG-ZOMBIE] clients_mutex liberado en cleanup
[DEBUG-ZOMBIE] Enviando 0 PINGs...
[DEBUG-ZOMBIE] Limpiando 0 zombies...
[DEBUG-ZOMBIE] Cleanup de zombies completado
[DEBUG-ZOMBIE] Intentando tomar clients_mutex en debugPrintClients...

=== DEBUG - ESTADO CLIENTES ===
Total clientes: 0
Total sesiones: 0
Mapas disponibles: 11
Directorio de escaneo: C:/xampp/htdocs/UPMAPS/Maps/
Sistema FAILOVER: ACTIVO
==================================

[DEBUG-ZOMBIE] Liberando clients_mutex en debugPrintClients
[DEBUG-ZOMBIE] Iniciando cleanup de zombies...
[DEBUG-ZOMBIE] Intentando tomar clients_mutex para cleanup...
[DEBUG-ZOMBIE] Revisando 0 clientes...
[DEBUG-ZOMBIE] clients_mutex liberado en cleanup
[DEBUG-ZOMBIE] Enviando 0 PINGs...
[DEBUG-ZOMBIE] Limpiando 0 zombies...
[DEBUG-ZOMBIE] Cleanup de zombies completado
[DEBUG-ZOMBIE] Iniciando cleanup de zombies...
[DEBUG-ZOMBIE] Intentando tomar clients_mutex para cleanup...
[DEBUG-ZOMBIE] Revisando 0 clientes...
[DEBUG-ZOMBIE] clients_mutex liberado en cleanup
[DEBUG-ZOMBIE] Enviando 0 PINGs...
[DEBUG-ZOMBIE] Limpiando 0 zombies...
[DEBUG-ZOMBIE] Cleanup de zombies completado
[DEBUG-ZOMBIE] Iniciando cleanup de zombies...
[DEBUG-ZOMBIE] Intentando tomar clients_mutex para cleanup...
[DEBUG-ZOMBIE] Revisando 0 clientes...
[DEBUG-ZOMBIE] clients_mutex liberado en cleanup
[DEBUG-ZOMBIE] Enviando 0 PINGs...
[DEBUG-ZOMBIE] Limpiando 0 zombies...
[DEBUG-ZOMBIE] Cleanup de zombies completado
[DEBUG-ZOMBIE] Iniciando cleanup de zombies...
[DEBUG-ZOMBIE] Intentando tomar clients_mutex para cleanup...
[DEBUG-ZOMBIE] Revisando 0 clientes...
[DEBUG-ZOMBIE] clients_mutex liberado en cleanup
[DEBUG-ZOMBIE] Enviando 0 PINGs...
[DEBUG-ZOMBIE] Limpiando 0 zombies...
[DEBUG-ZOMBIE] Cleanup de zombies completado
[DEBUG-ZOMBIE] Intentando tomar clients_mutex en debugPrintClients...

=== DEBUG - ESTADO CLIENTES ===
Total clientes: 0
Total sesiones: 0
Mapas disponibles: 11
Directorio de escaneo: C:/xampp/htdocs/UPMAPS/Maps/
Sistema FAILOVER: ACTIVO
==================================

[DEBUG-ZOMBIE] Liberando clients_mutex en debugPrintClients
[DEBUG-ZOMBIE] Iniciando cleanup de zombies...
[DEBUG-ZOMBIE] Intentando tomar clients_mutex para cleanup...
[DEBUG-ZOMBIE] Revisando 0 clientes...
[DEBUG-ZOMBIE] clients_mutex liberado en cleanup
[DEBUG-ZOMBIE] Enviando 0 PINGs...
[DEBUG-ZOMBIE] Limpiando 0 zombies...
[DEBUG-ZOMBIE] Cleanup de zombies completado
[DEBUG-ZOMBIE] Iniciando cleanup de zombies...
[DEBUG-ZOMBIE] Intentando tomar clients_mutex para cleanup...
[DEBUG-ZOMBIE] Revisando 0 clientes...
[DEBUG-ZOMBIE] clients_mutex liberado en cleanup
[DEBUG-ZOMBIE] Enviando 0 PINGs...
[DEBUG-ZOMBIE] Limpiando 0 zombies...
[DEBUG-ZOMBIE] Cleanup de zombies completado
[DEBUG-ZOMBIE] Iniciando cleanup de zombies...
[DEBUG-ZOMBIE] Intentando tomar clients_mutex para cleanup...
[DEBUG-ZOMBIE] Revisando 0 clientes...
[DEBUG-ZOMBIE] clients_mutex liberado en cleanup
[DEBUG-ZOMBIE] Enviando 0 PINGs...
[DEBUG-ZOMBIE] Limpiando 0 zombies...
[DEBUG-ZOMBIE] Cleanup de zombies completado
[DEBUG-ZOMBIE] Iniciando cleanup de zombies...
[DEBUG-ZOMBIE] Intentando tomar clients_mutex para cleanup...
[DEBUG-ZOMBIE] Revisando 0 clientes...
[DEBUG-ZOMBIE] clients_mutex liberado en cleanup
[DEBUG-ZOMBIE] Enviando 0 PINGs...
[DEBUG-ZOMBIE] Limpiando 0 zombies...
[DEBUG-ZOMBIE] Cleanup de zombies completado
[DEBUG-ZOMBIE] Intentando tomar clients_mutex en debugPrintClients...

=== DEBUG - ESTADO CLIENTES ===
Total clientes: 0
Total sesiones: 0
Mapas disponibles: 11
Directorio de escaneo: C:/xampp/htdocs/UPMAPS/Maps/
Sistema FAILOVER: ACTIVO
==================================

[DEBUG-ZOMBIE] Liberando clients_mutex en debugPrintClients
[DEBUG-ZOMBIE] Iniciando cleanup de zombies...
[DEBUG-ZOMBIE] Intentando tomar clients_mutex para cleanup...
[DEBUG-ZOMBIE] Revisando 0 clientes...
[DEBUG-ZOMBIE] clients_mutex liberado en cleanup
[DEBUG-ZOMBIE] Enviando 0 PINGs...
[DEBUG-ZOMBIE] Limpiando 0 zombies...
[DEBUG-ZOMBIE] Cleanup de zombies completado
[DEBUG-ZOMBIE] Iniciando cleanup de zombies...
[DEBUG-ZOMBIE] Intentando tomar clients_mutex para cleanup...
[DEBUG-ZOMBIE] Revisando 0 clientes...
[DEBUG-ZOMBIE] clients_mutex liberado en cleanup
[DEBUG-ZOMBIE] Enviando 0 PINGs...
[DEBUG-ZOMBIE] Limpiando 0 zombies...
[DEBUG-ZOMBIE] Cleanup de zombies completado
[DEBUG-ZOMBIE] Iniciando cleanup de zombies...
[DEBUG-ZOMBIE] Intentando tomar clients_mutex para cleanup...
[DEBUG-ZOMBIE] Revisando 0 clientes...
[DEBUG-ZOMBIE] clients_mutex liberado en cleanup
[DEBUG-ZOMBIE] Enviando 0 PINGs...
[DEBUG-ZOMBIE] Limpiando 0 zombies...
[DEBUG-ZOMBIE] Cleanup de zombies completado
[DEBUG-ZOMBIE] Iniciando cleanup de zombies...
[DEBUG-ZOMBIE] Intentando tomar clients_mutex para cleanup...
[DEBUG-ZOMBIE] Revisando 0 clientes...
[DEBUG-ZOMBIE] clients_mutex liberado en cleanup
[DEBUG-ZOMBIE] Enviando 0 PINGs...
[DEBUG-ZOMBIE] Limpiando 0 zombies...
[DEBUG-ZOMBIE] Cleanup de zombies completado
[DEBUG-ZOMBIE] Intentando tomar clients_mutex en debugPrintClients...

=== DEBUG - ESTADO CLIENTES ===
Total clientes: 0
Total sesiones: 0
Mapas disponibles: 11
Directorio de escaneo: C:/xampp/htdocs/UPMAPS/Maps/
Sistema FAILOVER: ACTIVO
==================================

[DEBUG-ZOMBIE] Liberando clients_mutex en debugPrintClients
[DEBUG-ZOMBIE] Iniciando cleanup de zombies...
[DEBUG-ZOMBIE] Intentando tomar clients_mutex para cleanup...
[DEBUG-ZOMBIE] Revisando 0 clientes...
[DEBUG-ZOMBIE] clients_mutex liberado en cleanup
[DEBUG-ZOMBIE] Enviando 0 PINGs...
[DEBUG-ZOMBIE] Limpiando 0 zombies...
[DEBUG-ZOMBIE] Cleanup de zombies completado
[DEBUG-ZOMBIE] Iniciando cleanup de zombies...
[DEBUG-ZOMBIE] Intentando tomar clients_mutex para cleanup...
[DEBUG-ZOMBIE] Revisando 0 clientes...
[DEBUG-ZOMBIE] clients_mutex liberado en cleanup
[DEBUG-ZOMBIE] Enviando 0 PINGs...
[DEBUG-ZOMBIE] Limpiando 0 zombies...
[DEBUG-ZOMBIE] Cleanup de zombies completado
[DEBUG-ZOMBIE] Iniciando cleanup de zombies...
[DEBUG-ZOMBIE] Intentando tomar clients_mutex para cleanup...
[DEBUG-ZOMBIE] Revisando 0 clientes...
[DEBUG-ZOMBIE] clients_mutex liberado en cleanup
[DEBUG-ZOMBIE] Enviando 0 PINGs...
[DEBUG-ZOMBIE] Limpiando 0 zombies...
[DEBUG-ZOMBIE] Cleanup de zombies completado
[DEBUG-ZOMBIE] Iniciando cleanup de zombies...
[DEBUG-ZOMBIE] Intentando tomar clients_mutex para cleanup...
[DEBUG-ZOMBIE] Revisando 0 clientes...
[DEBUG-ZOMBIE] clients_mutex liberado en cleanup
[DEBUG-ZOMBIE] Enviando 0 PINGs...
[DEBUG-ZOMBIE] Limpiando 0 zombies...
[DEBUG-ZOMBIE] Cleanup de zombies completado
[DEBUG-ZOMBIE] Intentando tomar clients_mutex en debugPrintClients...

=== DEBUG - ESTADO CLIENTES ===
Total clientes: 0
Total sesiones: 0
Mapas disponibles: 11
Directorio de escaneo: C:/xampp/htdocs/UPMAPS/Maps/
Sistema FAILOVER: ACTIVO
==================================

[DEBUG-ZOMBIE] Liberando clients_mutex en debugPrintClients
[DEBUG-ZOMBIE] Iniciando cleanup de zombies...
[DEBUG-ZOMBIE] Intentando tomar clients_mutex para cleanup...
[DEBUG-ZOMBIE] Revisando 0 clientes...
[DEBUG-ZOMBIE] clients_mutex liberado en cleanup
[DEBUG-ZOMBIE] Enviando 0 PINGs...
[DEBUG-ZOMBIE] Limpiando 0 zombies...
[DEBUG-ZOMBIE] Cleanup de zombies completado
[DEBUG-ZOMBIE] Iniciando cleanup de zombies...
[DEBUG-ZOMBIE] Intentando tomar clients_mutex para cleanup...
[DEBUG-ZOMBIE] Revisando 0 clientes...
[DEBUG-ZOMBIE] clients_mutex liberado en cleanup
[DEBUG-ZOMBIE] Enviando 0 PINGs...
[DEBUG-ZOMBIE] Limpiando 0 zombies...
[DEBUG-ZOMBIE] Cleanup de zombies completado
[DEBUG-ZOMBIE] Iniciando cleanup de zombies...
[DEBUG-ZOMBIE] Intentando tomar clients_mutex para cleanup...
[DEBUG-ZOMBIE] Revisando 0 clientes...
[DEBUG-ZOMBIE] clients_mutex liberado en cleanup
[DEBUG-ZOMBIE] Enviando 0 PINGs...
[DEBUG-ZOMBIE] Limpiando 0 zombies...
[DEBUG-ZOMBIE] Cleanup de zombies completado
[DEBUG-ZOMBIE] Iniciando cleanup de zombies...
[DEBUG-ZOMBIE] Intentando tomar clients_mutex para cleanup...
[DEBUG-ZOMBIE] Revisando 0 clientes...
[DEBUG-ZOMBIE] clients_mutex liberado en cleanup
[DEBUG-ZOMBIE] Enviando 0 PINGs...
[DEBUG-ZOMBIE] Limpiando 0 zombies...
[DEBUG-ZOMBIE] Cleanup de zombies completado
[DEBUG-ZOMBIE] Intentando tomar clients_mutex en debugPrintClients...

=== DEBUG - ESTADO CLIENTES ===
Total clientes: 0
Total sesiones: 0
Mapas disponibles: 11
Directorio de escaneo: C:/xampp/htdocs/UPMAPS/Maps/
Sistema FAILOVER: ACTIVO
==================================

[DEBUG-ZOMBIE] Liberando clients_mutex en debugPrintClients
[DEBUG-ZOMBIE] Iniciando cleanup de zombies...
[DEBUG-ZOMBIE] Intentando tomar clients_mutex para cleanup...
[DEBUG-ZOMBIE] Revisando 0 clientes...
[DEBUG-ZOMBIE] clients_mutex liberado en cleanup
[DEBUG-ZOMBIE] Enviando 0 PINGs...
[DEBUG-ZOMBIE] Limpiando 0 zombies...
[DEBUG-ZOMBIE] Cleanup de zombies completado
[DEBUG-ZOMBIE] Iniciando cleanup de zombies...
[DEBUG-ZOMBIE] Intentando tomar clients_mutex para cleanup...
[DEBUG-ZOMBIE] Revisando 0 clientes...
[DEBUG-ZOMBIE] clients_mutex liberado en cleanup
[DEBUG-ZOMBIE] Enviando 0 PINGs...
[DEBUG-ZOMBIE] Limpiando 0 zombies...
[DEBUG-ZOMBIE] Cleanup de zombies completado
[DEBUG-ZOMBIE] Iniciando cleanup de zombies...
[DEBUG-ZOMBIE] Intentando tomar clients_mutex para cleanup...
[DEBUG-ZOMBIE] Revisando 0 clientes...
[DEBUG-ZOMBIE] clients_mutex liberado en cleanup
[DEBUG-ZOMBIE] Enviando 0 PINGs...
[DEBUG-ZOMBIE] Limpiando 0 zombies...
[DEBUG-ZOMBIE] Cleanup de zombies completado
[DEBUG-ZOMBIE] Iniciando cleanup de zombies...
[DEBUG-ZOMBIE] Intentando tomar clients_mutex para cleanup...
[DEBUG-ZOMBIE] Revisando 0 clientes...
[DEBUG-ZOMBIE] clients_mutex liberado en cleanup
[DEBUG-ZOMBIE] Enviando 0 PINGs...
[DEBUG-ZOMBIE] Limpiando 0 zombies...
[DEBUG-ZOMBIE] Cleanup de zombies completado
[DEBUG-ZOMBIE] Intentando tomar clients_mutex en debugPrintClients...

=== DEBUG - ESTADO CLIENTES ===
Total clientes: 0
Total sesiones: 0
Mapas disponibles: 11
Directorio de escaneo: C:/xampp/htdocs/UPMAPS/Maps/
Sistema FAILOVER: ACTIVO
==================================

[DEBUG-ZOMBIE] Liberando clients_mutex en debugPrintClients
[DEBUG-ZOMBIE] Iniciando cleanup de zombies...
[DEBUG-ZOMBIE] Intentando tomar clients_mutex para cleanup...
[DEBUG-ZOMBIE] Revisando 0 clientes...
[DEBUG-ZOMBIE] clients_mutex liberado en cleanup
[DEBUG-ZOMBIE] Enviando 0 PINGs...
[DEBUG-ZOMBIE] Limpiando 0 zombies...
[DEBUG-ZOMBIE] Cleanup de zombies completado
[DEBUG-ZOMBIE] Iniciando cleanup de zombies...
[DEBUG-ZOMBIE] Intentando tomar clients_mutex para cleanup...
[DEBUG-ZOMBIE] Revisando 0 clientes...
[DEBUG-ZOMBIE] clients_mutex liberado en cleanup
[DEBUG-ZOMBIE] Enviando 0 PINGs...
[DEBUG-ZOMBIE] Limpiando 0 zombies...
[DEBUG-ZOMBIE] Cleanup de zombies completado
[DEBUG-ZOMBIE] Iniciando cleanup de zombies...
[DEBUG-ZOMBIE] Intentando tomar clients_mutex para cleanup...
[DEBUG-ZOMBIE] Revisando 0 clientes...
[DEBUG-ZOMBIE] clients_mutex liberado en cleanup
[DEBUG-ZOMBIE] Enviando 0 PINGs...
[DEBUG-ZOMBIE] Limpiando 0 zombies...
[DEBUG-ZOMBIE] Cleanup de zombies completado
[DEBUG-ZOMBIE] Iniciando cleanup de zombies...
[DEBUG-ZOMBIE] Intentando tomar clients_mutex para cleanup...
[DEBUG-ZOMBIE] Revisando 0 clientes...
[DEBUG-ZOMBIE] clients_mutex liberado en cleanup
[DEBUG-ZOMBIE] Enviando 0 PINGs...
[DEBUG-ZOMBIE] Limpiando 0 zombies...
[DEBUG-ZOMBIE] Cleanup de zombies completado
[DEBUG-ZOMBIE] Intentando tomar clients_mutex en debugPrintClients...

=== DEBUG - ESTADO CLIENTES ===
Total clientes: 0
Total sesiones: 0
Mapas disponibles: 11
Directorio de escaneo: C:/xampp/htdocs/UPMAPS/Maps/
Sistema FAILOVER: ACTIVO
==================================

[DEBUG-ZOMBIE] Liberando clients_mutex en debugPrintClients
[DEBUG-ZOMBIE] Iniciando cleanup de zombies...
[DEBUG-ZOMBIE] Intentando tomar clients_mutex para cleanup...
[DEBUG-ZOMBIE] Revisando 0 clientes...
[DEBUG-ZOMBIE] clients_mutex liberado en cleanup
[DEBUG-ZOMBIE] Enviando 0 PINGs...
[DEBUG-ZOMBIE] Limpiando 0 zombies...
[DEBUG-ZOMBIE] Cleanup de zombies completado
[DEBUG-ZOMBIE] Iniciando cleanup de zombies...
[DEBUG-ZOMBIE] Intentando tomar clients_mutex para cleanup...
[DEBUG-ZOMBIE] Revisando 0 clientes...
[DEBUG-ZOMBIE] clients_mutex liberado en cleanup
[DEBUG-ZOMBIE] Enviando 0 PINGs...
[DEBUG-ZOMBIE] Limpiando 0 zombies...
[DEBUG-ZOMBIE] Cleanup de zombies completado
[DEBUG-ZOMBIE] Iniciando cleanup de zombies...
[DEBUG-ZOMBIE] Intentando tomar clients_mutex para cleanup...
[DEBUG-ZOMBIE] Revisando 0 clientes...
[DEBUG-ZOMBIE] clients_mutex liberado en cleanup
[DEBUG-ZOMBIE] Enviando 0 PINGs...
[DEBUG-ZOMBIE] Limpiando 0 zombies...
[DEBUG-ZOMBIE] Cleanup de zombies completado
[DEBUG-ZOMBIE] Iniciando cleanup de zombies...
[DEBUG-ZOMBIE] Intentando tomar clients_mutex para cleanup...
[DEBUG-ZOMBIE] Revisando 0 clientes...
[DEBUG-ZOMBIE] clients_mutex liberado en cleanup
[DEBUG-ZOMBIE] Enviando 0 PINGs...
[DEBUG-ZOMBIE] Limpiando 0 zombies...
[DEBUG-ZOMBIE] Cleanup de zombies completado
[DEBUG-ZOMBIE] Intentando tomar clients_mutex en debugPrintClients...

=== DEBUG - ESTADO CLIENTES ===
Total clientes: 0
Total sesiones: 0
Mapas disponibles: 11
Directorio de escaneo: C:/xampp/htdocs/UPMAPS/Maps/
Sistema FAILOVER: ACTIVO
==================================

[DEBUG-ZOMBIE] Liberando clients_mutex en debugPrintClients
[DEBUG-ZOMBIE] Iniciando cleanup de zombies...
[DEBUG-ZOMBIE] Intentando tomar clients_mutex para cleanup...
[DEBUG-ZOMBIE] Revisando 0 clientes...
[DEBUG-ZOMBIE] clients_mutex liberado en cleanup
[DEBUG-ZOMBIE] Enviando 0 PINGs...
[DEBUG-ZOMBIE] Limpiando 0 zombies...
[DEBUG-ZOMBIE] Cleanup de zombies completado
[DEBUG-ZOMBIE] Iniciando cleanup de zombies...
[DEBUG-ZOMBIE] Intentando tomar clients_mutex para cleanup...
[DEBUG-ZOMBIE] Revisando 0 clientes...
[DEBUG-ZOMBIE] clients_mutex liberado en cleanup
[DEBUG-ZOMBIE] Enviando 0 PINGs...
[DEBUG-ZOMBIE] Limpiando 0 zombies...
[DEBUG-ZOMBIE] Cleanup de zombies completado
[DEBUG-ZOMBIE] Iniciando cleanup de zombies...
[DEBUG-ZOMBIE] Intentando tomar clients_mutex para cleanup...
[DEBUG-ZOMBIE] Revisando 0 clientes...
[DEBUG-ZOMBIE] clients_mutex liberado en cleanup
[DEBUG-ZOMBIE] Enviando 0 PINGs...
[DEBUG-ZOMBIE] Limpiando 0 zombies...
[DEBUG-ZOMBIE] Cleanup de zombies completado
[DEBUG-ZOMBIE] Iniciando cleanup de zombies...
[DEBUG-ZOMBIE] Intentando tomar clients_mutex para cleanup...
[DEBUG-ZOMBIE] Revisando 0 clientes...
[DEBUG-ZOMBIE] clients_mutex liberado en cleanup
[DEBUG-ZOMBIE] Enviando 0 PINGs...
[DEBUG-ZOMBIE] Limpiando 0 zombies...
[DEBUG-ZOMBIE] Cleanup de zombies completado
[DEBUG-ZOMBIE] Intentando tomar clients_mutex en debugPrintClients...

=== DEBUG - ESTADO CLIENTES ===
Total clientes: 0
Total sesiones: 0
Mapas disponibles: 11
Directorio de escaneo: C:/xampp/htdocs/UPMAPS/Maps/
Sistema FAILOVER: ACTIVO
==================================

[DEBUG-ZOMBIE] Liberando clients_mutex en debugPrintClients
[DEBUG-ZOMBIE] Iniciando cleanup de zombies...
[DEBUG-ZOMBIE] Intentando tomar clients_mutex para cleanup...
[DEBUG-ZOMBIE] Revisando 0 clientes...
[DEBUG-ZOMBIE] clients_mutex liberado en cleanup
[DEBUG-ZOMBIE] Enviando 0 PINGs...
[DEBUG-ZOMBIE] Limpiando 0 zombies...
[DEBUG-ZOMBIE] Cleanup de zombies completado
[DEBUG-ZOMBIE] Iniciando cleanup de zombies...
[DEBUG-ZOMBIE] Intentando tomar clients_mutex para cleanup...
[DEBUG-ZOMBIE] Revisando 0 clientes...
[DEBUG-ZOMBIE] clients_mutex liberado en cleanup
[DEBUG-ZOMBIE] Enviando 0 PINGs...
[DEBUG-ZOMBIE] Limpiando 0 zombies...
[DEBUG-ZOMBIE] Cleanup de zombies completado
[DEBUG-ZOMBIE] Iniciando cleanup de zombies...
[DEBUG-ZOMBIE] Intentando tomar clients_mutex para cleanup...
[DEBUG-ZOMBIE] Revisando 0 clientes...
[DEBUG-ZOMBIE] clients_mutex liberado en cleanup
[DEBUG-ZOMBIE] Enviando 0 PINGs...
[DEBUG-ZOMBIE] Limpiando 0 zombies...
[DEBUG-ZOMBIE] Cleanup de zombies completado
[DEBUG-ZOMBIE] Iniciando cleanup de zombies...
[DEBUG-ZOMBIE] Intentando tomar clients_mutex para cleanup...
[DEBUG-ZOMBIE] Revisando 0 clientes...
[DEBUG-ZOMBIE] clients_mutex liberado en cleanup
[DEBUG-ZOMBIE] Enviando 0 PINGs...
[DEBUG-ZOMBIE] Limpiando 0 zombies...
[DEBUG-ZOMBIE] Cleanup de zombies completado
[DEBUG-ZOMBIE] Intentando tomar clients_mutex en debugPrintClients...

=== DEBUG - ESTADO CLIENTES ===
Total clientes: 0
Total sesiones: 0
Mapas disponibles: 11
Directorio de escaneo: C:/xampp/htdocs/UPMAPS/Maps/
Sistema FAILOVER: ACTIVO
==================================

[DEBUG-ZOMBIE] Liberando clients_mutex en debugPrintClients
[DEBUG-ZOMBIE] Iniciando cleanup de zombies...
[DEBUG-ZOMBIE] Intentando tomar clients_mutex para cleanup...
[DEBUG-ZOMBIE] Revisando 0 clientes...
[DEBUG-ZOMBIE] clients_mutex liberado en cleanup
[DEBUG-ZOMBIE] Enviando 0 PINGs...
[DEBUG-ZOMBIE] Limpiando 0 zombies...
[DEBUG-ZOMBIE] Cleanup de zombies completado
[DEBUG-ZOMBIE] Iniciando cleanup de zombies...
[DEBUG-ZOMBIE] Intentando tomar clients_mutex para cleanup...
[DEBUG-ZOMBIE] Revisando 0 clientes...
[DEBUG-ZOMBIE] clients_mutex liberado en cleanup
[DEBUG-ZOMBIE] Enviando 0 PINGs...
[DEBUG-ZOMBIE] Limpiando 0 zombies...
[DEBUG-ZOMBIE] Cleanup de zombies completado
[DEBUG-ZOMBIE] Iniciando cleanup de zombies...
[DEBUG-ZOMBIE] Intentando tomar clients_mutex para cleanup...
[DEBUG-ZOMBIE] Revisando 0 clientes...
[DEBUG-ZOMBIE] clients_mutex liberado en cleanup
[DEBUG-ZOMBIE] Enviando 0 PINGs...
[DEBUG-ZOMBIE] Limpiando 0 zombies...
[DEBUG-ZOMBIE] Cleanup de zombies completado
[DEBUG-ZOMBIE] Iniciando cleanup de zombies...
[DEBUG-ZOMBIE] Intentando tomar clients_mutex para cleanup...
[DEBUG-ZOMBIE] Revisando 0 clientes...
[DEBUG-ZOMBIE] clients_mutex liberado en cleanup
[DEBUG-ZOMBIE] Enviando 0 PINGs...
[DEBUG-ZOMBIE] Limpiando 0 zombies...
[DEBUG-ZOMBIE] Cleanup de zombies completado
[DEBUG-ZOMBIE] Intentando tomar clients_mutex en debugPrintClients...

=== DEBUG - ESTADO CLIENTES ===
Total clientes: 0
Total sesiones: 0
Mapas disponibles: 11
Directorio de escaneo: C:/xampp/htdocs/UPMAPS/Maps/
Sistema FAILOVER: ACTIVO
==================================

[DEBUG-ZOMBIE] Liberando clients_mutex en debugPrintClients
[DEBUG-ZOMBIE] Iniciando cleanup de zombies...
[DEBUG-ZOMBIE] Intentando tomar clients_mutex para cleanup...
[DEBUG-ZOMBIE] Revisando 0 clientes...
[DEBUG-ZOMBIE] clients_mutex liberado en cleanup
[DEBUG-ZOMBIE] Enviando 0 PINGs...
[DEBUG-ZOMBIE] Limpiando 0 zombies...
[DEBUG-ZOMBIE] Cleanup de zombies completado
[DEBUG-ZOMBIE] Iniciando cleanup de zombies...
[DEBUG-ZOMBIE] Intentando tomar clients_mutex para cleanup...
[DEBUG-ZOMBIE] Revisando 0 clientes...
[DEBUG-ZOMBIE] clients_mutex liberado en cleanup
[DEBUG-ZOMBIE] Enviando 0 PINGs...
[DEBUG-ZOMBIE] Limpiando 0 zombies...
[DEBUG-ZOMBIE] Cleanup de zombies completado
[DEBUG-ZOMBIE] Iniciando cleanup de zombies...
[DEBUG-ZOMBIE] Intentando tomar clients_mutex para cleanup...
[DEBUG-ZOMBIE] Revisando 0 clientes...
[DEBUG-ZOMBIE] clients_mutex liberado en cleanup
[DEBUG-ZOMBIE] Enviando 0 PINGs...
[DEBUG-ZOMBIE] Limpiando 0 zombies...
[DEBUG-ZOMBIE] Cleanup de zombies completado
[DEBUG-ZOMBIE] Iniciando cleanup de zombies...
[DEBUG-ZOMBIE] Intentando tomar clients_mutex para cleanup...
[DEBUG-ZOMBIE] Revisando 0 clientes...
[DEBUG-ZOMBIE] clients_mutex liberado en cleanup
[DEBUG-ZOMBIE] Enviando 0 PINGs...
[DEBUG-ZOMBIE] Limpiando 0 zombies...
[DEBUG-ZOMBIE] Cleanup de zombies completado
[DEBUG-ZOMBIE] Intentando tomar clients_mutex en debugPrintClients...

=== DEBUG - ESTADO CLIENTES ===
Total clientes: 0
Total sesiones: 0
Mapas disponibles: 11
Directorio de escaneo: C:/xampp/htdocs/UPMAPS/Maps/
Sistema FAILOVER: ACTIVO
==================================

[DEBUG-ZOMBIE] Liberando clients_mutex en debugPrintClients
[DEBUG-ZOMBIE] Iniciando cleanup de zombies...
[DEBUG-ZOMBIE] Intentando tomar clients_mutex para cleanup...
[DEBUG-ZOMBIE] Revisando 0 clientes...
[DEBUG-ZOMBIE] clients_mutex liberado en cleanup
[DEBUG-ZOMBIE] Enviando 0 PINGs...
[DEBUG-ZOMBIE] Limpiando 0 zombies...
[DEBUG-ZOMBIE] Cleanup de zombies completado
[DEBUG-ZOMBIE] Iniciando cleanup de zombies...
[DEBUG-ZOMBIE] Intentando tomar clients_mutex para cleanup...
[DEBUG-ZOMBIE] Revisando 0 clientes...
[DEBUG-ZOMBIE] clients_mutex liberado 