Aug 16 10:25:57 [info ] eventlog_startup: logging event levels: fatal,error,warn,info,debug
Aug 16 10:25:57 [debug] pvpgn::give_up_root_privileges: about to give up root privileges
Aug 16 10:25:57 [info ] pvpgn_greeting: PvPGN 1.99.7.2.1-PRO process 5540
Aug 16 10:25:57 [info ] pvpgn_greeting: running on Windows 10 (10.0 Build 19045, x86)
Aug 16 10:25:57 [info ] pvpgn::bnetd::storage_init: initializing storage layer (available drivers: file, sql)
Aug 16 10:25:57 [info ] pvpgn::bnetd::sql_mysql_init: Successfully turned on MYSQL_OPT_RECONNECT.
Aug 16 10:25:57 [info ] pvpgn::bnetd::sql_dbcreator: Creating missing tables and columns (if any)
Aug 16 10:25:57 [info ] pvpgn::bnetd::sql_dbcreator: finished adding missing tables and columns
Aug 16 10:25:57 [info ] pvpgn::bnetd::storage_init: using sql storage driver
Aug 16 10:25:57 [info ] pvpgn::FDWSelectBackend::FDWSelectBackend: fdwatch select() based layer initialized (max 1000 sockets)
Aug 16 10:25:57 [info ] pvpgn::bnetd::i18n_load: localization file loaded "conf\i18n/bgBG/common.xml"
Aug 16 10:25:57 [info ] pvpgn::bnetd::i18n_load: localization file loaded "conf\i18n/csCZ/common.xml"
Aug 16 10:25:57 [info ] pvpgn::bnetd::i18n_load: localization file loaded "conf\i18n/deDE/common.xml"
Aug 16 10:25:57 [info ] pvpgn::bnetd::i18n_load: localization file loaded "conf\i18n/esES/common.xml"
Aug 16 10:25:57 [info ] pvpgn::bnetd::i18n_load: localization file loaded "conf\i18n/frFR/common.xml"
Aug 16 10:25:57 [info ] pvpgn::bnetd::i18n_load: localization file loaded "conf\i18n/itIT/common.xml"
Aug 16 10:25:57 [info ] pvpgn::bnetd::i18n_load: localization file loaded "conf\i18n/jpJA/common.xml"
Aug 16 10:25:57 [info ] pvpgn::bnetd::i18n_load: localization file loaded "conf\i18n/koKR/common.xml"
Aug 16 10:25:57 [info ] pvpgn::bnetd::i18n_load: localization file loaded "conf\i18n/nlNL/common.xml"
Aug 16 10:25:57 [info ] pvpgn::bnetd::i18n_load: localization file loaded "conf\i18n/plPL/common.xml"
Aug 16 10:25:57 [info ] pvpgn::bnetd::i18n_load: localization file loaded "conf\i18n/ptBR/common.xml"
Aug 16 10:25:57 [info ] pvpgn::bnetd::i18n_load: localization file loaded "conf\i18n/ruRU/common.xml"
Aug 16 10:25:57 [info ] pvpgn::bnetd::i18n_load: localization file loaded "conf\i18n/svSE/common.xml"
Aug 16 10:25:57 [info ] pvpgn::bnetd::i18n_load: localization file loaded "conf\i18n/zhCN/common.xml"
Aug 16 10:25:57 [info ] pvpgn::bnetd::i18n_load: localization file loaded "conf\i18n/zhTW/common.xml"
Aug 16 10:25:57 [info ] pvpgn::bnetd::i18n_load: localization file loaded "conf\i18n/common.xml"
Aug 16 10:25:57 [info ] pvpgn::bnetd::server_set_hostname: set hostname to "DESKTOP-32LI22I"
Aug 16 10:25:57 [debug] pvpgn::bnetd::channel_create: creating new channel "The Void" shortname="The Void" clienttag=(none) country=(none) realm=(none)
Aug 16 10:25:57 [debug] pvpgn::bnetd::channel_create: channel created successfully
Aug 16 10:25:57 [debug] pvpgn::bnetd::channel_create: creating new channel "Starcraft-1" shortname="Starcraft" clienttag="STAR" country=(none) realm=(none)
Aug 16 10:25:57 [debug] pvpgn::bnetd::channel_create: channel created successfully
Aug 16 10:25:57 [debug] pvpgn::bnetd::channel_create: creating new channel "Brood War-1" shortname="Brood War" clienttag="SEXP" country=(none) realm=(none)
Aug 16 10:25:57 [debug] pvpgn::bnetd::channel_create: channel created successfully
Aug 16 10:25:57 [debug] pvpgn::bnetd::channel_create: creating new channel "Starcraft Shareware-1" shortname="Starcraft Shareware" clienttag="SSHR" country=(none) realm=(none)
Aug 16 10:25:57 [debug] pvpgn::bnetd::channel_create: channel created successfully
Aug 16 10:25:57 [debug] pvpgn::bnetd::channel_create: creating new channel "Diablo Retail-1" shortname="Diablo Retail" clienttag="DRTL" country=(none) realm=(none)
Aug 16 10:25:57 [debug] pvpgn::bnetd::channel_create: channel created successfully
Aug 16 10:25:57 [debug] pvpgn::bnetd::channel_create: creating new channel "War2BNE-1" shortname="War2BNE" clienttag="W2BN" country=(none) realm=(none)
Aug 16 10:25:57 [debug] pvpgn::bnetd::channel_create: channel created successfully
Aug 16 10:25:57 [debug] pvpgn::bnetd::channel_create: creating new channel "Diablo II-1" shortname="Diablo II" clienttag="D2DV" country=(none) realm=(none)
Aug 16 10:25:57 [debug] pvpgn::bnetd::channel_create: channel created successfully
Aug 16 10:25:57 [debug] pvpgn::bnetd::channel_create: creating new channel "Diablo II-1" shortname="Diablo II" clienttag="D2XP" country=(none) realm=(none)
Aug 16 10:25:57 [debug] pvpgn::bnetd::channel_create: channel created successfully
Aug 16 10:25:57 [debug] pvpgn::bnetd::channel_create: creating new channel "Warcraft 3 Frozen Throne" shortname="W3" clienttag="W3XP" country=(none) realm=(none)
Aug 16 10:25:57 [debug] pvpgn::bnetd::channel_create: channel created successfully
Aug 16 10:25:57 [debug] pvpgn::bnetd::channel_create: creating new channel "Warcraft 3" shortname="W3" clienttag="WAR3" country=(none) realm=(none)
Aug 16 10:25:57 [debug] pvpgn::bnetd::channel_create: channel created successfully
Aug 16 10:25:57 [debug] pvpgn::bnetd::channel_create: creating new channel "Human Castle" shortname="W3" clienttag="W3XP" country=(none) realm=(none)
Aug 16 10:25:57 [debug] pvpgn::bnetd::channel_create: channel created successfully
Aug 16 10:25:57 [debug] pvpgn::bnetd::channel_create: creating new channel "Orc Stronghold" shortname="W3" clienttag="W3XP" country=(none) realm=(none)
Aug 16 10:25:57 [debug] pvpgn::bnetd::channel_create: channel created successfully
Aug 16 10:25:57 [debug] pvpgn::bnetd::channel_create: creating new channel "Undead Necropolis" shortname="W3" clienttag="W3XP" country=(none) realm=(none)
Aug 16 10:25:57 [debug] pvpgn::bnetd::channel_create: channel created successfully
Aug 16 10:25:57 [debug] pvpgn::bnetd::channel_create: creating new channel "Night Elf Tree of Life" shortname="W3" clienttag="W3XP" country=(none) realm=(none)
Aug 16 10:25:57 [debug] pvpgn::bnetd::channel_create: channel created successfully
Aug 16 10:25:57 [debug] pvpgn::bnetd::channel_create: creating new channel "Dragon Roost" shortname="W3" clienttag="W3XP" country=(none) realm=(none)
Aug 16 10:25:57 [debug] pvpgn::bnetd::channel_create: channel created successfully
Aug 16 10:25:57 [debug] pvpgn::bnetd::channel_create: creating new channel "Human Castle" shortname="W3" clienttag="WAR3" country=(none) realm=(none)
Aug 16 10:25:57 [debug] pvpgn::bnetd::channel_create: channel created successfully
Aug 16 10:25:57 [debug] pvpgn::bnetd::channel_create: creating new channel "Orc Stronghold" shortname="W3" clienttag="WAR3" country=(none) realm=(none)
Aug 16 10:25:57 [debug] pvpgn::bnetd::channel_create: channel created successfully
Aug 16 10:25:57 [debug] pvpgn::bnetd::channel_create: creating new channel "Undead Necropolis" shortname="W3" clienttag="WAR3" country=(none) realm=(none)
Aug 16 10:25:57 [debug] pvpgn::bnetd::channel_create: channel created successfully
Aug 16 10:25:57 [debug] pvpgn::bnetd::channel_create: creating new channel "Night Elf Tree of Life" shortname="W3" clienttag="WAR3" country=(none) realm=(none)
Aug 16 10:25:57 [debug] pvpgn::bnetd::channel_create: channel created successfully
Aug 16 10:25:57 [debug] pvpgn::bnetd::channel_create: creating new channel "Dragon Roost" shortname="W3" clienttag="WAR3" country=(none) realm=(none)
Aug 16 10:25:57 [debug] pvpgn::bnetd::channel_create: channel created successfully
Aug 16 10:25:57 [debug] pvpgn::bnetd::channel_create: creating new channel "Chat" shortname="Chat" clienttag="CHAT" country=(none) realm=(none)
Aug 16 10:25:57 [debug] pvpgn::bnetd::channel_create: channel created successfully
Aug 16 10:25:57 [debug] pvpgn::bnetd::channel_create: creating new channel "Backstage" shortname="Backstage" clienttag=(none) country=(none) realm=(none)
Aug 16 10:25:57 [debug] pvpgn::bnetd::channel_create: channel created successfully
Aug 16 10:25:57 [debug] pvpgn::bnetd::channel_create: creating new channel "Moderated Support" shortname="Support" clienttag=(none) country=(none) realm=(none)
Aug 16 10:25:57 [debug] pvpgn::bnetd::channel_create: channel created successfully
Aug 16 10:25:57 [debug] pvpgn::bnetd::channel_create: creating new channel "Command n Conqr" shortname="Command n Conqr" clienttag="WCHT" country=(none) realm=(none)
Aug 16 10:25:57 [debug] pvpgn::bnetd::channel_create: channel created successfully
Aug 16 10:25:57 [debug] pvpgn::bnetd::channel_create: creating new channel "Monopoly" shortname="Monopoly" clienttag="WCHT" country=(none) realm=(none)
Aug 16 10:25:57 [debug] pvpgn::bnetd::channel_create: channel created successfully
Aug 16 10:25:57 [debug] pvpgn::bnetd::channel_create: creating new channel "Red Alert" shortname="Red Alert" clienttag="WCHT" country=(none) realm=(none)
Aug 16 10:25:57 [debug] pvpgn::bnetd::channel_create: channel created successfully
Aug 16 10:25:57 [debug] pvpgn::bnetd::channel_create: creating new channel "Renegade-1" shortname="Lob 12 0" clienttag="RNGD" country=(none) realm=(none)
Aug 16 10:25:57 [debug] pvpgn::bnetd::channel_create: channel created successfully
Aug 16 10:25:57 [debug] pvpgn::bnetd::channel_create: creating new channel "Dune 2000-1" shortname="Lob 14 0" clienttag="DN2K" country=(none) realm=(none)
Aug 16 10:25:57 [debug] pvpgn::bnetd::channel_create: channel created successfully
Aug 16 10:25:57 [debug] pvpgn::bnetd::channel_create: creating new channel "Nox-1" shortname="Lob 16 0" clienttag="NOXX" country=(none) realm=(none)
Aug 16 10:25:57 [debug] pvpgn::bnetd::channel_create: channel created successfully
Aug 16 10:25:57 [debug] pvpgn::bnetd::channel_create: creating new channel "Nox-2" shortname="Lob 16 1" clienttag="NOXX" country=(none) realm=(none)
Aug 16 10:25:57 [debug] pvpgn::bnetd::channel_create: channel created successfully
Aug 16 10:25:57 [debug] pvpgn::bnetd::channel_create: creating new channel "Tiberian Sun-1" shortname="Lob 18 0" clienttag="TSUN" country=(none) realm=(none)
Aug 16 10:25:57 [debug] pvpgn::bnetd::channel_create: channel created successfully
Aug 16 10:25:57 [debug] pvpgn::bnetd::channel_create: creating new channel "Tiberian Sun-2" shortname="Lob 18 1" clienttag="TSUN" country=(none) realm=(none)
Aug 16 10:25:57 [debug] pvpgn::bnetd::channel_create: channel created successfully
Aug 16 10:25:57 [debug] pvpgn::bnetd::channel_create: creating new channel "Tiberian Sun-3" shortname="Lob 18 2" clienttag="TSUN" country=(none) realm=(none)
Aug 16 10:25:57 [debug] pvpgn::bnetd::channel_create: channel created successfully
Aug 16 10:25:57 [debug] pvpgn::bnetd::channel_create: creating new channel "Red Alert-1" shortname="Lob 21 0" clienttag="RALT" country=(none) realm=(none)
Aug 16 10:25:57 [debug] pvpgn::bnetd::channel_create: channel created successfully
Aug 16 10:25:57 [debug] pvpgn::bnetd::channel_create: creating new channel "Emperor-1" shortname="Lob 31 0" clienttag="UNKN" country=(none) realm=(none)
Aug 16 10:25:57 [debug] pvpgn::bnetd::channel_create: channel created successfully
Aug 16 10:25:57 [debug] pvpgn::bnetd::channel_create: creating new channel "Emperor-2" shortname="Lob 31 1" clienttag="UNKN" country=(none) realm=(none)
Aug 16 10:25:57 [debug] pvpgn::bnetd::channel_create: channel created successfully
Aug 16 10:25:57 [debug] pvpgn::bnetd::channel_create: creating new channel "Red Alert 2-1" shortname="Lob 33 0" clienttag="RAL2" country=(none) realm=(none)
Aug 16 10:25:57 [debug] pvpgn::bnetd::channel_create: channel created successfully
Aug 16 10:25:57 [debug] pvpgn::bnetd::channel_create: creating new channel "Red Alert 2-2" shortname="Lob 33 1" clienttag="RAL2" country=(none) realm=(none)
Aug 16 10:25:57 [debug] pvpgn::bnetd::channel_create: channel created successfully
Aug 16 10:25:57 [debug] pvpgn::bnetd::channel_create: creating new channel "Nox Quest-1" shortname="Lob 37 0" clienttag="NOXQ" country=(none) realm=(none)
Aug 16 10:25:57 [debug] pvpgn::bnetd::channel_create: channel created successfully
Aug 16 10:25:57 [debug] pvpgn::bnetd::channel_create: creating new channel "Yuri's Revenge-1" shortname="Lob 41 0" clienttag="YURI" country=(none) realm=(none)
Aug 16 10:25:57 [debug] pvpgn::bnetd::channel_create: channel created successfully
Aug 16 10:25:57 [debug] pvpgn::bnetd::channel_create: creating new channel "Yuri's Revenge-2" shortname="Lob 41 1" clienttag="YURI" country=(none) realm=(none)
Aug 16 10:25:57 [debug] pvpgn::bnetd::channel_create: channel created successfully
Aug 16 10:25:57 [debug] pvpgn::bnetd::channel_create: creating new channel "Lob 38 0" shortname="Lob 38 0" clienttag="CHAT" country=(none) realm=(none)
Aug 16 10:25:57 [debug] pvpgn::bnetd::channel_create: channel created successfully
Aug 16 10:25:57 [debug] pvpgn::bnetd::channel_create: creating new channel "Lob 39 0" shortname="Lob 39 0" clienttag="CHAT" country=(none) realm=(none)
Aug 16 10:25:57 [debug] pvpgn::bnetd::channel_create: channel created successfully
Aug 16 10:25:57 [debug] pvpgn::bnetd::channel_create: creating new channel "Lob 40 0" shortname="Lob 40 0" clienttag="CHAT" country=(none) realm=(none)
Aug 16 10:25:57 [debug] pvpgn::bnetd::channel_create: channel created successfully
Aug 16 10:25:57 [info ] pvpgn::bnetd::AdBanner::AdBanner: Created ad id=0x00000001 filename="ad000001.mng" link="http://pvpgn.pro" client="W3XP" lang="NULL"
Aug 16 10:25:57 [info ] pvpgn::bnetd::AdBanner::AdBanner: Created ad id=0x00000002 filename="ad000002.png" link="http://pvpgn.pro" client="W3XP" lang="NULL"
Aug 16 10:25:57 [info ] pvpgn::bnetd::AdBanner::AdBanner: Created ad id=0x00000003 filename="ad000001.smk" link="http://pvpgn.pro" client="NULL" lang="NULL"
Aug 16 10:25:57 [info ] pvpgn::bnetd::AdBanner::AdBanner: Created ad id=0x00000004 filename="ad000002.smk" link="http://pvpgn.pro" client="NULL" lang="NULL"
Aug 16 10:25:57 [debug] pvpgn::bnetd::autoupdate_load: update 'W3XP' version 'W3XP_107A' with file W3XP_IX86_1xx_127b.mpq
Aug 16 10:25:57 [debug] pvpgn::bnetd::autoupdate_load: update 'W3XP' version 'W3XP_110A' with file W3XP_IX86_1xx_127b.mpq
Aug 16 10:25:57 [debug] pvpgn::bnetd::autoupdate_load: update 'W3XP' version 'W3XP_111A' with file W3XP_IX86_1xx_127b.mpq
Aug 16 10:25:57 [debug] pvpgn::bnetd::autoupdate_load: update 'W3XP' version 'W3XP_112A' with file W3XP_IX86_1xx_127b.mpq
Aug 16 10:25:57 [debug] pvpgn::bnetd::autoupdate_load: update 'W3XP' version 'W3XP_113A' with file W3XP_IX86_1xx_127b.mpq
Aug 16 10:25:57 [debug] pvpgn::bnetd::autoupdate_load: update 'W3XP' version 'W3XP_113B' with file W3XP_IX86_1xx_127b.mpq
Aug 16 10:25:57 [debug] pvpgn::bnetd::autoupdate_load: update 'W3XP' version 'W3XP_114A' with file W3XP_IX86_1xx_127b.mpq
Aug 16 10:25:57 [debug] pvpgn::bnetd::autoupdate_load: update 'W3XP' version 'W3XP_114B' with file W3XP_IX86_1xx_127b.mpq
Aug 16 10:25:57 [debug] pvpgn::bnetd::autoupdate_load: update 'W3XP' version 'W3XP_115A' with file W3XP_IX86_1xx_127b.mpq
Aug 16 10:25:57 [debug] pvpgn::bnetd::autoupdate_load: update 'W3XP' version 'W3XP_116A' with file W3XP_IX86_1xx_127b.mpq
Aug 16 10:25:57 [debug] pvpgn::bnetd::autoupdate_load: update 'W3XP' version 'W3XP_117A' with file W3XP_IX86_1xx_127b.mpq
Aug 16 10:25:57 [debug] pvpgn::bnetd::autoupdate_load: update 'W3XP' version 'W3XP_118A' with file W3XP_IX86_1xx_127b.mpq
Aug 16 10:25:57 [debug] pvpgn::bnetd::autoupdate_load: update 'W3XP' version 'W3XP_119A' with file W3XP_IX86_1xx_127b.mpq
Aug 16 10:25:57 [debug] pvpgn::bnetd::autoupdate_load: update 'W3XP' version 'W3XP_119B' with file W3XP_IX86_1xx_127b.mpq
Aug 16 10:25:57 [debug] pvpgn::bnetd::autoupdate_load: update 'W3XP' version 'W3XP_120A' with file W3XP_IX86_1xx_127b.mpq
Aug 16 10:25:57 [debug] pvpgn::bnetd::autoupdate_load: update 'W3XP' version 'W3XP_120B' with file W3XP_IX86_1xx_127b.mpq
Aug 16 10:25:57 [debug] pvpgn::bnetd::autoupdate_load: update 'W3XP' version 'W3XP_120C' with file W3XP_IX86_1xx_127b.mpq
Aug 16 10:25:57 [debug] pvpgn::bnetd::autoupdate_load: update 'W3XP' version 'W3XP_120D' with file W3XP_IX86_1xx_127b.mpq
Aug 16 10:25:57 [debug] pvpgn::bnetd::autoupdate_load: update 'W3XP' version 'W3XP_120E' with file W3XP_IX86_1xx_127b.mpq
Aug 16 10:25:57 [debug] pvpgn::bnetd::autoupdate_load: update 'W3XP' version 'W3XP_121A' with file W3XP_IX86_1xx_127b.mpq
Aug 16 10:25:57 [debug] pvpgn::bnetd::autoupdate_load: update 'W3XP' version 'W3XP_121B' with file W3XP_IX86_1xx_127b.mpq
Aug 16 10:25:57 [debug] pvpgn::bnetd::autoupdate_load: update 'W3XP' version 'W3XP_122A' with file W3XP_IX86_1xx_127b.mpq
Aug 16 10:25:57 [debug] pvpgn::bnetd::autoupdate_load: update 'W3XP' version 'W3XP_123A' with file W3XP_IX86_1xx_127b.mpq
Aug 16 10:25:57 [debug] pvpgn::bnetd::autoupdate_load: update 'W3XP' version 'W3XP_124A' with file W3XP_IX86_1xx_127b.mpq
Aug 16 10:25:57 [debug] pvpgn::bnetd::autoupdate_load: update 'W3XP' version 'W3XP_124B' with file W3XP_IX86_1xx_127b.mpq
Aug 16 10:25:57 [debug] pvpgn::bnetd::autoupdate_load: update 'W3XP' version 'W3XP_124C' with file W3XP_IX86_1xx_127b.mpq
Aug 16 10:25:57 [debug] pvpgn::bnetd::autoupdate_load: update 'W3XP' version 'W3XP_124D' with file W3XP_IX86_1xx_127b.mpq
Aug 16 10:25:57 [debug] pvpgn::bnetd::autoupdate_load: update 'W3XP' version 'W3XP_124E' with file W3XP_IX86_1xx_127b.mpq
Aug 16 10:25:57 [debug] pvpgn::bnetd::autoupdate_load: update 'W3XP' version 'W3XP_125B' with file W3XP_IX86_1xx_127b.mpq
Aug 16 10:25:57 [debug] pvpgn::bnetd::autoupdate_load: update 'W3XP' version 'W3XP_126A' with file W3XP_IX86_1xx_127b.mpq
Aug 16 10:25:57 [debug] pvpgn::bnetd::autoupdate_load: update 'W3XP' version 'W3XP_127A' with file W3XP_IX86_1xx_127b.mpq
Aug 16 10:25:57 [debug] pvpgn::bnetd::autoupdate_load: update 'W3XP' version 'W3XP_1xx' with file W3XP_IX86_1xx_127b.mpq
Aug 16 10:25:57 [debug] pvpgn::bnetd::autoupdate_load: update 'WAR3' version 'WAR3_107A' with file WAR3_IX86_1xx_127b.mpq
Aug 16 10:25:57 [debug] pvpgn::bnetd::autoupdate_load: update 'WAR3' version 'WAR3_110A' with file WAR3_IX86_1xx_127b.mpq
Aug 16 10:25:57 [debug] pvpgn::bnetd::autoupdate_load: update 'WAR3' version 'WAR3_111A' with file WAR3_IX86_1xx_127b.mpq
Aug 16 10:25:57 [debug] pvpgn::bnetd::autoupdate_load: update 'WAR3' version 'WAR3_112A' with file WAR3_IX86_1xx_127b.mpq
Aug 16 10:25:57 [debug] pvpgn::bnetd::autoupdate_load: update 'WAR3' version 'WAR3_113A' with file WAR3_IX86_1xx_127b.mpq
Aug 16 10:25:57 [debug] pvpgn::bnetd::autoupdate_load: update 'WAR3' version 'WAR3_113B' with file WAR3_IX86_1xx_127b.mpq
Aug 16 10:25:57 [debug] pvpgn::bnetd::autoupdate_load: update 'WAR3' version 'WAR3_114A' with file WAR3_IX86_1xx_127b.mpq
Aug 16 10:25:57 [debug] pvpgn::bnetd::autoupdate_load: update 'WAR3' version 'WAR3_114B' with file WAR3_IX86_1xx_127b.mpq
Aug 16 10:25:57 [debug] pvpgn::bnetd::autoupdate_load: update 'WAR3' version 'WAR3_115A' with file WAR3_IX86_1xx_127b.mpq
Aug 16 10:25:57 [debug] pvpgn::bnetd::autoupdate_load: update 'WAR3' version 'WAR3_116A' with file WAR3_IX86_1xx_127b.mpq
Aug 16 10:25:57 [debug] pvpgn::bnetd::autoupdate_load: update 'WAR3' version 'WAR3_117A' with file WAR3_IX86_1xx_127b.mpq
Aug 16 10:25:57 [debug] pvpgn::bnetd::autoupdate_load: update 'WAR3' version 'WAR3_118A' with file WAR3_IX86_1xx_127b.mpq
Aug 16 10:25:57 [debug] pvpgn::bnetd::autoupdate_load: update 'WAR3' version 'WAR3_119A' with file WAR3_IX86_1xx_127b.mpq
Aug 16 10:25:57 [debug] pvpgn::bnetd::autoupdate_load: update 'WAR3' version 'WAR3_119B' with file WAR3_IX86_1xx_127b.mpq
Aug 16 10:25:57 [debug] pvpgn::bnetd::autoupdate_load: update 'WAR3' version 'WAR3_120A' with file WAR3_IX86_1xx_127b.mpq
Aug 16 10:25:57 [debug] pvpgn::bnetd::autoupdate_load: update 'WAR3' version 'WAR3_120B' with file WAR3_IX86_1xx_127b.mpq
Aug 16 10:25:57 [debug] pvpgn::bnetd::autoupdate_load: update 'WAR3' version 'WAR3_120C' with file WAR3_IX86_1xx_127b.mpq
Aug 16 10:25:57 [debug] pvpgn::bnetd::autoupdate_load: update 'WAR3' version 'WAR3_120D' with file WAR3_IX86_1xx_127b.mpq
Aug 16 10:25:57 [debug] pvpgn::bnetd::autoupdate_load: update 'WAR3' version 'WAR3_120E' with file WAR3_IX86_1xx_127b.mpq
Aug 16 10:25:57 [debug] pvpgn::bnetd::autoupdate_load: update 'WAR3' version 'WAR3_121A' with file WAR3_IX86_1xx_127b.mpq
Aug 16 10:25:57 [debug] pvpgn::bnetd::autoupdate_load: update 'WAR3' version 'WAR3_121B' with file WAR3_IX86_1xx_127b.mpq
Aug 16 10:25:57 [debug] pvpgn::bnetd::autoupdate_load: update 'WAR3' version 'WAR3_122A' with file WAR3_IX86_1xx_127b.mpq
Aug 16 10:25:57 [debug] pvpgn::bnetd::autoupdate_load: update 'WAR3' version 'WAR3_123A' with file WAR3_IX86_1xx_127b.mpq
Aug 16 10:25:57 [debug] pvpgn::bnetd::autoupdate_load: update 'WAR3' version 'WAR3_124A' with file WAR3_IX86_1xx_127b.mpq
Aug 16 10:25:57 [debug] pvpgn::bnetd::autoupdate_load: update 'WAR3' version 'WAR3_124B' with file WAR3_IX86_1xx_127b.mpq
Aug 16 10:25:57 [debug] pvpgn::bnetd::autoupdate_load: update 'WAR3' version 'WAR3_124C' with file WAR3_IX86_1xx_127b.mpq
Aug 16 10:25:57 [debug] pvpgn::bnetd::autoupdate_load: update 'WAR3' version 'WAR3_124D' with file WAR3_IX86_1xx_127b.mpq
Aug 16 10:25:57 [debug] pvpgn::bnetd::autoupdate_load: update 'WAR3' version 'WAR3_124E' with file WAR3_IX86_1xx_127b.mpq
Aug 16 10:25:57 [debug] pvpgn::bnetd::autoupdate_load: update 'WAR3' version 'WAR3_125B' with file WAR3_IX86_1xx_127b.mpq
Aug 16 10:25:57 [debug] pvpgn::bnetd::autoupdate_load: update 'WAR3' version 'WAR3_126A' with file WAR3_IX86_1xx_127b.mpq
Aug 16 10:25:57 [debug] pvpgn::bnetd::autoupdate_load: update 'WAR3' version 'WAR3_127A' with file WAR3_IX86_1xx_127b.mpq
Aug 16 10:25:57 [debug] pvpgn::bnetd::autoupdate_load: update 'WAR3' version 'WAR3_1xx' with file WAR3_IX86_1xx_127b.mpq
Aug 16 10:25:57 [info ] pvpgn::bnetd::load_versioncheck_conf: Successfully loaded 188 versioncheck entries in 3793 microseconds
Aug 16 10:25:57 [info ] pvpgn::bnetd::output_init: initializing output file
Aug 16 10:25:57 [info ] pvpgn::bnetd::accountlist_create: started creating accountlist
Aug 16 10:25:57 [info ] pvpgn::bnetd::ladder_createxptable: set war3 xpcalc maxleveldiff to 6
Aug 16 10:25:57 [info ] pvpgn::bnetd::LadderList::loadBinary: successfully loaded var\ladders/SEXP_AR_LADDER
Aug 16 10:25:57 [info ] pvpgn::bnetd::LadderList::loadBinary: successfully loaded var\ladders/SEXP_CR_LADDER
Aug 16 10:25:57 [info ] pvpgn::bnetd::LadderList::loadBinary: successfully loaded var\ladders/SEXP_AW_LADDER
Aug 16 10:25:57 [info ] pvpgn::bnetd::LadderList::loadBinary: successfully loaded var\ladders/SEXP_CW_LADDER
Aug 16 10:25:57 [info ] pvpgn::bnetd::LadderList::loadBinary: successfully loaded var\ladders/SEXP_AG_LADDER
Aug 16 10:25:57 [info ] pvpgn::bnetd::LadderList::loadBinary: successfully loaded var\ladders/SEXP_CG_LADDER
Aug 16 10:25:57 [info ] pvpgn::bnetd::LadderList::loadBinary: successfully loaded var\ladders/STAR_AR_LADDER
Aug 16 10:25:57 [info ] pvpgn::bnetd::LadderList::loadBinary: successfully loaded var\ladders/STAR_CR_LADDER
Aug 16 10:25:57 [info ] pvpgn::bnetd::LadderList::loadBinary: successfully loaded var\ladders/STAR_AW_LADDER
Aug 16 10:25:57 [info ] pvpgn::bnetd::LadderList::loadBinary: successfully loaded var\ladders/STAR_CW_LADDER
Aug 16 10:25:57 [info ] pvpgn::bnetd::LadderList::loadBinary: successfully loaded var\ladders/STAR_AG_LADDER
Aug 16 10:25:57 [info ] pvpgn::bnetd::LadderList::loadBinary: successfully loaded var\ladders/STAR_CG_LADDER
Aug 16 10:25:57 [info ] pvpgn::bnetd::LadderList::loadBinary: successfully loaded var\ladders/W2BN_AR_LADDER
Aug 16 10:25:57 [info ] pvpgn::bnetd::LadderList::loadBinary: successfully loaded var\ladders/W2BN_CR_LADDER
Aug 16 10:25:57 [info ] pvpgn::bnetd::LadderList::loadBinary: successfully loaded var\ladders/W2BN_AW_LADDER
Aug 16 10:25:57 [info ] pvpgn::bnetd::LadderList::loadBinary: successfully loaded var\ladders/W2BN_CW_LADDER
Aug 16 10:25:57 [info ] pvpgn::bnetd::LadderList::loadBinary: successfully loaded var\ladders/W2BN_AG_LADDER
Aug 16 10:25:57 [info ] pvpgn::bnetd::LadderList::loadBinary: successfully loaded var\ladders/W2BN_CG_LADDER
Aug 16 10:25:57 [info ] pvpgn::bnetd::LadderList::loadBinary: successfully loaded var\ladders/W2BN_ARI_LADDER
Aug 16 10:25:57 [info ] pvpgn::bnetd::LadderList::loadBinary: successfully loaded var\ladders/W2BN_CRI_LADDER
Aug 16 10:25:57 [info ] pvpgn::bnetd::LadderList::loadBinary: successfully loaded var\ladders/W2BN_AWI_LADDER
Aug 16 10:25:57 [info ] pvpgn::bnetd::LadderList::loadBinary: successfully loaded var\ladders/W2BN_CWI_LADDER
Aug 16 10:25:57 [info ] pvpgn::bnetd::LadderList::loadBinary: successfully loaded var\ladders/W2BN_AGI_LADDER
Aug 16 10:25:57 [info ] pvpgn::bnetd::LadderList::loadBinary: successfully loaded var\ladders/W2BN_CGI_LADDER
Aug 16 10:25:57 [info ] pvpgn::bnetd::LadderList::loadBinary: successfully loaded var\ladders/RAL2_SOLO_LADDER
Aug 16 10:25:57 [info ] pvpgn::bnetd::LadderList::loadBinary: successfully loaded var\ladders/TSUN_SOLO_LADDER
Aug 16 10:25:57 [info ] pvpgn::bnetd::LadderList::loadBinary: successfully loaded var\ladders/TSXP_SOLO_LADDER
Aug 16 10:25:57 [info ] pvpgn::bnetd::LadderList::loadBinary: successfully loaded var\ladders/W3XP_SOLO_LADDER
Aug 16 10:25:57 [info ] pvpgn::bnetd::LadderList::loadBinary: successfully loaded var\ladders/WAR3_SOLO_LADDER
Aug 16 10:25:57 [info ] pvpgn::bnetd::LadderList::loadBinary: successfully loaded var\ladders/YURI_SOLO_LADDER
Aug 16 10:25:57 [info ] pvpgn::bnetd::LadderList::loadBinary: successfully loaded var\ladders/W3XP_TEAM_LADDER
Aug 16 10:25:57 [info ] pvpgn::bnetd::LadderList::loadBinary: successfully loaded var\ladders/WAR3_TEAM_LADDER
Aug 16 10:25:57 [info ] pvpgn::bnetd::LadderList::loadBinary: successfully loaded var\ladders/W3XP_FFA_LADDER
Aug 16 10:25:57 [info ] pvpgn::bnetd::LadderList::loadBinary: successfully loaded var\ladders/WAR3_FFA_LADDER
Aug 16 10:25:57 [info ] pvpgn::bnetd::LadderList::loadBinary: successfully loaded var\ladders/W3XP_AT_LADDER
Aug 16 10:25:57 [info ] pvpgn::bnetd::LadderList::loadBinary: successfully loaded var\ladders/WAR3_AT_LADDER
Aug 16 10:25:57 [info ] pvpgn::bnetd::LadderList::saveBinary: successfully saved var\ladders/SEXP_AR_LADDER
Aug 16 10:25:57 [info ] pvpgn::bnetd::LadderList::saveBinary: successfully saved var\ladders/SEXP_CR_LADDER
Aug 16 10:25:57 [info ] pvpgn::bnetd::LadderList::saveBinary: successfully saved var\ladders/SEXP_AW_LADDER
Aug 16 10:25:57 [info ] pvpgn::bnetd::LadderList::saveBinary: successfully saved var\ladders/SEXP_CW_LADDER
Aug 16 10:25:57 [info ] pvpgn::bnetd::LadderList::saveBinary: successfully saved var\ladders/SEXP_AG_LADDER
Aug 16 10:25:57 [info ] pvpgn::bnetd::LadderList::saveBinary: successfully saved var\ladders/SEXP_CG_LADDER
Aug 16 10:25:57 [info ] pvpgn::bnetd::LadderList::saveBinary: successfully saved var\ladders/STAR_AR_LADDER
Aug 16 10:25:57 [info ] pvpgn::bnetd::LadderList::saveBinary: successfully saved var\ladders/STAR_CR_LADDER
Aug 16 10:25:57 [info ] pvpgn::bnetd::LadderList::saveBinary: successfully saved var\ladders/STAR_AW_LADDER
Aug 16 10:25:57 [info ] pvpgn::bnetd::LadderList::saveBinary: successfully saved var\ladders/STAR_CW_LADDER
Aug 16 10:25:57 [info ] pvpgn::bnetd::LadderList::saveBinary: successfully saved var\ladders/STAR_AG_LADDER
Aug 16 10:25:57 [info ] pvpgn::bnetd::LadderList::saveBinary: successfully saved var\ladders/STAR_CG_LADDER
Aug 16 10:25:57 [info ] pvpgn::bnetd::LadderList::saveBinary: successfully saved var\ladders/W2BN_AR_LADDER
Aug 16 10:25:57 [info ] pvpgn::bnetd::LadderList::saveBinary: successfully saved var\ladders/W2BN_CR_LADDER
Aug 16 10:25:57 [info ] pvpgn::bnetd::LadderList::saveBinary: successfully saved var\ladders/W2BN_AW_LADDER
Aug 16 10:25:57 [info ] pvpgn::bnetd::LadderList::saveBinary: successfully saved var\ladders/W2BN_CW_LADDER
Aug 16 10:25:57 [info ] pvpgn::bnetd::LadderList::saveBinary: successfully saved var\ladders/W2BN_AG_LADDER
Aug 16 10:25:57 [info ] pvpgn::bnetd::LadderList::saveBinary: successfully saved var\ladders/W2BN_CG_LADDER
Aug 16 10:25:57 [info ] pvpgn::bnetd::LadderList::saveBinary: successfully saved var\ladders/W2BN_ARI_LADDER
Aug 16 10:25:57 [info ] pvpgn::bnetd::LadderList::saveBinary: successfully saved var\ladders/W2BN_CRI_LADDER
Aug 16 10:25:57 [info ] pvpgn::bnetd::LadderList::saveBinary: successfully saved var\ladders/W2BN_AWI_LADDER
Aug 16 10:25:57 [info ] pvpgn::bnetd::LadderList::saveBinary: successfully saved var\ladders/W2BN_CWI_LADDER
Aug 16 10:25:57 [info ] pvpgn::bnetd::LadderList::saveBinary: successfully saved var\ladders/W2BN_AGI_LADDER
Aug 16 10:25:57 [info ] pvpgn::bnetd::LadderList::saveBinary: successfully saved var\ladders/W2BN_CGI_LADDER
Aug 16 10:25:57 [info ] pvpgn::bnetd::LadderList::saveBinary: successfully saved var\ladders/RAL2_SOLO_LADDER
Aug 16 10:25:57 [info ] pvpgn::bnetd::LadderList::saveBinary: successfully saved var\ladders/TSUN_SOLO_LADDER
Aug 16 10:25:57 [info ] pvpgn::bnetd::LadderList::saveBinary: successfully saved var\ladders/TSXP_SOLO_LADDER
Aug 16 10:25:57 [info ] pvpgn::bnetd::LadderList::saveBinary: successfully saved var\ladders/W3XP_SOLO_LADDER
Aug 16 10:25:57 [info ] pvpgn::bnetd::LadderList::saveBinary: successfully saved var\ladders/WAR3_SOLO_LADDER
Aug 16 10:25:57 [info ] pvpgn::bnetd::LadderList::saveBinary: successfully saved var\ladders/YURI_SOLO_LADDER
Aug 16 10:25:57 [info ] pvpgn::bnetd::LadderList::saveBinary: successfully saved var\ladders/W3XP_TEAM_LADDER
Aug 16 10:25:57 [info ] pvpgn::bnetd::LadderList::saveBinary: successfully saved var\ladders/WAR3_TEAM_LADDER
Aug 16 10:25:57 [info ] pvpgn::bnetd::LadderList::saveBinary: successfully saved var\ladders/W3XP_FFA_LADDER
Aug 16 10:25:57 [info ] pvpgn::bnetd::LadderList::saveBinary: successfully saved var\ladders/WAR3_FFA_LADDER
Aug 16 10:25:57 [info ] pvpgn::bnetd::LadderList::saveBinary: successfully saved var\ladders/W3XP_AT_LADDER
Aug 16 10:25:57 [info ] pvpgn::bnetd::LadderList::saveBinary: successfully saved var\ladders/WAR3_AT_LADDER
Aug 16 10:25:57 [info ] pvpgn::bnetd::aliasfile_load: done loading aliases
Aug 16 10:25:57 [debug] pvpgn::trans_load: Adding Host -> 127.0.0.1:6112, Output -> 190.237.156.139:6112, Network 0.0.0.0/0x00000000 - (include)
Aug 16 10:25:57 [debug] pvpgn::trans_load: Adding Host -> 192.168.1.1:6112, Output -> 190.237.156.139:6112, Network 0.0.0.0/0x00000000 - (include)
Aug 16 10:25:57 [debug] pvpgn::trans_load: Adding Host -> 192.168.1.1:6125, Output -> 190.237.156.139:6125, Network 0.0.0.0/0x00000000 - (include)
Aug 16 10:25:57 [debug] pvpgn::trans_load: Adding Host -> 192.168.1.1:6114, Output -> 190.237.156.139:6114, Network 0.0.0.0/0x00000000 - (include)
Aug 16 10:25:57 [debug] pvpgn::trans_load: Adding Host -> 192.168.1.1:6115, Output -> 190.237.156.139:6115, Network 0.0.0.0/0x00000000 - (include)
Aug 16 10:25:57 [debug] pvpgn::trans_load: Adding Host -> 192.168.1.1:6116, Output -> 190.237.156.139:6116, Network 0.0.0.0/0x00000000 - (include)
Aug 16 10:25:57 [debug] pvpgn::trans_load: Adding Host -> 192.168.1.1:6117, Output -> 190.237.156.139:6117, Network 0.0.0.0/0x00000000 - (include)
Aug 16 10:25:57 [debug] pvpgn::trans_load: Adding Host -> 192.168.1.1:6118, Output -> 190.237.156.139:6118, Network 0.0.0.0/0x00000000 - (include)
Aug 16 10:25:57 [debug] pvpgn::trans_load: Adding Host -> 192.168.1.1:6119, Output -> 190.237.156.139:6119, Network 0.0.0.0/0x00000000 - (include)
Aug 16 10:25:57 [debug] pvpgn::trans_load: Adding Host -> 192.168.1.31:6112, Output -> 190.237.156.139:6112, Network 0.0.0.0/0x00000000 - (include)
Aug 16 10:25:57 [debug] pvpgn::trans_load: Adding Host -> 0.0.0.0:6200, Output -> 190.237.156.139:6200, Network 0.0.0.0/0x00000000 - (include)
Aug 16 10:25:57 [info ] pvpgn::trans_load: trans file loaded
Aug 16 10:25:57 [info ] pvpgn::bnetd::anongame_infos_load: got langID: []
Aug 16 10:25:57 [info ] pvpgn::bnetd::anongame_infos_load: got langID: [deDE]
Aug 16 10:25:57 [info ] pvpgn::bnetd::anongame_infos_load: got langID: [zhCN]
Aug 16 10:25:57 [info ] pvpgn::bnetd::anongame_infos_load: got langID: [ruRU]
Aug 16 10:25:57 [info ] pvpgn::bnetd::lua_load: Loading Lua interface...
Aug 16 10:25:57 [info ] pvpgn::bnetd::lua_load: lua/antihack/starcraft.lua
Aug 16 10:25:57 [info ] pvpgn::bnetd::lua_load: lua/command/menu.lua
Aug 16 10:25:57 [info ] pvpgn::bnetd::lua_load: lua/command/ping.lua
Aug 16 10:25:57 [info ] pvpgn::bnetd::lua_load: lua/command/redirect.lua
Aug 16 10:25:57 [info ] pvpgn::bnetd::lua_load: lua/command/stats.lua
Aug 16 10:25:57 [info ] pvpgn::bnetd::lua_load: lua/command/w3motd.lua
Aug 16 10:25:57 [info ] pvpgn::bnetd::lua_load: lua/extend/enum/attr.lua
Aug 16 10:25:57 [info ] pvpgn::bnetd::lua_load: lua/extend/enum/eventlog.lua
Aug 16 10:25:57 [info ] pvpgn::bnetd::lua_load: lua/extend/enum/game.lua
Aug 16 10:25:57 [info ] pvpgn::bnetd::lua_load: lua/extend/enum/message.lua
Aug 16 10:25:57 [info ] pvpgn::bnetd::lua_load: lua/extend/enum/messagebox.lua
Aug 16 10:25:57 [info ] pvpgn::bnetd::lua_load: lua/extend/enum/tag.lua
Aug 16 10:25:57 [info ] pvpgn::bnetd::lua_load: lua/extend/account.lua
Aug 16 10:25:57 [info ] pvpgn::bnetd::lua_load: lua/extend/account_wrap.lua
Aug 16 10:25:57 [info ] pvpgn::bnetd::lua_load: lua/extend/channel.lua
Aug 16 10:25:57 [info ] pvpgn::bnetd::lua_load: lua/extend/eventlog.lua
Aug 16 10:25:57 [info ] pvpgn::bnetd::lua_load: lua/extend/game.lua
Aug 16 10:25:57 [info ] pvpgn::bnetd::lua_load: lua/extend/message.lua
Aug 16 10:25:57 [info ] pvpgn::bnetd::lua_load: lua/ghost/command.lua
Aug 16 10:25:57 [info ] pvpgn::bnetd::lua_load: lua/include/bitwise.lua
Aug 16 10:25:57 [info ] pvpgn::bnetd::lua_load: lua/include/common.lua
Aug 16 10:25:57 [info ] pvpgn::bnetd::lua_load: lua/include/convert.lua
Aug 16 10:25:57 [info ] pvpgn::bnetd::lua_load: lua/include/file.lua
Aug 16 10:25:57 [info ] pvpgn::bnetd::lua_load: lua/include/math.lua
Aug 16 10:25:57 [info ] pvpgn::bnetd::lua_load: lua/include/string.lua
Aug 16 10:25:57 [info ] pvpgn::bnetd::lua_load: lua/include/table.lua
Aug 16 10:25:57 [info ] pvpgn::bnetd::lua_load: lua/include/timer.lua
Aug 16 10:25:57 [info ] pvpgn::bnetd::lua_load: lua/quiz/command.lua
Aug 16 10:25:57 [info ] pvpgn::bnetd::lua_load: lua/quiz/helper.lua
Aug 16 10:25:57 [info ] pvpgn::bnetd::lua_load: lua/quiz/quiz.lua
Aug 16 10:25:57 [info ] pvpgn::bnetd::lua_load: lua/quiz/records.lua
Aug 16 10:25:57 [info ] pvpgn::bnetd::lua_load: lua/bot_manager.lua
Aug 16 10:25:57 [info ] pvpgn::bnetd::lua_load: lua/cfg_monitor.lua
Aug 16 10:25:57 [info ] pvpgn::bnetd::lua_load: lua/config.lua
Aug 16 10:25:57 [info ] pvpgn::bnetd::lua_load: lua/download_api.lua
Aug 16 10:25:57 [info ] pvpgn::bnetd::lua_load: lua/game_inspector.lua
Aug 16 10:25:57 [info ] pvpgn::bnetd::lua_load: lua/handle_channel.lua
Aug 16 10:25:57 [info ] pvpgn::bnetd::lua_load: lua/handle_client.lua
Aug 16 10:25:57 [info ] pvpgn::bnetd::lua_load: lua/handle_command.lua
Aug 16 10:25:57 [info ] pvpgn::bnetd::lua_load: lua/handle_game.lua
Aug 16 10:25:57 [info ] pvpgn::bnetd::lua_load: lua/handle_server.lua
Aug 16 10:25:57 [info ] pvpgn::bnetd::lua_load: lua/handle_user.lua
Aug 16 10:25:57 [info ] pvpgn::bnetd::lua_load: lua/main.lua
Aug 16 10:25:57 [info ] pvpgn::bnetd::lua_load: lua/map_checker_api.lua
Aug 16 10:25:57 [info ] pvpgn::bnetd::lua_load: lua/upload_monitor.lua
Aug 16 10:25:57 [info ] pvpgn::bnetd::lua_load: lua/w3mmd_score.lua
Aug 16 10:25:57 [info ] pvpgn::bnetd::lua_load: Lua sripts were successfully loaded (46 files)
Aug 16 10:25:57 [info ] lua/antihack/starcraft.lua:20: Starcraft Antihack activated
Aug 16 10:25:57 [info ] lua/download_api.lua:501: [DOWNLOAD-API] Limpieza de temporales ejecutada
Aug 16 10:26:00 [info ] lua/download_api.lua:501: [DOWNLOAD-API] Inicializado OK
Aug 16 10:26:00 [info ] lua/game_inspector.lua:61: [LOBBY] Lobby Tracker iniciado. TXT: C:\PVPGN\main\logs\lobby_info.txt
Aug 16 10:26:00 [info ] lua/game_inspector.lua:61: [LOBBY] TXT reescrito: 0 lineas (force=true)
Aug 16 10:26:00 [info ] pvpgn::bnetd::_setup_listensock: listening for bnet connections on 0.0.0.0:6112 TCP
Aug 16 10:26:00 [info ] pvpgn::bnetd::_setup_listensock: listening for w3route connections on 0.0.0.0:6200 TCP
Aug 16 10:26:00 [info ] pvpgn::bnetd::ipc_server_start: [IPC-SRV] Iniciado en 127.0.0.1:7773
Aug 16 10:26:00 [debug] pvpgn::bnetd::attrlayer_flush: flushed 2 user accounts
Aug 16 10:26:00 [info ] pvpgn::bnetd::listener_loop: [IPC-SRV] Listener arrancado en 127.0.0.1:7773
Aug 16 10:26:11 [debug] pvpgn::bnetd::ipbanlist_check: lastcheck: 0, now: 1786893971, now-lc: 1786893971.
Aug 16 10:26:11 [debug] pvpgn::bnetd::ipbanlist_check: checking 192.168.1.1
Aug 16 10:26:11 [info ] pvpgn::bnetd::sd_accept: [704] accepted connection from 192.168.1.1:55953 on 0.0.0.0:6112
Aug 16 10:26:11 [debug] pvpgn::bnetd::conn_create: [704][728] sessionkey=0x1786900058 sessionnum=0x00000000
Aug 16 10:26:11 [debug] pvpgn::bnetd::sd_accept: [704] client connected to a bnet listening address
Aug 16 10:26:11 [debug] pvpgn::bnetd::ipbanlist_check: lastcheck: 1786893971, now: 1786893971, now-lc: 0.
Aug 16 10:26:11 [debug] pvpgn::bnetd::ipbanlist_check: checking 192.168.1.1
Aug 16 10:26:11 [info ] pvpgn::bnetd::sd_accept: [700] accepted connection from 192.168.1.1:55952 on 0.0.0.0:6112
Aug 16 10:26:11 [debug] pvpgn::bnetd::conn_create: [700][728] sessionkey=0x1786902221 sessionnum=0x00000001
Aug 16 10:26:11 [debug] pvpgn::bnetd::sd_accept: [700] client connected to a bnet listening address
Aug 16 10:26:11 [info ] pvpgn::bnetd::handle_init_packet: [704] client initiated bnet connection
Aug 16 10:26:11 [debug] pvpgn::bnetd::conn_set_class: added latency check timer
Aug 16 10:26:11 [debug] pvpgn::bnetd::_client_auth_info: [704] AUTH_INFO packet { protocol=0x0, platform=IX86, product=W3XP, versionid=0x1b, language=enUS, localip=0x100007f, tzbias=012c, locale=1033, language=1033, country=USA.United States }
Aug 16 10:26:11 [info ] pvpgn::bnetd::conn_set_gamelang: [704] setting client gamelang to "enUS"
Aug 16 10:26:11 [info ] pvpgn::bnetd::conn_set_client_localip: [IPC] [704] client_localip set to 1.0.0.127 (public_ip=192.168.1.1)
Aug 16 10:26:11 [debug] pvpgn::bnetd::_client_auth_info: [704] selected "ver-IX86-1.mpq" "B=454282227 C=2370009462 A=2264812340 4 A=A^S B=B-C C=C-A A=A+B"
Aug 16 10:26:11 [info ] pvpgn::bnetd::handle_init_packet: [700] client initiated bnet connection
Aug 16 10:26:11 [debug] pvpgn::bnetd::conn_set_class: added latency check timer
Aug 16 10:26:11 [debug] pvpgn::bnetd::_client_auth_info: [700] AUTH_INFO packet { protocol=0x0, platform=IX86, product=W3XP, versionid=0x1b, language=enUS, localip=0x100007f, tzbias=012c, locale=1033, language=1033, country=USA.United States }
Aug 16 10:26:11 [info ] pvpgn::bnetd::conn_set_gamelang: [700] setting client gamelang to "enUS"
Aug 16 10:26:11 [info ] pvpgn::bnetd::conn_set_client_localip: [IPC] [700] client_localip set to 1.0.0.127 (public_ip=192.168.1.1)
Aug 16 10:26:11 [debug] pvpgn::bnetd::_client_auth_info: [700] selected "ver-IX86-1.mpq" "B=454282227 C=2370009462 A=2264812340 4 A=A^S B=B-C C=C-A A=A+B"
Aug 16 10:26:11 [info ] pvpgn::bnetd::_client_authreq109: [704] CLIENT_AUTHREQ_109 ticks=0x07cb01dc, verstr=1.27.1.173 exeinfo="war3.exe 04/27/23 03:17:37 515048" versionid=0x0000001b gameversion=0x011b01ad checksum=0xaaaba048
Aug 16 10:26:11 [info ] pvpgn::bnetd::_client_authreq109: [704] skipping versioncheck because allow_unknown_version is true
Aug 16 10:26:11 [info ] pvpgn::bnetd::_client_authreq109: [704] no upgrade is available
Aug 16 10:26:11 [info ] pvpgn::bnetd::_client_loginreqw3: [704] (W3) "prueba78" passed account check
Aug 16 10:26:11 [info ] pvpgn::bnetd::_client_authreq109: [700] CLIENT_AUTHREQ_109 ticks=0x07cb01dc, verstr=1.27.1.173 exeinfo="war3.exe 04/27/23 03:17:37 515048" versionid=0x0000001b gameversion=0x011b01ad checksum=0xaaaba048
Aug 16 10:26:11 [info ] pvpgn::bnetd::_client_authreq109: [700] skipping versioncheck because allow_unknown_version is true
Aug 16 10:26:11 [info ] pvpgn::bnetd::_client_authreq109: [700] no upgrade is available
Aug 16 10:26:11 [info ] pvpgn::bnetd::_client_logonproofreq: [704] logon proof requested
Aug 16 10:26:11 [info ] pvpgn::bnetd::_client_logonproofreq: [704] (W3) "prueba78" logged in (right password)
Aug 16 10:26:11 [debug] pvpgn::bnetd::ipc_register_user: [IPC] No hay MapClient para ip_pub=192.168.1.1 ip_local=127.0.0.1 (resp: NOT_FOUND)
Aug 16 10:26:11 [info ] pvpgn::bnetd::_client_loginreqw3: [700] (W3) "prueba77" passed account check
Aug 16 10:26:11 [info ] pvpgn::bnetd::_client_logonproofreq: [700] logon proof requested
Aug 16 10:26:11 [debug] pvpgn::bnetd::WatchComponent::dispatch_whisper: notified 1 friends about prueba77
Aug 16 10:26:11 [info ] pvpgn::bnetd::_client_logonproofreq: [700] (W3) "prueba77" logged in (right password)
Aug 16 10:26:11 [debug] pvpgn::bnetd::ipc_register_user: [IPC] No hay MapClient para ip_pub=192.168.1.1 ip_local=127.0.0.1 (resp: NOT_FOUND)
Aug 16 10:26:11 [debug] pvpgn::bnetd::account_get_highestladderlevel: Checking for highest level in Solo,Team,FFA,AT Ladder Stats
Aug 16 10:26:11 [debug] pvpgn::bnetd::account_get_highestladderlevel: Solo Level: 0, Team Level 0, FFA Level 0, Highest AT Team Level: 0
Aug 16 10:26:11 [info ] pvpgn::bnetd::conn_update_w3_playerinfo: [704] PX3W
Aug 16 10:26:11 [info ] pvpgn::bnetd::_client_joinchannel: [704] CLIENT_JOINCHANNEL_CREATE channel "The Void"
Aug 16 10:26:11 [info ] pvpgn::bnetd::_client_joinchannel: [704] CLIENT_JOINCHANNEL_CREATE channel "The Void"
Aug 16 10:26:11 [info ] lua/handle_channel.lua:17: [TEST] Usuario prueba78 entró a canal The Void
Aug 16 10:26:11 [debug] lua/handle_channel.lua:17: [BOT-MANAGER] Bot disponible: prueba78
Aug 16 10:26:11 [info ] pvpgn::bnetd::conn_set_channel: [704] joined channel "The Void"
Aug 16 10:26:11 [debug] pvpgn::bnetd::class_topic::class_topiclist::get: returning nullptr
Aug 16 10:26:11 [debug] pvpgn::bnetd::class_topic::class_topiclist::get: returning nullptr
Aug 16 10:26:11 [debug] pvpgn::bnetd::class_topic::class_topiclist::get: returning nullptr
Aug 16 10:26:11 [debug] pvpgn::bnetd::account_get_highestladderlevel: Checking for highest level in Solo,Team,FFA,AT Ladder Stats
Aug 16 10:26:11 [debug] pvpgn::bnetd::account_get_highestladderlevel: Solo Level: 0, Team Level 0, FFA Level 0, Highest AT Team Level: 0
Aug 16 10:26:11 [info ] pvpgn::bnetd::conn_update_w3_playerinfo: [700] PX3W
Aug 16 10:26:11 [info ] pvpgn::bnetd::_client_joinchannel: [700] CLIENT_JOINCHANNEL_CREATE channel "The Void"
Aug 16 10:26:11 [info ] pvpgn::bnetd::_client_joinchannel: [700] CLIENT_JOINCHANNEL_CREATE channel "The Void"
Aug 16 10:26:11 [info ] lua/handle_channel.lua:17: [TEST] Usuario prueba77 entró a canal The Void
Aug 16 10:26:11 [debug] lua/handle_channel.lua:17: [BOT-MANAGER] Bot disponible: prueba77
Aug 16 10:26:11 [info ] pvpgn::bnetd::conn_set_channel: [700] joined channel "The Void"
Aug 16 10:26:11 [debug] pvpgn::bnetd::class_topic::class_topiclist::get: returning nullptr
Aug 16 10:31:11 [debug] pvpgn::bnetd::attrlayer_save: saved 1 user accounts
Aug 16 10:31:11 [debug] pvpgn::bnetd::attrlayer_save: saved 1 user accounts
Aug 16 10:34:38 [debug] pvpgn::bnetd::ipbanlist_check: lastcheck: 1786893971, now: 1786894478, now-lc: 507.
Aug 16 10:34:38 [debug] pvpgn::bnetd::ipbanlist_check: checking 192.168.1.1
Aug 16 10:34:38 [info ] pvpgn::bnetd::sd_accept: [696] accepted connection from 192.168.1.1:52917 on 0.0.0.0:6112
Aug 16 10:34:38 [debug] pvpgn::bnetd::conn_create: [696][728] sessionkey=0x1786875625 sessionnum=0x00000002
Aug 16 10:34:38 [debug] pvpgn::bnetd::sd_accept: [696] client connected to a bnet listening address
Aug 16 10:34:38 [info ] pvpgn::bnetd::handle_init_packet: [696] client initiated bnet connection
Aug 16 10:34:38 [debug] pvpgn::bnetd::conn_set_class: added latency check timer
Aug 16 10:34:38 [debug] pvpgn::bnetd::_client_auth_info: [696] AUTH_INFO packet { protocol=0x0, platform=IX86, product=W3XP, versionid=0x1b, language=esES, localip=0x8e01a8c0, tzbias=012c, locale=10250, language=3082, country=PER.Peru }
Aug 16 10:34:38 [info ] pvpgn::bnetd::conn_set_gamelang: [696] setting client gamelang to "esES"
Aug 16 10:34:38 [info ] pvpgn::bnetd::conn_set_client_localip: [IPC] [696] client_localip set to 142.1.168.192 (public_ip=192.168.1.1)
Aug 16 10:34:38 [debug] pvpgn::bnetd::_client_auth_info: [696] selected "ver-IX86-1.mpq" "B=454282227 C=2370009462 A=2264812340 4 A=A^S B=B-C C=C-A A=A+B"
Aug 16 10:34:38 [info ] pvpgn::bnetd::_client_authreq109: [696] CLIENT_AUTHREQ_109 ticks=0x0079bf0d, verstr=1.27.1.173 exeinfo="war3.exe 12/09/16 06:05:09 515048" versionid=0x0000001b gameversion=0x011b01ad checksum=0x4026b5b0
Aug 16 10:34:38 [info ] pvpgn::bnetd::_client_authreq109: [696] client matches versiontag "W3XP_127B"
Aug 16 10:34:38 [info ] pvpgn::bnetd::_client_authreq109: [696] no upgrade is available
Aug 16 10:34:38 [info ] pvpgn::bnetd::_client_fileinforeq: [696] file requested: "termsofservice-esES.txt" - type = 0x01
Aug 16 10:34:38 [info ] pvpgn::bnetd::_client_fileinforeq: [696] file requested: "newaccount-esES.txt" - type = 0x02
Aug 16 10:34:38 [info ] pvpgn::bnetd::_client_fileinforeq: [696] file requested: "chathelp-war3-esES.txt" - type = 0x03
Aug 16 10:34:39 [info ] pvpgn::bnetd::_client_fileinforeq: [696] file requested: "bnserver-WAR3.ini" - type = 0x05
Aug 16 10:34:43 [info ] pvpgn::bnetd::_client_loginreqw3: [696] (W3) "Ratoncito123" passed account check (even though account has no salt)
Aug 16 10:34:43 [info ] pvpgn::bnetd::_client_logonproofreq: [696] logon proof requested
Aug 16 10:34:43 [info ] pvpgn::bnetd::_client_logonproofreq: [696] (W3) "Ratoncito123" logged in (right password)
Aug 16 10:34:43 [info ] pvpgn::bnetd::ipc_register_user: [IPC] Usuario registrado en MapServer: user='Ratoncito123' ip_pub=192.168.1.1 ip_local=192.168.1.142
Aug 16 10:34:43 [debug] pvpgn::bnetd::_client_anongame_infos: client_tag request tagid=(0x0) tag=(CLIENT_FINDANONGAME_INFOTAG_URL)  tag_unk=(0x0000)
Aug 16 10:34:43 [debug] pvpgn::bnetd::_client_anongame_infos: client_tag request tagid=(0x1) tag=(CLIENT_FINDANONGAME_INFOTAG_MAP)  tag_unk=(0x0000)
Aug 16 10:34:43 [debug] pvpgn::bnetd::_client_anongame_infos: client_tag request tagid=(0x2) tag=(CLIENT_FINDANONGAME_INFOTAG_TYPE) tag_unk=(0x0000)
Aug 16 10:34:43 [debug] pvpgn::bnetd::_client_anongame_infos: client_tag request tagid=(0x3) tag=(CLIENT_FINDANONGAME_INFOTAG_DESC) tag_unk=(0x0000)
Aug 16 10:34:43 [debug] pvpgn::bnetd::_client_anongame_infos: client_tag request tagid=(0x4) tag=(CLIENT_FINDANONGAME_INFOTAG_LADR) tag_unk=(0x0000)
Aug 16 10:34:50 [debug] pvpgn::bnetd::_client_gamelistreq: GAMELISTREPLY looking for public games tag="W3XP" bngtype=0x0000e000 gtype=all
Aug 16 10:34:50 [debug] pvpgn::bnetd::_client_gamelistreq: [696] GAMELISTREPLY sent 0 of 0 games
Aug 16 10:34:59 [info ] handle_bnet: Told Mutual Friends your in game test
Aug 16 10:34:59 [debug] pvpgn::bnetd::_client_startgame4: [696] got startgame4 status for game "test" is 0x00000010 (gametype=0x2001 option=0x0049, flag=0x0000)
Aug 16 10:34:59 [info ] pvpgn::bnetd::game_create: game "test" (pass "") type 1(UNKNOWN) startver 4 created
Aug 16 10:35:03 [info ] pvpgn::bnetd::_client_closegame: [696] client closing game
Aug 16 10:35:05 [info ] pvpgn::bnetd::_client_closegame: [696] client closing game
Aug 16 10:35:05 [debug] pvpgn::bnetd::game_del_player: game "test" has ref=1, count=1; trying to remove player "Ratoncito123"
Aug 16 10:35:05 [debug] pvpgn::bnetd::game_del_player: removing player #0 "Ratoncito123" from "test", 0 players left
Aug 16 10:35:05 [debug] pvpgn::bnetd::game_del_player: player "Ratoncito123" left without reporting (valid) results
Aug 16 10:35:05 [debug] pvpgn::bnetd::game_del_player: player deleted... (ref=1)
Aug 16 10:35:05 [debug] pvpgn::bnetd::game_del_player: no more players, reporting game
Aug 16 10:35:05 [debug] pvpgn::bnetd::game_del_player: no more players, destroying game
Aug 16 10:35:05 [debug] lua/handle_game.lua:56: Game destroyed: test owner: Ratoncito123
Aug 16 10:35:05 [debug] lua/handle_game.lua:56: [DEBUG] Buscando holds activos...
Aug 16 10:35:05 [debug] lua/handle_game.lua:56: [DEBUG] No hay holds activos
Aug 16 10:35:05 [info ] lua/game_inspector.lua:61: [LOBBY] TXT reescrito: 0 lineas (force=false)
Aug 16 10:35:05 [debug] pvpgn::bnetd::game_destroy: game "test" (count=1 ref=1) removed from list...
Aug 16 10:35:05 [info ] pvpgn::bnetd::game_destroy: game deleted
Aug 16 10:35:07 [debug] pvpgn::bnetd::_client_gamelistreq: GAMELISTREPLY looking for public games tag="W3XP" bngtype=0x0000e000 gtype=all
Aug 16 10:35:07 [debug] pvpgn::bnetd::_client_gamelistreq: [696] GAMELISTREPLY sent 0 of 0 games
Aug 16 10:35:20 [debug] pvpgn::bnetd::_client_startgame4: [696] got startgame4 status for game "pooki" is 0x00000010 (gametype=0x2001 option=0x0049, flag=0x0000)
Aug 16 10:35:20 [info ] pvpgn::bnetd::game_create: game "pooki" (pass "") type 1(UNKNOWN) startver 4 created
Aug 16 10:35:25 [info ] pvpgn::bnetd::ipc_send_upload: [IPC] ORDER|UPLOAD OK user='Ratoncito123' gameID=002 sid=SID_001
Aug 16 10:35:27 [debug] pvpgn::bnetd::ipc_get_upload_result: [IPC] GET_UPLOAD_RESULT '002' resp: NOT_FOUND
Aug 16 10:35:30 [debug] pvpgn::bnetd::ipc_get_upload_result: [IPC] GET_UPLOAD_RESULT '002' resp: NOT_FOUND
Aug 16 10:35:35 [info ] pvpgn::bnetd::_client_closegame: [696] client closing game
Aug 16 10:35:37 [info ] pvpgn::bnetd::_client_closegame: [696] client closing game
Aug 16 10:35:37 [debug] pvpgn::bnetd::game_del_player: game "pooki" has ref=1, count=1; trying to remove player "Ratoncito123"
Aug 16 10:35:37 [debug] pvpgn::bnetd::game_del_player: removing player #0 "Ratoncito123" from "pooki", 0 players left
Aug 16 10:35:37 [debug] pvpgn::bnetd::game_del_player: player "Ratoncito123" left without reporting (valid) results
Aug 16 10:35:37 [debug] pvpgn::bnetd::game_del_player: player deleted... (ref=1)
Aug 16 10:35:37 [debug] pvpgn::bnetd::game_del_player: no more players, reporting game
Aug 16 10:35:37 [debug] pvpgn::bnetd::game_del_player: no more players, destroying game
Aug 16 10:35:37 [debug] lua/handle_game.lua:56: Game destroyed: pooki owner: Ratoncito123
Aug 16 10:35:37 [debug] lua/handle_game.lua:56: [DEBUG] Buscando holds activos...
Aug 16 10:35:37 [debug] lua/handle_game.lua:56: [DEBUG] No hay holds activos
Aug 16 10:35:37 [info ] lua/game_inspector.lua:61: [LOBBY] TXT reescrito: 0 lineas (force=false)
Aug 16 10:35:37 [debug] pvpgn::bnetd::game_destroy: game "pooki" (count=1 ref=1) removed from list...
Aug 16 10:35:37 [info ] pvpgn::bnetd::game_destroy: game deleted
Aug 16 10:35:38 [info ] handle_bnet: Told Mutual Friends your in game pooki
Aug 16 10:35:38 [debug] pvpgn::bnetd::_client_startgame4: [704] got startgame4 status for game "pooki" is 0x00000010 (gametype=0x2001 option=0x0049, flag=0x0000)
Aug 16 10:35:38 [info ] pvpgn::bnetd::game_create: game "pooki" (pass "") type 1(UNKNOWN) startver 4 created
Aug 16 10:35:39 [info ] lua/game_inspector.lua:61: [LOBBY] CREATE: game_id=3 host_falso=Ratoncito123 host_bot=prueba78 slots=10 map=PKRemasterd v2.0c.w3x
Aug 16 10:35:39 [info ] lua/game_inspector.lua:61: [LOBBY] TXT reescrito: 1 lineas (force=true)
Aug 16 10:35:39 [debug] pvpgn::bnetd::_client_gamelistreq: GAMELISTREPLY looking for public games tag="W3XP" bngtype=0x0000e000 gtype=all
Aug 16 10:35:39 [debug] pvpgn::bnetd::_glist_cb: [696] considering listing game="pooki", pass="" clienttag="W3XP" gtype=1
Aug 16 10:35:39 [debug] pvpgn::trans_net: checking 192.168.1.1:6118 for client 192.168.1.1 ...
Aug 16 10:35:39 [debug] pvpgn::trans_net: against entry -> 127.0.0.1:6112 output 190.237.156.139:6112 network 0.0.0.0/0x00000000
Aug 16 10:35:39 [debug] pvpgn::trans_net: entry does match input address
Aug 16 10:35:39 [debug] pvpgn::trans_net: against entry -> 192.168.1.1:6112 output 190.237.156.139:6112 network 0.0.0.0/0x00000000
Aug 16 10:35:39 [debug] pvpgn::trans_net: entry does match input address
Aug 16 10:35:39 [debug] pvpgn::trans_net: against entry -> 192.168.1.1:6125 output 190.237.156.139:6125 network 0.0.0.0/0x00000000
Aug 16 10:35:39 [debug] pvpgn::trans_net: entry does match input address
Aug 16 10:35:39 [debug] pvpgn::trans_net: against entry -> 192.168.1.1:6114 output 190.237.156.139:6114 network 0.0.0.0/0x00000000
Aug 16 10:35:39 [debug] pvpgn::trans_net: entry does match input address
Aug 16 10:35:39 [debug] pvpgn::trans_net: against entry -> 192.168.1.1:6115 output 190.237.156.139:6115 network 0.0.0.0/0x00000000
Aug 16 10:35:39 [debug] pvpgn::trans_net: entry does match input address
Aug 16 10:35:39 [debug] pvpgn::trans_net: against entry -> 192.168.1.1:6116 output 190.237.156.139:6116 network 0.0.0.0/0x00000000
Aug 16 10:35:39 [debug] pvpgn::trans_net: entry does match input address
Aug 16 10:35:39 [debug] pvpgn::trans_net: against entry -> 192.168.1.1:6117 output 190.237.156.139:6117 network 0.0.0.0/0x00000000
Aug 16 10:35:39 [debug] pvpgn::trans_net: entry does match input address
Aug 16 10:35:39 [debug] pvpgn::trans_net: against entry -> 192.168.1.1:6118 output 190.237.156.139:6118 network 0.0.0.0/0x00000000
Aug 16 10:35:39 [debug] pvpgn::trans_net: 192.168.1.1:6118 translated to 190.237.156.139:6118
Aug 16 10:35:39 [debug] pvpgn::bnetd::_client_gamelistreq: [696] GAMELISTREPLY sent 1 of 1 games
Aug 16 10:35:40 [debug] pvpgn::bnetd::_client_joingame: [696] trying to join game "pooki" pass=""
Aug 16 10:35:40 [info ] pvpgn::bnetd::_client_joingame: [696] "Ratoncito123" joined game "pooki"
Aug 16 10:35:40 [debug] pvpgn::bnetd::_client_startgame4: [704] got startgame4 status for game "pooki" is 0x00000010 (gametype=0x2001 option=0x0049, flag=0x0000)
Aug 16 10:35:42 [debug] pvpgn::bnetd::handle_udp_packet: [728] got unknown udp packet type 0x7530f7, len 117 from 192.168.1.31:63357
Aug 16 10:35:42 [debug] pvpgn::bnetd::handle_udp_packet: [728] got unknown udp packet type 0x7530f7, len 117 from 127.0.0.1:63357
Aug 16 10:35:43 [debug] pvpgn::bnetd::_client_startgame4: [704] got startgame4 status for game "pooki" is 0x00000010 (gametype=0x2001 option=0x0049, flag=0x0000)
Aug 16 10:35:46 [debug] pvpgn::bnetd::_client_startgame4: [704] got startgame4 status for game "pooki" is 0x00000010 (gametype=0x2001 option=0x0049, flag=0x0000)
Aug 16 10:35:47 [debug] pvpgn::bnetd::handle_udp_packet: [728] got unknown udp packet type 0x7530f7, len 117 from 192.168.1.31:63357
Aug 16 10:35:47 [debug] pvpgn::bnetd::handle_udp_packet: [728] got unknown udp packet type 0x7530f7, len 117 from 127.0.0.1:63357
Aug 16 10:35:49 [debug] pvpgn::bnetd::_client_startgame4: [704] got startgame4 status for game "pooki" is 0x00000010 (gametype=0x2001 option=0x0049, flag=0x0000)
Aug 16 10:35:52 [debug] pvpgn::bnetd::handle_udp_packet: [728] got unknown udp packet type 0x7530f7, len 117 from 192.168.1.31:63357
Aug 16 10:35:52 [debug] pvpgn::bnetd::handle_udp_packet: [728] got unknown udp packet type 0x7530f7, len 117 from 127.0.0.1:63357
Aug 16 10:35:52 [debug] pvpgn::bnetd::_client_startgame4: [704] got startgame4 status for game "pooki" is 0x00000010 (gametype=0x2001 option=0x0049, flag=0x0000)
Aug 16 10:35:55 [debug] pvpgn::bnetd::_client_startgame4: [704] got startgame4 status for game "pooki" is 0x00000010 (gametype=0x2001 option=0x0049, flag=0x0000)
Aug 16 10:35:57 [debug] pvpgn::bnetd::handle_udp_packet: [728] got unknown udp packet type 0x7530f7, len 117 from 192.168.1.31:63357
Aug 16 10:35:57 [debug] pvpgn::bnetd::handle_udp_packet: [728] got unknown udp packet type 0x7530f7, len 117 from 127.0.0.1:63357
Aug 16 10:35:58 [debug] pvpgn::bnetd::_client_startgame4: [704] got startgame4 status for game "pooki" is 0x00000010 (gametype=0x2001 option=0x0049, flag=0x0000)
Aug 16 10:36:01 [debug] pvpgn::bnetd::_client_startgame4: [704] got startgame4 status for game "pooki" is 0x00000010 (gametype=0x2001 option=0x0049, flag=0x0000)
Aug 16 10:36:02 [debug] pvpgn::bnetd::handle_udp_packet: [728] got unknown udp packet type 0x7530f7, len 117 from 192.168.1.31:63357
Aug 16 10:36:02 [debug] pvpgn::bnetd::handle_udp_packet: [728] got unknown udp packet type 0x7530f7, len 117 from 127.0.0.1:63357
Aug 16 10:36:04 [debug] pvpgn::bnetd::_client_startgame4: [704] got startgame4 status for game "pooki" is 0x00000010 (gametype=0x2001 option=0x0049, flag=0x0000)
Aug 16 10:36:07 [debug] pvpgn::bnetd::handle_udp_packet: [728] got unknown udp packet type 0x7530f7, len 117 from 192.168.1.31:63357
Aug 16 10:36:07 [debug] pvpgn::bnetd::handle_udp_packet: [728] got unknown udp packet type 0x7530f7, len 117 from 127.0.0.1:63357
Aug 16 10:36:07 [debug] pvpgn::bnetd::_client_startgame4: [704] got startgame4 status for game "pooki" is 0x00000010 (gametype=0x2001 option=0x0049, flag=0x0000)
Aug 16 10:36:10 [debug] pvpgn::bnetd::_client_startgame4: [704] got startgame4 status for game "pooki" is 0x00000010 (gametype=0x2001 option=0x0049, flag=0x0000)
Aug 16 10:36:12 [debug] pvpgn::bnetd::handle_udp_packet: [728] got unknown udp packet type 0x7530f7, len 117 from 192.168.1.31:63357
Aug 16 10:36:12 [debug] pvpgn::bnetd::handle_udp_packet: [728] got unknown udp packet type 0x7530f7, len 117 from 127.0.0.1:63357
Aug 16 10:36:13 [debug] pvpgn::bnetd::_client_startgame4: [704] got startgame4 status for game "pooki" is 0x00000010 (gametype=0x2001 option=0x0049, flag=0x0000)
Aug 16 10:36:16 [debug] pvpgn::bnetd::_client_startgame4: [704] got startgame4 status for game "pooki" is 0x00000010 (gametype=0x2001 option=0x0049, flag=0x0000)
Aug 16 10:36:17 [debug] pvpgn::bnetd::handle_udp_packet: [728] got unknown udp packet type 0x7530f7, len 117 from 192.168.1.31:63357
Aug 16 10:36:17 [debug] pvpgn::bnetd::handle_udp_packet: [728] got unknown udp packet type 0x7530f7, len 117 from 127.0.0.1:63357
Aug 16 10:36:19 [debug] pvpgn::bnetd::_client_startgame4: [704] got startgame4 status for game "pooki" is 0x00000010 (gametype=0x2001 option=0x0049, flag=0x0000)
Aug 16 10:36:22 [debug] pvpgn::bnetd::handle_udp_packet: [728] got unknown udp packet type 0x7530f7, len 117 from 192.168.1.31:63357
Aug 16 10:36:22 [debug] pvpgn::bnetd::handle_udp_packet: [728] got unknown udp packet type 0x7530f7, len 117 from 127.0.0.1:63357
Aug 16 10:36:22 [debug] pvpgn::bnetd::_client_startgame4: [704] got startgame4 status for game "pooki" is 0x00000010 (gametype=0x2001 option=0x0049, flag=0x0000)
Aug 16 10:36:25 [debug] pvpgn::bnetd::_client_startgame4: [704] got startgame4 status for game "pooki" is 0x00000010 (gametype=0x2001 option=0x0049, flag=0x0000)
Aug 16 10:36:27 [debug] pvpgn::bnetd::handle_udp_packet: [728] got unknown udp packet type 0x7530f7, len 117 from 192.168.1.31:63357
Aug 16 10:36:27 [debug] pvpgn::bnetd::handle_udp_packet: [728] got unknown udp packet type 0x7530f7, len 117 from 127.0.0.1:63357
Aug 16 10:36:28 [debug] pvpgn::bnetd::_client_startgame4: [704] got startgame4 status for game "pooki" is 0x00000010 (gametype=0x2001 option=0x0049, flag=0x0000)
Aug 16 10:36:31 [debug] pvpgn::bnetd::_client_startgame4: [704] got startgame4 status for game "pooki" is 0x00000010 (gametype=0x2001 option=0x0049, flag=0x0000)
Aug 16 10:36:32 [debug] pvpgn::bnetd::handle_udp_packet: [728] got unknown udp packet type 0x7530f7, len 117 from 192.168.1.31:63357
Aug 16 10:36:32 [debug] pvpgn::bnetd::handle_udp_packet: [728] got unknown udp packet type 0x7530f7, len 117 from 127.0.0.1:63357
Aug 16 10:36:34 [debug] pvpgn::bnetd::_client_startgame4: [704] got startgame4 status for game "pooki" is 0x00000010 (gametype=0x2001 option=0x0049, flag=0x0000)
Aug 16 10:36:37 [debug] pvpgn::bnetd::handle_udp_packet: [728] got unknown udp packet type 0x7530f7, len 117 from 192.168.1.31:63357
Aug 16 10:36:37 [debug] pvpgn::bnetd::handle_udp_packet: [728] got unknown udp packet type 0x7530f7, len 117 from 127.0.0.1:63357
Aug 16 10:36:37 [debug] pvpgn::bnetd::_client_startgame4: [704] got startgame4 status for game "pooki" is 0x00000010 (gametype=0x2001 option=0x0049, flag=0x0000)
Aug 16 10:36:40 [debug] pvpgn::bnetd::_client_startgame4: [704] got startgame4 status for game "pooki" is 0x00000010 (gametype=0x2001 option=0x0049, flag=0x0000)
Aug 16 10:36:42 [debug] pvpgn::bnetd::handle_udp_packet: [728] got unknown udp packet type 0x7530f7, len 117 from 192.168.1.31:63357
Aug 16 10:36:42 [debug] pvpgn::bnetd::handle_udp_packet: [728] got unknown udp packet type 0x7530f7, len 117 from 127.0.0.1:63357
Aug 16 10:36:43 [debug] pvpgn::bnetd::_client_startgame4: [704] got startgame4 status for game "pooki" is 0x00000010 (gametype=0x2001 option=0x0049, flag=0x0000)
Aug 16 10:36:46 [debug] pvpgn::bnetd::_client_startgame4: [704] got startgame4 status for game "pooki" is 0x00000010 (gametype=0x2001 option=0x0049, flag=0x0000)
Aug 16 10:36:47 [debug] pvpgn::bnetd::handle_udp_packet: [728] got unknown udp packet type 0x7530f7, len 117 from 192.168.1.31:63357
Aug 16 10:36:47 [debug] pvpgn::bnetd::handle_udp_packet: [728] got unknown udp packet type 0x7530f7, len 117 from 127.0.0.1:63357
Aug 16 10:36:49 [debug] pvpgn::bnetd::_client_startgame4: [704] got startgame4 status for game "pooki" is 0x00000010 (gametype=0x2001 option=0x0049, flag=0x0000)
Aug 16 10:36:52 [debug] pvpgn::bnetd::handle_udp_packet: [728] got unknown udp packet type 0x7530f7, len 117 from 192.168.1.31:63357
Aug 16 10:36:52 [debug] pvpgn::bnetd::handle_udp_packet: [728] got unknown udp packet type 0x7530f7, len 117 from 127.0.0.1:63357
Aug 16 10:36:52 [debug] pvpgn::bnetd::_client_startgame4: [704] got startgame4 status for game "pooki" is 0x00000010 (gametype=0x2001 option=0x0049, flag=0x0000)
Aug 16 10:36:55 [debug] pvpgn::bnetd::_client_startgame4: [704] got startgame4 status for game "pooki" is 0x00000010 (gametype=0x2001 option=0x0049, flag=0x0000)
Aug 16 10:36:57 [debug] pvpgn::bnetd::handle_udp_packet: [728] got unknown udp packet type 0x7530f7, len 117 from 192.168.1.31:63357
Aug 16 10:36:57 [debug] pvpgn::bnetd::handle_udp_packet: [728] got unknown udp packet type 0x7530f7, len 117 from 127.0.0.1:63357
Aug 16 10:36:58 [debug] pvpgn::bnetd::_client_startgame4: [704] got startgame4 status for game "pooki" is 0x00000010 (gametype=0x2001 option=0x0049, flag=0x0000)
Aug 16 10:37:01 [debug] pvpgn::bnetd::_client_startgame4: [704] got startgame4 status for game "pooki" is 0x00000010 (gametype=0x2001 option=0x0049, flag=0x0000)
Aug 16 10:37:02 [debug] pvpgn::bnetd::handle_udp_packet: [728] got unknown udp packet type 0x7530f7, len 117 from 192.168.1.31:63357
Aug 16 10:37:02 [debug] pvpgn::bnetd::handle_udp_packet: [728] got unknown udp packet type 0x7530f7, len 117 from 127.0.0.1:63357
Aug 16 10:37:04 [debug] pvpgn::bnetd::_client_startgame4: [704] got startgame4 status for game "pooki" is 0x00000010 (gametype=0x2001 option=0x0049, flag=0x0000)
Aug 16 10:37:07 [debug] pvpgn::bnetd::handle_udp_packet: [728] got unknown udp packet type 0x7530f7, len 117 from 192.168.1.31:63357
Aug 16 10:37:07 [debug] pvpgn::bnetd::handle_udp_packet: [728] got unknown udp packet type 0x7530f7, len 117 from 127.0.0.1:63357
Aug 16 10:37:07 [debug] pvpgn::bnetd::_client_startgame4: [704] got startgame4 status for game "pooki" is 0x00000010 (gametype=0x2001 option=0x0049, flag=0x0000)
Aug 16 10:37:07 [debug] pvpgn::bnetd::handle_command: got unknown command "/fakeplayer"
Aug 16 10:37:10 [debug] pvpgn::bnetd::_client_startgame4: [704] got startgame4 status for game "pooki" is 0x00000010 (gametype=0x2001 option=0x0049, flag=0x0000)
Aug 16 10:37:12 [debug] pvpgn::bnetd::handle_udp_packet: [728] got unknown udp packet type 0x7530f7, len 117 from 192.168.1.31:63357
Aug 16 10:37:12 [debug] pvpgn::bnetd::handle_udp_packet: [728] got unknown udp packet type 0x7530f7, len 117 from 127.0.0.1:63357
Aug 16 10:37:13 [debug] pvpgn::bnetd::_client_startgame4: [704] got startgame4 status for game "pooki" is 0x00000010 (gametype=0x2001 option=0x0049, flag=0x0000)
Aug 16 10:37:16 [debug] pvpgn::bnetd::_client_startgame4: [704] got startgame4 status for game "pooki" is 0x00000010 (gametype=0x2001 option=0x0049, flag=0x0000)
Aug 16 10:37:16 [debug] pvpgn::bnetd::handle_command: got unknown command "/swap 2 6"
Aug 16 10:37:17 [debug] pvpgn::bnetd::handle_udp_packet: [728] got unknown udp packet type 0x7530f7, len 117 from 192.168.1.31:63357
Aug 16 10:37:17 [debug] pvpgn::bnetd::handle_udp_packet: [728] got unknown udp packet type 0x7530f7, len 117 from 127.0.0.1:63357
Aug 16 10:37:19 [debug] pvpgn::bnetd::_client_startgame4: [704] got startgame4 status for game "pooki" is 0x00000010 (gametype=0x2001 option=0x0049, flag=0x0000)
Aug 16 10:37:22 [debug] pvpgn::bnetd::handle_udp_packet: [728] got unknown udp packet type 0x7530f7, len 117 from 192.168.1.31:63357
Aug 16 10:37:22 [debug] pvpgn::bnetd::handle_udp_packet: [728] got unknown udp packet type 0x7530f7, len 117 from 127.0.0.1:63357
Aug 16 10:37:22 [debug] pvpgn::bnetd::_client_startgame4: [704] got startgame4 status for game "pooki" is 0x00000010 (gametype=0x2001 option=0x0049, flag=0x0000)
Aug 16 10:37:26 [info ] pvpgn::bnetd::_client_closegame: [704] client closing game
Aug 16 10:37:26 [debug] lua/handle_game.lua:121: [UPLOAD] Hold liberado para: Ratoncito123 (partida 3 inicio, status 0)
Aug 16 10:37:27 [debug] pvpgn::bnetd::account_get_highestladderlevel: Checking for highest level in Solo,Team,FFA,AT Ladder Stats
Aug 16 10:37:27 [debug] pvpgn::bnetd::account_get_highestladderlevel: Solo Level: 0, Team Level 0, FFA Level 0, Highest AT Team Level: 0
Aug 16 10:37:27 [info ] pvpgn::bnetd::conn_update_w3_playerinfo: [704] PX3W
Aug 16 10:37:27 [info ] pvpgn::bnetd::_client_joinchannel: [704] CLIENT_JOINCHANNEL_CREATE channel "The Void"
Aug 16 10:37:27 [info ] pvpgn::bnetd::_client_joinchannel: [704] CLIENT_JOINCHANNEL_CREATE channel "The Void"
Aug 16 10:37:27 [debug] pvpgn::bnetd::game_del_player: game "pooki" has ref=2, count=2; trying to remove player "prueba78"
Aug 16 10:37:27 [debug] pvpgn::bnetd::game_del_player: removing player #0 "prueba78" from "pooki", 1 players left
Aug 16 10:37:27 [debug] pvpgn::bnetd::game_del_player: player "prueba78" left without reporting (valid) results
Aug 16 10:37:27 [debug] pvpgn::bnetd::game_del_player: player deleted... (ref=2)
Aug 16 10:37:27 [info ] lua/handle_channel.lua:17: [TEST] Usuario prueba78 entró a canal The Void
Aug 16 10:37:27 [debug] lua/handle_channel.lua:17: [BOT-MANAGER] Bot regresó y fue limpiado: prueba78
Aug 16 10:37:27 [info ] pvpgn::bnetd::conn_set_channel: [704] joined channel "The Void"
Aug 16 10:37:27 [debug] pvpgn::bnetd::class_topic::class_topiclist::get: returning nullptr
Aug 16 10:39:43 [debug] pvpgn::bnetd::attrlayer_save: saved 1 user accounts
Aug 16 10:42:54 [debug] pvpgn::bnetd::sd_tcpinput: [696] read returned -1 (closing connection)
Aug 16 10:42:54 [debug] pvpgn::bnetd::ipc_remove_username: [IPC] REMOVE_USERNAME 'Ratoncito123' resp: OK|SID_001
Aug 16 10:42:54 [debug] pvpgn::bnetd::game_del_player: game "pooki" has ref=1, count=2; trying to remove player "Ratoncito123"
Aug 16 10:42:54 [debug] pvpgn::bnetd::game_del_player: removing player #1 "Ratoncito123" from "pooki", 0 players left
Aug 16 10:42:54 [debug] pvpgn::bnetd::game_del_player: player deleted... (ref=1)
Aug 16 10:42:54 [debug] pvpgn::bnetd::game_del_player: no more players, reporting game
Aug 16 10:42:54 [debug] pvpgn::bnetd::game_del_player: no more players, destroying game
Aug 16 10:42:54 [debug] lua/handle_game.lua:56: Game destroyed: pooki owner: Ratoncito123
Aug 16 10:42:54 [debug] lua/handle_game.lua:56: [DEBUG] Buscando holds activos...
Aug 16 10:42:54 [debug] lua/handle_game.lua:56: [DEBUG] No hay holds activos
Aug 16 10:42:54 [info ] lua/game_inspector.lua:61: [LOBBY] TXT reescrito: 0 lineas (force=false)
Aug 16 10:42:54 [debug] pvpgn::bnetd::game_destroy: game "pooki" (count=2 ref=1) removed from list...
Aug 16 10:42:54 [info ] pvpgn::bnetd::game_destroy: game deleted
Aug 16 10:42:54 [info ] pvpgn::bnetd::conn_destroy: [696] "Ratoncito123" logged out
Aug 16 10:42:54 [debug] lua/handle_user.lua:31: User disconnect: Ratoncito123
Aug 16 10:42:54 [info ] pvpgn::bnetd::conn_destroy: [696] closed bnet connection
Aug 16 11:42:54 [debug] pvpgn::bnetd::attrlayer_flush: flushed 1 user accounts
Aug 16 11:42:54 [debug] pvpgn::bnetd::attrlayer_flush: flushed 3 user accounts
Aug 16 22:48:11 [debug] pvpgn::bnetd::ipbanlist_check: lastcheck: 1786894478, now: 1786938491, now-lc: 44013.
Aug 16 22:48:11 [debug] pvpgn::bnetd::ipbanlist_check: checking 181.47.25.77
Aug 16 22:48:11 [info ] pvpgn::bnetd::sd_accept: [696] accepted connection from 181.47.25.77:49396 on 0.0.0.0:6112
Aug 16 22:48:11 [debug] pvpgn::bnetd::conn_create: [696][728] sessionkey=0x1786942309 sessionnum=0x00000003
Aug 16 22:48:11 [debug] pvpgn::bnetd::sd_accept: [696] client connected to a bnet listening address
Aug 16 22:48:11 [info ] pvpgn::bnetd::handle_init_packet: [696] client initiated bnet connection
Aug 16 22:48:11 [debug] pvpgn::bnetd::conn_set_class: added latency check timer
Aug 16 22:48:11 [debug] pvpgn::bnetd::_client_auth_info: [696] AUTH_INFO packet { protocol=0x0, platform=IX86, product=W3XP, versionid=0x1b, language=esES, localip=0x2000a8c0, tzbias=00b4, locale=11274, language=3082, country=ARG.Argentina }
Aug 16 22:48:11 [info ] pvpgn::bnetd::conn_set_gamelang: [696] setting client gamelang to "esES"
Aug 16 22:48:11 [info ] pvpgn::bnetd::conn_set_client_localip: [IPC] [696] client_localip set to 32.0.168.192 (public_ip=181.47.25.77)
Aug 16 22:48:11 [debug] pvpgn::bnetd::_client_auth_info: [696] selected "ver-IX86-1.mpq" "B=454282227 C=2370009462 A=2264812340 4 A=A^S B=B-C C=C-A A=A+B"
Aug 16 22:48:12 [info ] pvpgn::bnetd::_client_authreq109: [696] CLIENT_AUTHREQ_109 ticks=0x196b69f3, verstr=1.27.1.173 exeinfo="war3.exe 12/09/16 10:05:10 515048" versionid=0x0000001b gameversion=0x011b01ad checksum=0x4026b5b0
Aug 16 22:48:12 [info ] pvpgn::bnetd::_client_authreq109: [696] client matches versiontag "W3XP_127B"
Aug 16 22:48:12 [info ] pvpgn::bnetd::_client_authreq109: [696] no upgrade is available
Aug 16 22:48:12 [info ] pvpgn::bnetd::_client_fileinforeq: [696] file requested: "termsofservice-esES.txt" - type = 0x01
Aug 16 22:48:12 [info ] pvpgn::bnetd::_client_fileinforeq: [696] file requested: "newaccount-esES.txt" - type = 0x02
Aug 16 22:48:12 [info ] pvpgn::bnetd::_client_fileinforeq: [696] file requested: "chathelp-war3-esES.txt" - type = 0x03
Aug 16 22:48:13 [info ] pvpgn::bnetd::_client_fileinforeq: [696] file requested: "bnserver-WAR3.ini" - type = 0x05
Aug 16 22:48:18 [info ] pvpgn::bnetd::_client_loginreqw3: [696] (W3) "SS-Ryan" passed account check
Aug 16 22:48:18 [info ] pvpgn::bnetd::_client_logonproofreq: [696] logon proof requested
Aug 16 22:48:18 [info ] pvpgn::bnetd::_client_logonproofreq: [696] (W3) "SS-Ryan" logged in (right password)
Aug 16 22:48:19 [debug] pvpgn::bnetd::ipc_register_user: [IPC] No hay MapClient para ip_pub=181.47.25.77 ip_local=192.168.0.32 (resp: NOT_FOUND)
Aug 16 22:48:19 [debug] pvpgn::bnetd::_client_anongame_infos: client_tag request tagid=(0x0) tag=(CLIENT_FINDANONGAME_INFOTAG_URL)  tag_unk=(0x0000)
Aug 16 22:48:19 [debug] pvpgn::bnetd::_client_anongame_infos: client_tag request tagid=(0x1) tag=(CLIENT_FINDANONGAME_INFOTAG_MAP)  tag_unk=(0x0000)
Aug 16 22:48:19 [debug] pvpgn::bnetd::_client_anongame_infos: client_tag request tagid=(0x2) tag=(CLIENT_FINDANONGAME_INFOTAG_TYPE) tag_unk=(0x0000)
Aug 16 22:48:19 [debug] pvpgn::bnetd::_client_anongame_infos: client_tag request tagid=(0x3) tag=(CLIENT_FINDANONGAME_INFOTAG_DESC) tag_unk=(0x0000)
Aug 16 22:48:19 [debug] pvpgn::bnetd::_client_anongame_infos: client_tag request tagid=(0x4) tag=(CLIENT_FINDANONGAME_INFOTAG_LADR) tag_unk=(0x0000)
Aug 16 22:48:28 [debug] pvpgn::bnetd::_client_gamelistreq: GAMELISTREPLY looking for public games tag="W3XP" bngtype=0x0000e000 gtype=all
Aug 16 22:48:28 [debug] pvpgn::bnetd::_client_gamelistreq: [696] GAMELISTREPLY sent 0 of 0 games
Aug 16 22:48:35 [debug] pvpgn::bnetd::account_get_highestladderlevel: Checking for highest level in Solo,Team,FFA,AT Ladder Stats
Aug 16 22:48:35 [debug] pvpgn::bnetd::account_get_highestladderlevel: Solo Level: 0, Team Level 0, FFA Level 0, Highest AT Team Level: 0
Aug 16 22:48:35 [info ] pvpgn::bnetd::conn_update_w3_playerinfo: [696] PX3W
Aug 16 22:48:35 [info ] pvpgn::bnetd::_client_joinchannel: [696] CLIENT_JOINCHANNEL_GENERIC channel "W3"
Aug 16 22:48:35 [debug] pvpgn::bnetd::channellist_find_channel_by_name: found permanent channel "Warcraft 3 Frozen Throne" for "W3"
Aug 16 22:48:35 [info ] lua/handle_channel.lua:17: [TEST] Usuario SS-Ryan entró a canal Warcraft 3 Frozen Throne
Aug 16 22:48:35 [info ] pvpgn::bnetd::conn_set_channel: [696] joined channel "Warcraft 3 Frozen Throne"
Aug 16 22:48:35 [debug] pvpgn::bnetd::class_topic::class_topiclist::get: returning nullptr
Aug 16 22:51:40 [debug] pvpgn::bnetd::ipbanlist_check: lastcheck: 1786938491, now: 1786938700, now-lc: 209.
Aug 16 22:51:40 [debug] pvpgn::bnetd::ipbanlist_check: checking 186.18.177.89
Aug 16 22:51:40 [info ] pvpgn::bnetd::sd_accept: [680] accepted connection from 186.18.177.89:36619 on 0.0.0.0:6112
Aug 16 22:51:40 [debug] pvpgn::bnetd::conn_create: [680][728] sessionkey=0x1786946719 sessionnum=0x00000004
Aug 16 22:51:40 [debug] pvpgn::bnetd::sd_accept: [680] client connected to a bnet listening address
Aug 16 22:51:40 [info ] pvpgn::bnetd::handle_init_packet: [680] client initiated bnet connection
Aug 16 22:51:40 [debug] pvpgn::bnetd::conn_set_class: added latency check timer
Aug 16 22:51:40 [debug] pvpgn::bnetd::_client_auth_info: [680] AUTH_INFO packet { protocol=0x0, platform=IX86, product=W3XP, versionid=0x1b, language=esES, localip=0x300a8c0, tzbias=00b4, locale=3082, language=3082, country=ESP.Spain }
Aug 16 22:51:40 [info ] pvpgn::bnetd::conn_set_gamelang: [680] setting client gamelang to "esES"
Aug 16 22:51:40 [info ] pvpgn::bnetd::conn_set_client_localip: [IPC] [680] client_localip set to 3.0.168.192 (public_ip=186.18.177.89)
Aug 16 22:51:40 [debug] pvpgn::bnetd::_client_auth_info: [680] selected "ver-IX86-1.mpq" "B=454282227 C=2370009462 A=2264812340 4 A=A^S B=B-C C=C-A A=A+B"
Aug 16 22:51:41 [info ] pvpgn::bnetd::_client_authreq109: [680] CLIENT_AUTHREQ_109 ticks=0x0000f6f2, verstr=1.27.1.173 exeinfo="war3.exe 09/22/25 04:41:15 515048" versionid=0x0000001b gameversion=0x011b01ad checksum=0x4026b5b0
Aug 16 22:51:41 [info ] pvpgn::bnetd::_client_authreq109: [680] client matches versiontag "W3XP_127B"
Aug 16 22:51:41 [info ] pvpgn::bnetd::_client_authreq109: [680] no upgrade is available
Aug 16 22:51:41 [info ] pvpgn::bnetd::_client_fileinforeq: [680] file requested: "termsofservice-esES.txt" - type = 0x01
Aug 16 22:51:41 [info ] pvpgn::bnetd::_client_fileinforeq: [680] file requested: "newaccount-esES.txt" - type = 0x02
Aug 16 22:51:41 [info ] pvpgn::bnetd::_client_fileinforeq: [680] file requested: "chathelp-war3-esES.txt" - type = 0x03
Aug 16 22:52:56 [debug] pvpgn::bnetd::_client_gamelistreq: GAMELISTREPLY looking for public games tag="W3XP" bngtype=0x0000e000 gtype=all
Aug 16 22:52:56 [debug] pvpgn::bnetd::_client_gamelistreq: [696] GAMELISTREPLY sent 0 of 0 games
Aug 16 22:53:06 [info ] handle_bnet: Told Mutual Friends your in game ssl
Aug 16 22:53:06 [debug] pvpgn::bnetd::_client_startgame4: [696] got startgame4 status for game "ssl" is 0x00000010 (gametype=0x2001 option=0x0049, flag=0x0000)
Aug 16 22:53:06 [info ] pvpgn::bnetd::game_create: game "ssl" (pass "") type 1(UNKNOWN) startver 4 created
Aug 16 22:53:18 [debug] pvpgn::bnetd::attrlayer_save: saved 1 user accounts
Aug 16 22:53:19 [debug] pvpgn::bnetd::ipc_check_username: [IPC] FIND_CLIENT_BY_USERNAME 'SS-Ryan' resp: NOT_FOUND
Aug 16 22:53:33 [info ] pvpgn::bnetd::_client_closegame: [696] client closing game
Aug 16 22:53:34 [debug] pvpgn::bnetd::account_get_highestladderlevel: Checking for highest level in Solo,Team,FFA,AT Ladder Stats
Aug 16 22:53:34 [debug] pvpgn::bnetd::account_get_highestladderlevel: Solo Level: 0, Team Level 0, FFA Level 0, Highest AT Team Level: 0
Aug 16 22:53:34 [info ] pvpgn::bnetd::conn_update_w3_playerinfo: [696] PX3W
Aug 16 22:53:34 [info ] pvpgn::bnetd::_client_joinchannel: [696] CLIENT_JOINCHANNEL_CREATE channel "Warcraft 3 Frozen Throne"
Aug 16 22:53:34 [info ] pvpgn::bnetd::_client_joinchannel: [696] CLIENT_JOINCHANNEL_CREATE channel "Warcraft 3 Frozen Throne"
Aug 16 22:53:34 [debug] pvpgn::bnetd::game_del_player: game "ssl" has ref=1, count=1; trying to remove player "SS-Ryan"
Aug 16 22:53:34 [debug] pvpgn::bnetd::game_del_player: removing player #0 "SS-Ryan" from "ssl", 0 players left
Aug 16 22:53:34 [debug] pvpgn::bnetd::game_del_player: player "SS-Ryan" left without reporting (valid) results
Aug 16 22:53:34 [debug] pvpgn::bnetd::game_del_player: player deleted... (ref=1)
Aug 16 22:53:34 [debug] pvpgn::bnetd::game_del_player: no more players, reporting game
Aug 16 22:53:34 [debug] pvpgn::bnetd::game_del_player: no more players, destroying game
Aug 16 22:53:34 [debug] lua/handle_game.lua:56: Game destroyed: ssl owner: SS-Ryan
Aug 16 22:53:34 [debug] lua/handle_game.lua:56: [DEBUG] Buscando holds activos...
Aug 16 22:53:34 [debug] lua/handle_game.lua:56: [DEBUG] No hay holds activos
Aug 16 22:53:34 [info ] lua/game_inspector.lua:61: [LOBBY] TXT reescrito: 0 lineas (force=false)
Aug 16 22:53:34 [debug] pvpgn::bnetd::game_destroy: game "ssl" (count=1 ref=1) removed from list...
Aug 16 22:53:34 [info ] pvpgn::bnetd::game_destroy: game deleted
Aug 16 22:53:34 [info ] lua/handle_channel.lua:17: [TEST] Usuario SS-Ryan entró a canal Warcraft 3 Frozen Throne
Aug 16 22:53:34 [info ] pvpgn::bnetd::conn_set_channel: [696] joined channel "Warcraft 3 Frozen Throne"
Aug 16 22:53:34 [debug] pvpgn::bnetd::class_topic::class_topiclist::get: returning nullptr
Aug 16 22:53:35 [debug] pvpgn::bnetd::sd_tcpinput: [696] read returned -1 (closing connection)
Aug 16 22:53:35 [debug] pvpgn::bnetd::ipc_remove_username: [IPC] REMOVE_USERNAME 'SS-Ryan' resp: NOT_FOUND
Aug 16 22:53:35 [info ] pvpgn::bnetd::conn_destroy: [696] "SS-Ryan" logged out
Aug 16 22:53:35 [debug] lua/handle_user.lua:31: User disconnect: SS-Ryan
Aug 16 22:53:35 [info ] pvpgn::bnetd::conn_destroy: [696] closed bnet connection
Aug 16 22:53:51 [info ] pvpgn::bnetd::_client_fileinforeq: [680] file requested: "bnserver-WAR3.ini" - type = 0x05
Aug 16 22:53:52 [debug] pvpgn::bnetd::ipbanlist_check: lastcheck: 1786938700, now: 1786938832, now-lc: 132.
Aug 16 22:53:52 [debug] pvpgn::bnetd::ipbanlist_check: checking 181.188.162.215
Aug 16 22:53:52 [info ] pvpgn::bnetd::sd_accept: [696] accepted connection from 181.188.162.215:46862 on 0.0.0.0:6112
Aug 16 22:53:52 [debug] pvpgn::bnetd::conn_create: [696][728] sessionkey=0x1786944253 sessionnum=0x00000005
Aug 16 22:53:52 [debug] pvpgn::bnetd::sd_accept: [696] client connected to a bnet listening address
Aug 16 22:53:52 [info ] pvpgn::bnetd::handle_init_packet: [696] client initiated bnet connection
Aug 16 22:53:52 [debug] pvpgn::bnetd::conn_set_class: added latency check timer
Aug 16 22:53:52 [debug] pvpgn::bnetd::_client_auth_info: [696] AUTH_INFO packet { protocol=0x0, platform=IX86, product=W3XP, versionid=0x1b, language=esES, localip=0x400a8c0, tzbias=00f0, locale=16394, language=3082, country=BOL.Bolivia }
Aug 16 22:53:52 [info ] pvpgn::bnetd::conn_set_gamelang: [696] setting client gamelang to "esES"
Aug 16 22:53:52 [info ] pvpgn::bnetd::conn_set_client_localip: [IPC] [696] client_localip set to 4.0.168.192 (public_ip=181.188.162.215)
Aug 16 22:53:52 [debug] pvpgn::bnetd::_client_auth_info: [696] selected "ver-IX86-1.mpq" "B=454282227 C=2370009462 A=2264812340 4 A=A^S B=B-C C=C-A A=A+B"
Aug 16 22:53:53 [debug] pvpgn::bnetd::ipbanlist_check: lastcheck: 1786938832, now: 1786938833, now-lc: 1.
Aug 16 22:53:53 [debug] pvpgn::bnetd::ipbanlist_check: checking 181.188.162.215
Aug 16 22:53:53 [info ] pvpgn::bnetd::sd_accept: [368] accepted connection from 181.188.162.215:46906 on 0.0.0.0:6112
Aug 16 22:53:53 [debug] pvpgn::bnetd::conn_create: [368][728] sessionkey=0x1786968562 sessionnum=0x00000006
Aug 16 22:53:53 [debug] pvpgn::bnetd::sd_accept: [368] client connected to a bnet listening address
Aug 16 22:53:53 [info ] pvpgn::bnetd::handle_init_packet: [368] client initiated file download connection
Aug 16 22:53:53 [info ] pvpgn::bnetd::file_send: [368] sending file "ver-IX86-1.mpq" ("files/ver-IX86-1.mpq") of length 11931
Aug 16 22:53:54 [debug] pvpgn::bnetd::sd_tcpinput: [368] read returned -1 (closing connection)
Aug 16 22:53:54 [info ] pvpgn::bnetd::conn_destroy: [368] closed file connection
Aug 16 22:53:54 [info ] pvpgn::bnetd::_client_authreq109: [696] CLIENT_AUTHREQ_109 ticks=0x3430a2ef, verstr=1.27.1.173 exeinfo="war3.exe 12/09/16 06:05:09 515048" versionid=0x0000001b gameversion=0x011b01ad checksum=0x4026b5b0
Aug 16 22:53:54 [info ] pvpgn::bnetd::_client_authreq109: [696] client matches versiontag "W3XP_127B"
Aug 16 22:53:54 [info ] pvpgn::bnetd::_client_authreq109: [696] no upgrade is available
Aug 16 22:53:54 [info ] pvpgn::bnetd::_client_fileinforeq: [696] file requested: "termsofservice-esES.txt" - type = 0x01
Aug 16 22:53:54 [info ] pvpgn::bnetd::_client_fileinforeq: [696] file requested: "newaccount-esES.txt" - type = 0x02
Aug 16 22:53:54 [info ] pvpgn::bnetd::_client_fileinforeq: [696] file requested: "chathelp-war3-esES.txt" - type = 0x03
Aug 16 22:53:54 [debug] pvpgn::bnetd::ipbanlist_check: lastcheck: 1786938832, now: 1786938834, now-lc: 2.
Aug 16 22:53:54 [debug] pvpgn::bnetd::ipbanlist_check: checking 181.188.162.215
Aug 16 22:53:54 [info ] pvpgn::bnetd::sd_accept: [368] accepted connection from 181.188.162.215:46879 on 0.0.0.0:6112
Aug 16 22:53:54 [debug] pvpgn::bnetd::conn_create: [368][728] sessionkey=0x1786961721 sessionnum=0x00000007
Aug 16 22:53:54 [debug] pvpgn::bnetd::sd_accept: [368] client connected to a bnet listening address
Aug 16 22:53:54 [info ] pvpgn::bnetd::handle_init_packet: [368] client initiated file download connection
Aug 16 22:53:54 [debug] pvpgn::bnetd::ipbanlist_check: lastcheck: 1786938832, now: 1786938834, now-lc: 2.
Aug 16 22:53:54 [debug] pvpgn::bnetd::ipbanlist_check: checking 181.188.162.215
Aug 16 22:53:54 [info ] pvpgn::bnetd::sd_accept: [760] accepted connection from 181.188.162.215:46849 on 0.0.0.0:6112
Aug 16 22:53:54 [debug] pvpgn::bnetd::conn_create: [760][728] sessionkey=0x1786965421 sessionnum=0x00000008
Aug 16 22:53:54 [debug] pvpgn::bnetd::sd_accept: [760] client connected to a bnet listening address
Aug 16 22:53:54 [info ] pvpgn::bnetd::handle_init_packet: [760] client initiated file download connection
Aug 16 22:53:54 [debug] pvpgn::bnetd::ipbanlist_check: lastcheck: 1786938832, now: 1786938834, now-lc: 2.
Aug 16 22:53:54 [debug] pvpgn::bnetd::ipbanlist_check: checking 181.188.162.215
Aug 16 22:53:54 [info ] pvpgn::bnetd::sd_accept: [756] accepted connection from 181.188.162.215:46863 on 0.0.0.0:6112
Aug 16 22:53:54 [debug] pvpgn::bnetd::conn_create: [756][728] sessionkey=0x1786963944 sessionnum=0x00000009
Aug 16 22:53:54 [debug] pvpgn::bnetd::sd_accept: [756] client connected to a bnet listening address
Aug 16 22:53:54 [debug] pvpgn::bnetd::ipbanlist_check: lastcheck: 1786938832, now: 1786938834, now-lc: 2.
Aug 16 22:53:54 [debug] pvpgn::bnetd::ipbanlist_check: checking 181.188.162.215
Aug 16 22:53:54 [info ] pvpgn::bnetd::sd_accept: [744] accepted connection from 181.188.162.215:46907 on 0.0.0.0:6112
Aug 16 22:53:54 [debug] pvpgn::bnetd::conn_create: [744][728] sessionkey=0x1786960059 sessionnum=0x00000010
Aug 16 22:53:54 [debug] pvpgn::bnetd::sd_accept: [744] client connected to a bnet listening address
Aug 16 22:53:54 [info ] pvpgn::bnetd::handle_init_packet: [744] client initiated file download connection
Aug 16 22:53:54 [info ] pvpgn::bnetd::handle_init_packet: [756] client initiated file download connection
Aug 16 22:53:54 [info ] pvpgn::bnetd::file_send: [368] sending file "termsofservice-esES.txt" ("conf\i18n/esES/termsofservice.txt") of length 1550
Aug 16 22:53:54 [info ] pvpgn::bnetd::file_send: [760] sending file "newaccount-esES.txt" ("conf\i18n/esES/newaccount.txt") of length 1571
Aug 16 22:53:54 [debug] pvpgn::bnetd::sd_tcpinput: [368] read returned -1 (closing connection)
Aug 16 22:53:54 [info ] pvpgn::bnetd::conn_destroy: [368] closed file connection
Aug 16 22:53:54 [debug] pvpgn::bnetd::sd_tcpinput: [760] read returned -1 (closing connection)
Aug 16 22:53:54 [info ] pvpgn::bnetd::conn_destroy: [760] closed file connection
Aug 16 22:53:54 [info ] pvpgn::bnetd::file_send: [744] sending file "icons-WAR3.bni" ("files/icons-WAR3.bni") of length 36931
Aug 16 22:53:54 [info ] pvpgn::bnetd::file_send: [756] sending file "chathelp-war3-esES.txt" ("conf\i18n/esES/chathelp-war3.txt") of length 483
Aug 16 22:53:54 [debug] pvpgn::bnetd::sd_tcpinput: [744] read returned -1 (closing connection)
Aug 16 22:53:54 [info ] pvpgn::bnetd::conn_destroy: [744] closed file connection
Aug 16 22:53:54 [debug] pvpgn::bnetd::sd_tcpinput: [756] read returned -1 (closing connection)
Aug 16 22:53:54 [info ] pvpgn::bnetd::conn_destroy: [756] closed file connection
Aug 16 22:53:55 [debug] pvpgn::bnetd::ipbanlist_check: lastcheck: 1786938832, now: 1786938835, now-lc: 3.
Aug 16 22:53:55 [debug] pvpgn::bnetd::ipbanlist_check: checking 181.47.25.77
Aug 16 22:53:55 [info ] pvpgn::bnetd::sd_accept: [744] accepted connection from 181.47.25.77:58187 on 0.0.0.0:6112
Aug 16 22:53:55 [debug] pvpgn::bnetd::conn_create: [744][728] sessionkey=0x1786947222 sessionnum=0x00000011
Aug 16 22:53:55 [debug] pvpgn::bnetd::sd_accept: [744] client connected to a bnet listening address
Aug 16 22:53:55 [info ] pvpgn::bnetd::handle_init_packet: [744] client initiated bnet connection
Aug 16 22:53:55 [debug] pvpgn::bnetd::conn_set_class: added latency check timer
Aug 16 22:53:55 [info ] pvpgn::bnetd::_client_fileinforeq: [696] file requested: "bnserver-WAR3.ini" - type = 0x05
Aug 16 22:53:56 [debug] pvpgn::bnetd::_client_auth_info: [744] AUTH_INFO packet { protocol=0x0, platform=IX86, product=W3XP, versionid=0x1b, language=esES, localip=0x2000a8c0, tzbias=00b4, locale=11274, language=3082, country=ARG.Argentina }
Aug 16 22:53:56 [info ] pvpgn::bnetd::conn_set_gamelang: [744] setting client gamelang to "esES"
Aug 16 22:53:56 [info ] pvpgn::bnetd::conn_set_client_localip: [IPC] [744] client_localip set to 32.0.168.192 (public_ip=181.47.25.77)
Aug 16 22:53:56 [debug] pvpgn::bnetd::_client_auth_info: [744] selected "ver-IX86-1.mpq" "B=454282227 C=2370009462 A=2264812340 4 A=A^S B=B-C C=C-A A=A+B"
Aug 16 22:53:56 [debug] pvpgn::bnetd::ipbanlist_check: lastcheck: 1786938832, now: 1786938836, now-lc: 4.
Aug 16 22:53:56 [debug] pvpgn::bnetd::ipbanlist_check: checking 181.188.162.215
Aug 16 22:53:56 [info ] pvpgn::bnetd::sd_accept: [756] accepted connection from 181.188.162.215:46910 on 0.0.0.0:6112
Aug 16 22:53:56 [debug] pvpgn::bnetd::conn_create: [756][728] sessionkey=0x1786967017 sessionnum=0x00000012
Aug 16 22:53:56 [debug] pvpgn::bnetd::sd_accept: [756] client connected to a bnet listening address
Aug 16 22:53:56 [info ] pvpgn::bnetd::handle_init_packet: [756] client initiated file download connection
Aug 16 22:53:56 [info ] pvpgn::bnetd::_client_authreq109: [744] CLIENT_AUTHREQ_109 ticks=0x1970a9e1, verstr=1.27.1.173 exeinfo="war3.exe 12/09/16 10:05:10 515048" versionid=0x0000001b gameversion=0x011b01ad checksum=0x4026b5b0
Aug 16 22:53:56 [info ] pvpgn::bnetd::_client_authreq109: [744] client matches versiontag "W3XP_127B"
Aug 16 22:53:56 [info ] pvpgn::bnetd::_client_authreq109: [744] no upgrade is available
Aug 16 22:53:56 [info ] pvpgn::bnetd::_client_fileinforeq: [744] file requested: "termsofservice-esES.txt" - type = 0x01
Aug 16 22:53:56 [info ] pvpgn::bnetd::file_send: [756] sending file "bnserver-WAR3.ini" ("files/bnserver-WAR3.ini") of length 352
Aug 16 22:53:56 [info ] pvpgn::bnetd::_client_fileinforeq: [744] file requested: "newaccount-esES.txt" - type = 0x02
Aug 16 22:53:56 [info ] pvpgn::bnetd::_client_fileinforeq: [744] file requested: "chathelp-war3-esES.txt" - type = 0x03
Aug 16 22:53:56 [debug] pvpgn::bnetd::sd_tcpinput: [756] read returned -1 (closing connection)
Aug 16 22:53:56 [info ] pvpgn::bnetd::conn_destroy: [756] closed file connection
Aug 16 22:53:57 [info ] pvpgn::bnetd::_client_fileinforeq: [744] file requested: "bnserver-WAR3.ini" - type = 0x05
Aug 16 22:53:57 [info ] pvpgn::bnetd::_client_loginreqw3: [680] (W3) "keeros" passed account check
Aug 16 22:53:57 [info ] pvpgn::bnetd::_client_logonproofreq: [680] logon proof requested
Aug 16 22:53:57 [info ] pvpgn::bnetd::_client_logonproofreq: [680] (W3) "keeros" logged in (right password)
Aug 16 22:53:57 [debug] pvpgn::bnetd::ipc_register_user: [IPC] No hay MapClient para ip_pub=186.18.177.89 ip_local=192.168.0.3 (resp: NOT_FOUND)
Aug 16 22:53:58 [debug] pvpgn::bnetd::_client_anongame_infos: client_tag request tagid=(0x0) tag=(CLIENT_FINDANONGAME_INFOTAG_URL)  tag_unk=(0x0000)
Aug 16 22:53:58 [debug] pvpgn::bnetd::_client_anongame_infos: client_tag request tagid=(0x1) tag=(CLIENT_FINDANONGAME_INFOTAG_MAP)  tag_unk=(0x0000)
Aug 16 22:53:58 [debug] pvpgn::bnetd::_client_anongame_infos: client_tag request tagid=(0x2) tag=(CLIENT_FINDANONGAME_INFOTAG_TYPE) tag_unk=(0x0000)
Aug 16 22:53:58 [debug] pvpgn::bnetd::_client_anongame_infos: client_tag request tagid=(0x3) tag=(CLIENT_FINDANONGAME_INFOTAG_DESC) tag_unk=(0x0000)
Aug 16 22:53:58 [debug] pvpgn::bnetd::_client_anongame_infos: client_tag request tagid=(0x4) tag=(CLIENT_FINDANONGAME_INFOTAG_LADR) tag_unk=(0x0000)
Aug 16 22:54:01 [info ] pvpgn::bnetd::_client_loginreqw3: [696] (W3) "Andreew21xr" passed account check
Aug 16 22:54:01 [info ] pvpgn::bnetd::_client_logonproofreq: [696] logon proof requested
Aug 16 22:54:01 [info ] pvpgn::bnetd::_client_logonproofreq: [696] (W3) "Andreew21xr" logged in (right password)
Aug 16 22:54:01 [debug] pvpgn::bnetd::ipc_register_user: [IPC] No hay MapClient para ip_pub=181.188.162.215 ip_local=192.168.0.4 (resp: NOT_FOUND)
Aug 16 22:54:01 [debug] pvpgn::bnetd::_client_anongame_infos: client_tag request tagid=(0x0) tag=(CLIENT_FINDANONGAME_INFOTAG_URL)  tag_unk=(0x0000)
Aug 16 22:54:01 [debug] pvpgn::bnetd::_client_anongame_infos: client_tag request tagid=(0x1) tag=(CLIENT_FINDANONGAME_INFOTAG_MAP)  tag_unk=(0x0000)
Aug 16 22:54:01 [debug] pvpgn::bnetd::_client_anongame_infos: client_tag request tagid=(0x2) tag=(CLIENT_FINDANONGAME_INFOTAG_TYPE) tag_unk=(0x0000)
Aug 16 22:54:01 [debug] pvpgn::bnetd::_client_anongame_infos: client_tag request tagid=(0x3) tag=(CLIENT_FINDANONGAME_INFOTAG_DESC) tag_unk=(0x0000)
Aug 16 22:54:01 [debug] pvpgn::bnetd::_client_anongame_infos: client_tag request tagid=(0x4) tag=(CLIENT_FINDANONGAME_INFOTAG_LADR) tag_unk=(0x0000)
Aug 16 22:54:02 [info ] pvpgn::bnetd::_client_loginreqw3: [744] (W3) "SS-Ryan" passed account check
Aug 16 22:54:02 [info ] pvpgn::bnetd::_client_logonproofreq: [744] logon proof requested
Aug 16 22:54:02 [info ] pvpgn::bnetd::_client_logonproofreq: [744] (W3) "SS-Ryan" logged in (right password)
Aug 16 22:54:02 [info ] pvpgn::bnetd::ipc_register_user: [IPC] Usuario registrado en MapServer: user='SS-Ryan' ip_pub=181.47.25.77 ip_local=192.168.0.32
Aug 16 22:54:02 [debug] pvpgn::bnetd::_client_anongame_infos: client_tag request tagid=(0x0) tag=(CLIENT_FINDANONGAME_INFOTAG_URL)  tag_unk=(0x0000)
Aug 16 22:54:02 [debug] pvpgn::bnetd::_client_anongame_infos: client_tag request tagid=(0x1) tag=(CLIENT_FINDANONGAME_INFOTAG_MAP)  tag_unk=(0x0000)
Aug 16 22:54:02 [debug] pvpgn::bnetd::_client_anongame_infos: client_tag request tagid=(0x2) tag=(CLIENT_FINDANONGAME_INFOTAG_TYPE) tag_unk=(0x0000)
Aug 16 22:54:02 [debug] pvpgn::bnetd::_client_anongame_infos: client_tag request tagid=(0x3) tag=(CLIENT_FINDANONGAME_INFOTAG_DESC) tag_unk=(0x0000)
Aug 16 22:54:02 [debug] pvpgn::bnetd::_client_anongame_infos: client_tag request tagid=(0x4) tag=(CLIENT_FINDANONGAME_INFOTAG_LADR) tag_unk=(0x0000)
Aug 16 22:54:05 [debug] pvpgn::bnetd::_client_gamelistreq: GAMELISTREPLY looking for public games tag="W3XP" bngtype=0x0000e000 gtype=all
Aug 16 22:54:05 [debug] pvpgn::bnetd::_client_gamelistreq: [680] GAMELISTREPLY sent 0 of 0 games
Aug 16 22:54:08 [debug] pvpgn::bnetd::sd_tcpinput: [696] read returned -1 (closing connection)
Aug 16 22:54:08 [debug] pvpgn::bnetd::ipc_remove_username: [IPC] REMOVE_USERNAME 'Andreew21xr' resp: NOT_FOUND
Aug 16 22:54:08 [info ] pvpgn::bnetd::conn_destroy: [696] "Andreew21xr" logged out
Aug 16 22:54:08 [debug] lua/handle_user.lua:31: User disconnect: Andreew21xr
Aug 16 22:54:08 [info ] pvpgn::bnetd::conn_destroy: [696] closed bnet connection
Aug 16 22:54:09 [debug] pvpgn::bnetd::_client_gamelistreq: GAMELISTREPLY looking for public games tag="W3XP" bngtype=0x0000e000 gtype=all
Aug 16 22:54:09 [debug] pvpgn::bnetd::_client_gamelistreq: [744] GAMELISTREPLY sent 0 of 0 games
Aug 16 22:54:13 [debug] pvpgn::bnetd::_client_gamelistreq: GAMELISTREPLY looking for public games tag="W3XP" bngtype=0x0000e000 gtype=all
Aug 16 22:54:13 [debug] pvpgn::bnetd::_client_gamelistreq: [680] GAMELISTREPLY sent 0 of 0 games
Aug 16 22:54:15 [info ] handle_bnet: Told Mutual Friends your in game ssl
Aug 16 22:54:15 [debug] pvpgn::bnetd::_client_startgame4: [744] got startgame4 status for game "ssl" is 0x00000010 (gametype=0x2001 option=0x0049, flag=0x0000)
Aug 16 22:54:15 [info ] pvpgn::bnetd::game_create: game "ssl" (pass "") type 1(UNKNOWN) startver 4 created
Aug 16 22:54:21 [debug] pvpgn::bnetd::_client_gamelistreq: GAMELISTREPLY looking for public games tag="W3XP" bngtype=0x0000e000 gtype=all
Aug 16 22:54:21 [debug] pvpgn::bnetd::_glist_cb: [680] considering listing game="ssl", pass="" clienttag="W3XP" gtype=1
Aug 16 22:54:21 [debug] pvpgn::trans_net: checking 181.47.25.77:6112 for client 186.18.177.89 ...
Aug 16 22:54:21 [debug] pvpgn::trans_net: against entry -> 127.0.0.1:6112 output 190.237.156.139:6112 network 0.0.0.0/0x00000000
Aug 16 22:54:21 [debug] pvpgn::trans_net: entry does match input address
Aug 16 22:54:21 [debug] pvpgn::trans_net: against entry -> 192.168.1.1:6112 output 190.237.156.139:6112 network 0.0.0.0/0x00000000
Aug 16 22:54:21 [debug] pvpgn::trans_net: entry does match input address
Aug 16 22:54:21 [debug] pvpgn::trans_net: against entry -> 192.168.1.1:6125 output 190.237.156.139:6125 network 0.0.0.0/0x00000000
Aug 16 22:54:21 [debug] pvpgn::trans_net: entry does match input address
Aug 16 22:54:21 [debug] pvpgn::trans_net: against entry -> 192.168.1.1:6114 output 190.237.156.139:6114 network 0.0.0.0/0x00000000
Aug 16 22:54:21 [debug] pvpgn::trans_net: entry does match input address
Aug 16 22:54:21 [debug] pvpgn::trans_net: against entry -> 192.168.1.1:6115 output 190.237.156.139:6115 network 0.0.0.0/0x00000000
Aug 16 22:54:21 [debug] pvpgn::trans_net: entry does match input address
Aug 16 22:54:21 [debug] pvpgn::trans_net: against entry -> 192.168.1.1:6116 output 190.237.156.139:6116 network 0.0.0.0/0x00000000
Aug 16 22:54:21 [debug] pvpgn::trans_net: entry does match input address
Aug 16 22:54:21 [debug] pvpgn::trans_net: against entry -> 192.168.1.1:6117 output 190.237.156.139:6117 network 0.0.0.0/0x00000000
Aug 16 22:54:21 [debug] pvpgn::trans_net: entry does match input address
Aug 16 22:54:21 [debug] pvpgn::trans_net: against entry -> 192.168.1.1:6118 output 190.237.156.139:6118 network 0.0.0.0/0x00000000
Aug 16 22:54:21 [debug] pvpgn::trans_net: entry does match input address
Aug 16 22:54:21 [debug] pvpgn::trans_net: against entry -> 192.168.1.1:6119 output 190.237.156.139:6119 network 0.0.0.0/0x00000000
Aug 16 22:54:21 [debug] pvpgn::trans_net: entry does match input address
Aug 16 22:54:21 [debug] pvpgn::trans_net: against entry -> 192.168.1.31:6112 output 190.237.156.139:6112 network 0.0.0.0/0x00000000
Aug 16 22:54:21 [debug] pvpgn::trans_net: entry does match input address
Aug 16 22:54:21 [debug] pvpgn::trans_net: against entry -> 0.0.0.0:6200 output 190.237.156.139:6200 network 0.0.0.0/0x00000000
Aug 16 22:54:21 [debug] pvpgn::trans_net: entry does match input address
Aug 16 22:54:21 [debug] pvpgn::trans_net: no match found for 181.47.25.77:6112 (not translated)
Aug 16 22:54:21 [debug] pvpgn::bnetd::_client_gamelistreq: [680] GAMELISTREPLY sent 1 of 1 games
Aug 16 22:54:23 [info ] pvpgn::bnetd::ipc_send_upload: [IPC] ORDER|UPLOAD OK user='SS-Ryan' gameID=005 sid=SID_001
Aug 16 22:54:24 [debug] pvpgn::bnetd::ipc_get_upload_result: [IPC] GET_UPLOAD_RESULT '005' resp: NOT_FOUND
Aug 16 22:54:27 [debug] pvpgn::bnetd::ipc_get_upload_result: [IPC] GET_UPLOAD_RESULT '005' resp: NOT_FOUND
Aug 16 22:54:29 [debug] pvpgn::bnetd::_client_gamelistreq: GAMELISTREPLY looking for public games tag="W3XP" bngtype=0x0000e000 gtype=all
Aug 16 22:54:29 [debug] pvpgn::bnetd::_glist_cb: [680] considering listing game="ssl", pass="" clienttag="W3XP" gtype=1
Aug 16 22:54:29 [debug] pvpgn::trans_net: checking 181.47.25.77:6112 for client 186.18.177.89 ...
Aug 16 22:54:29 [debug] pvpgn::trans_net: against entry -> 127.0.0.1:6112 output 190.237.156.139:6112 network 0.0.0.0/0x00000000
Aug 16 22:54:29 [debug] pvpgn::trans_net: entry does match input address
Aug 16 22:54:29 [debug] pvpgn::trans_net: against entry -> 192.168.1.1:6112 output 190.237.156.139:6112 network 0.0.0.0/0x00000000
Aug 16 22:54:29 [debug] pvpgn::trans_net: entry does match input address
Aug 16 22:54:29 [debug] pvpgn::trans_net: against entry -> 192.168.1.1:6125 output 190.237.156.139:6125 network 0.0.0.0/0x00000000
Aug 16 22:54:29 [debug] pvpgn::trans_net: entry does match input address
Aug 16 22:54:29 [debug] pvpgn::trans_net: against entry -> 192.168.1.1:6114 output 190.237.156.139:6114 network 0.0.0.0/0x00000000
Aug 16 22:54:29 [debug] pvpgn::trans_net: entry does match input address
Aug 16 22:54:29 [debug] pvpgn::trans_net: against entry -> 192.168.1.1:6115 output 190.237.156.139:6115 network 0.0.0.0/0x00000000
Aug 16 22:54:29 [debug] pvpgn::trans_net: entry does match input address
Aug 16 22:54:29 [debug] pvpgn::trans_net: against entry -> 192.168.1.1:6116 output 190.237.156.139:6116 network 0.0.0.0/0x00000000
Aug 16 22:54:29 [debug] pvpgn::trans_net: entry does match input address
Aug 16 22:54:29 [debug] pvpgn::trans_net: against entry -> 192.168.1.1:6117 output 190.237.156.139:6117 network 0.0.0.0/0x00000000
Aug 16 22:54:29 [debug] pvpgn::trans_net: entry does match input address
Aug 16 22:54:29 [debug] pvpgn::trans_net: against entry -> 192.168.1.1:6118 output 190.237.156.139:6118 network 0.0.0.0/0x00000000
Aug 16 22:54:29 [debug] pvpgn::trans_net: entry does match input address
Aug 16 22:54:29 [debug] pvpgn::trans_net: against entry -> 192.168.1.1:6119 output 190.237.156.139:6119 network 0.0.0.0/0x00000000
Aug 16 22:54:29 [debug] pvpgn::trans_net: entry does match input address
Aug 16 22:54:29 [debug] pvpgn::trans_net: against entry -> 192.168.1.31:6112 output 190.237.156.139:6112 network 0.0.0.0/0x00000000
Aug 16 22:54:29 [debug] pvpgn::trans_net: entry does match input address
Aug 16 22:54:29 [debug] pvpgn::trans_net: against entry -> 0.0.0.0:6200 output 190.237.156.139:6200 network 0.0.0.0/0x00000000
Aug 16 22:54:29 [debug] pvpgn::trans_net: entry does match input address
Aug 16 22:54:29 [debug] pvpgn::trans_net: no match found for 181.47.25.77:6112 (not translated)
Aug 16 22:54:29 [debug] pvpgn::bnetd::_client_gamelistreq: [680] GAMELISTREPLY sent 1 of 1 games
Aug 16 22:54:30 [debug] pvpgn::bnetd::ipc_get_upload_result: [IPC] GET_UPLOAD_RESULT '005' resp: NOT_FOUND
Aug 16 22:54:33 [debug] pvpgn::bnetd::ipc_get_upload_result: [IPC] GET_UPLOAD_RESULT '005' resp: NOT_FOUND
Aug 16 22:54:38 [debug] pvpgn::bnetd::_client_gamelistreq: GAMELISTREPLY looking for public games tag="W3XP" bngtype=0x0000e000 gtype=all
Aug 16 22:54:38 [debug] pvpgn::bnetd::_glist_cb: [680] considering listing game="ssl", pass="" clienttag="W3XP" gtype=1
Aug 16 22:54:38 [debug] pvpgn::trans_net: checking 181.47.25.77:6112 for client 186.18.177.89 ...
Aug 16 22:54:38 [debug] pvpgn::trans_net: against entry -> 127.0.0.1:6112 output 190.237.156.139:6112 network 0.0.0.0/0x00000000
Aug 16 22:54:38 [debug] pvpgn::trans_net: entry does match input address
Aug 16 22:54:38 [debug] pvpgn::trans_net: against entry -> 192.168.1.1:6112 output 190.237.156.139:6112 network 0.0.0.0/0x00000000
Aug 16 22:54:38 [debug] pvpgn::trans_net: entry does match input address
Aug 16 22:54:38 [debug] pvpgn::trans_net: against entry -> 192.168.1.1:6125 output 190.237.156.139:6125 network 0.0.0.0/0x00000000
Aug 16 22:54:38 [debug] pvpgn::trans_net: entry does match input address
Aug 16 22:54:38 [debug] pvpgn::trans_net: against entry -> 192.168.1.1:6114 output 190.237.156.139:6114 network 0.0.0.0/0x00000000
Aug 16 22:54:38 [debug] pvpgn::trans_net: entry does match input address
Aug 16 22:54:38 [debug] pvpgn::trans_net: against entry -> 192.168.1.1:6115 output 190.237.156.139:6115 network 0.0.0.0/0x00000000
Aug 16 22:54:38 [debug] pvpgn::trans_net: entry does match input address
Aug 16 22:54:38 [debug] pvpgn::trans_net: against entry -> 192.168.1.1:6116 output 190.237.156.139:6116 network 0.0.0.0/0x00000000
Aug 16 22:54:38 [debug] pvpgn::trans_net: entry does match input address
Aug 16 22:54:38 [debug] pvpgn::trans_net: against entry -> 192.168.1.1:6117 output 190.237.156.139:6117 network 0.0.0.0/0x00000000
Aug 16 22:54:38 [debug] pvpgn::trans_net: entry does match input address
Aug 16 22:54:38 [debug] pvpgn::trans_net: against entry -> 192.168.1.1:6118 output 190.237.156.139:6118 network 0.0.0.0/0x00000000
Aug 16 22:54:38 [debug] pvpgn::trans_net: entry does match input address
Aug 16 22:54:38 [debug] pvpgn::trans_net: against entry -> 192.168.1.1:6119 output 190.237.156.139:6119 network 0.0.0.0/0x00000000
Aug 16 22:54:38 [debug] pvpgn::trans_net: entry does match input address
Aug 16 22:54:38 [debug] pvpgn::trans_net: against entry -> 192.168.1.31:6112 output 190.237.156.139:6112 network 0.0.0.0/0x00000000
Aug 16 22:54:38 [debug] pvpgn::trans_net: entry does match input address
Aug 16 22:54:38 [debug] pvpgn::trans_net: against entry -> 0.0.0.0:6200 output 190.237.156.139:6200 network 0.0.0.0/0x00000000
Aug 16 22:54:38 [debug] pvpgn::trans_net: entry does match input address
Aug 16 22:54:38 [debug] pvpgn::trans_net: no match found for 181.47.25.77:6112 (not translated)
Aug 16 22:54:38 [debug] pvpgn::bnetd::_client_gamelistreq: [680] GAMELISTREPLY sent 1 of 1 games
Aug 16 22:54:41 [info ] pvpgn::bnetd::_client_closegame: [744] client closing game
Aug 16 22:54:42 [info ] pvpgn::bnetd::_client_closegame: [744] client closing game
Aug 16 22:54:42 [debug] pvpgn::bnetd::game_del_player: game "ssl" has ref=1, count=1; trying to remove player "SS-Ryan"
Aug 16 22:54:42 [debug] pvpgn::bnetd::game_del_player: removing player #0 "SS-Ryan" from "ssl", 0 players left
Aug 16 22:54:42 [debug] pvpgn::bnetd::game_del_player: player "SS-Ryan" left without reporting (valid) results
Aug 16 22:54:42 [debug] pvpgn::bnetd::game_del_player: player deleted... (ref=1)
Aug 16 22:54:42 [debug] pvpgn::bnetd::game_del_player: no more players, reporting game
Aug 16 22:54:42 [debug] pvpgn::bnetd::game_del_player: no more players, destroying game
Aug 16 22:54:42 [debug] lua/handle_game.lua:56: Game destroyed: ssl owner: SS-Ryan
Aug 16 22:54:42 [debug] lua/handle_game.lua:56: [DEBUG] Buscando holds activos...
Aug 16 22:54:42 [debug] lua/handle_game.lua:56: [DEBUG] No hay holds activos
Aug 16 22:54:42 [info ] lua/game_inspector.lua:61: [LOBBY] TXT reescrito: 0 lineas (force=false)
Aug 16 22:54:42 [debug] pvpgn::bnetd::game_destroy: game "ssl" (count=1 ref=1) removed from list...
Aug 16 22:54:42 [info ] pvpgn::bnetd::game_destroy: game deleted
Aug 16 22:54:44 [debug] pvpgn::bnetd::WatchComponent::dispatch_whisper: notified 1 friends about prueba77
Aug 16 22:54:44 [info ] handle_bnet: Told Mutual Friends your in game ssl
Aug 16 22:54:44 [debug] pvpgn::bnetd::_client_startgame4: [700] got startgame4 status for game "ssl" is 0x00000010 (gametype=0x2001 option=0x0049, flag=0x0000)
Aug 16 22:54:44 [info ] pvpgn::bnetd::game_create: game "ssl" (pass "") type 1(UNKNOWN) startver 4 created
Aug 16 22:54:45 [info ] lua/game_inspector.lua:61: [LOBBY] CREATE: game_id=6 host_falso=SS-Ryan host_bot=prueba77 slots=10 map=SSLv4.9BETA5.w3x
Aug 16 22:54:45 [info ] lua/game_inspector.lua:61: [LOBBY] TXT reescrito: 1 lineas (force=true)
Aug 16 22:54:45 [debug] pvpgn::bnetd::_client_gamelistreq: GAMELISTREPLY looking for public games tag="W3XP" bngtype=0x0000e000 gtype=all
Aug 16 22:54:45 [debug] pvpgn::bnetd::_glist_cb: [744] considering listing game="ssl", pass="" clienttag="W3XP" gtype=1
Aug 16 22:54:45 [debug] pvpgn::trans_net: checking 192.168.1.1:6117 for client 181.47.25.77 ...
Aug 16 22:54:45 [debug] pvpgn::trans_net: against entry -> 127.0.0.1:6112 output 190.237.156.139:6112 network 0.0.0.0/0x00000000
Aug 16 22:54:45 [debug] pvpgn::trans_net: entry does match input address
Aug 16 22:54:45 [debug] pvpgn::trans_net: against entry -> 192.168.1.1:6112 output 190.237.156.139:6112 network 0.0.0.0/0x00000000
Aug 16 22:54:45 [debug] pvpgn::trans_net: entry does match input address
Aug 16 22:54:45 [debug] pvpgn::trans_net: against entry -> 192.168.1.1:6125 output 190.237.156.139:6125 network 0.0.0.0/0x00000000
Aug 16 22:54:45 [debug] pvpgn::trans_net: entry does match input address
Aug 16 22:54:45 [debug] pvpgn::trans_net: against entry -> 192.168.1.1:6114 output 190.237.156.139:6114 network 0.0.0.0/0x00000000
Aug 16 22:54:45 [debug] pvpgn::trans_net: entry does match input address
Aug 16 22:54:45 [debug] pvpgn::trans_net: against entry -> 192.168.1.1:6115 output 190.237.156.139:6115 network 0.0.0.0/0x00000000
Aug 16 22:54:45 [debug] pvpgn::trans_net: entry does match input address
Aug 16 22:54:45 [debug] pvpgn::trans_net: against entry -> 192.168.1.1:6116 output 190.237.156.139:6116 network 0.0.0.0/0x00000000
Aug 16 22:54:45 [debug] pvpgn::trans_net: entry does match input address
Aug 16 22:54:45 [debug] pvpgn::trans_net: against entry -> 192.168.1.1:6117 output 190.237.156.139:6117 network 0.0.0.0/0x00000000
Aug 16 22:54:45 [debug] pvpgn::trans_net: 192.168.1.1:6117 translated to 190.237.156.139:6117
Aug 16 22:54:45 [debug] pvpgn::bnetd::_client_gamelistreq: [744] GAMELISTREPLY sent 1 of 1 games
Aug 16 22:54:46 [debug] pvpgn::bnetd::_client_gamelistreq: GAMELISTREPLY looking for public games tag="W3XP" bngtype=0x0000e000 gtype=all
Aug 16 22:54:46 [debug] pvpgn::bnetd::_glist_cb: [680] considering listing game="ssl", pass="" clienttag="W3XP" gtype=1
Aug 16 22:54:46 [debug] pvpgn::trans_net: checking 192.168.1.1:6117 for client 186.18.177.89 ...
Aug 16 22:54:46 [debug] pvpgn::trans_net: against entry -> 127.0.0.1:6112 output 190.237.156.139:6112 network 0.0.0.0/0x00000000
Aug 16 22:54:46 [debug] pvpgn::trans_net: entry does match input address
Aug 16 22:54:46 [debug] pvpgn::trans_net: against entry -> 192.168.1.1:6112 output 190.237.156.139:6112 network 0.0.0.0/0x00000000
Aug 16 22:54:46 [debug] pvpgn::trans_net: entry does match input address
Aug 16 22:54:46 [debug] pvpgn::trans_net: against entry -> 192.168.1.1:6125 output 190.237.156.139:6125 network 0.0.0.0/0x00000000
Aug 16 22:54:46 [debug] pvpgn::trans_net: entry does match input address
Aug 16 22:54:46 [debug] pvpgn::trans_net: against entry -> 192.168.1.1:6114 output 190.237.156.139:6114 network 0.0.0.0/0x00000000
Aug 16 22:54:46 [debug] pvpgn::trans_net: entry does match input address
Aug 16 22:54:46 [debug] pvpgn::trans_net: against entry -> 192.168.1.1:6115 output 190.237.156.139:6115 network 0.0.0.0/0x00000000
Aug 16 22:54:46 [debug] pvpgn::trans_net: entry does match input address
Aug 16 22:54:46 [debug] pvpgn::trans_net: against entry -> 192.168.1.1:6116 output 190.237.156.139:6116 network 0.0.0.0/0x00000000
Aug 16 22:54:46 [debug] pvpgn::trans_net: entry does match input address
Aug 16 22:54:46 [debug] pvpgn::trans_net: against entry -> 192.168.1.1:6117 output 190.237.156.139:6117 network 0.0.0.0/0x00000000
Aug 16 22:54:46 [debug] pvpgn::trans_net: 192.168.1.1:6117 translated to 190.237.156.139:6117
Aug 16 22:54:46 [debug] pvpgn::bnetd::_client_gamelistreq: [680] GAMELISTREPLY sent 1 of 1 games
Aug 16 22:54:46 [debug] pvpgn::bnetd::_client_joingame: [744] trying to join game "ssl" pass=""
Aug 16 22:54:46 [info ] pvpgn::bnetd::_client_joingame: [744] "SS-Ryan" joined game "ssl"
Aug 16 22:54:46 [debug] pvpgn::bnetd::_client_startgame4: [700] got startgame4 status for game "ssl" is 0x00000010 (gametype=0x2001 option=0x0049, flag=0x0000)
Aug 16 22:54:48 [debug] pvpgn::bnetd::handle_udp_packet: [728] got unknown udp packet type 0x6d30f7, len 109 from 192.168.1.31:63358
Aug 16 22:54:48 [debug] pvpgn::bnetd::handle_udp_packet: [728] got unknown udp packet type 0x6d30f7, len 109 from 127.0.0.1:63358
Aug 16 22:54:50 [debug] pvpgn::bnetd::_client_startgame4: [700] got startgame4 status for game "ssl" is 0x00000010 (gametype=0x2001 option=0x0049, flag=0x0000)
Aug 16 22:54:52 [debug] pvpgn::bnetd::_client_startgame4: [700] got startgame4 status for game "ssl" is 0x00000010 (gametype=0x2001 option=0x0049, flag=0x0000)
Aug 16 22:54:53 [debug] pvpgn::bnetd::handle_udp_packet: [728] got unknown udp packet type 0x6d30f7, len 109 from 192.168.1.31:63358
Aug 16 22:54:53 [debug] pvpgn::bnetd::handle_udp_packet: [728] got unknown udp packet type 0x6d30f7, len 109 from 127.0.0.1:63358
Aug 16 22:54:54 [debug] pvpgn::bnetd::_client_gamelistreq: GAMELISTREPLY looking for public games tag="W3XP" bngtype=0x0000e000 gtype=all
Aug 16 22:54:54 [debug] pvpgn::bnetd::_glist_cb: [680] considering listing game="ssl", pass="" clienttag="W3XP" gtype=1
Aug 16 22:54:54 [debug] pvpgn::trans_net: checking 192.168.1.1:6117 for client 186.18.177.89 ...
Aug 16 22:54:54 [debug] pvpgn::trans_net: against entry -> 127.0.0.1:6112 output 190.237.156.139:6112 network 0.0.0.0/0x00000000
Aug 16 22:54:54 [debug] pvpgn::trans_net: entry does match input address
Aug 16 22:54:54 [debug] pvpgn::trans_net: against entry -> 192.168.1.1:6112 output 190.237.156.139:6112 network 0.0.0.0/0x00000000
Aug 16 22:54:54 [debug] pvpgn::trans_net: entry does match input address
Aug 16 22:54:54 [debug] pvpgn::trans_net: against entry -> 192.168.1.1:6125 output 190.237.156.139:6125 network 0.0.0.0/0x00000000
Aug 16 22:54:54 [debug] pvpgn::trans_net: entry does match input address
Aug 16 22:54:54 [debug] pvpgn::trans_net: against entry -> 192.168.1.1:6114 output 190.237.156.139:6114 network 0.0.0.0/0x00000000
Aug 16 22:54:54 [debug] pvpgn::trans_net: entry does match input address
Aug 16 22:54:54 [debug] pvpgn::trans_net: against entry -> 192.168.1.1:6115 output 190.237.156.139:6115 network 0.0.0.0/0x00000000
Aug 16 22:54:54 [debug] pvpgn::trans_net: entry does match input address
Aug 16 22:54:54 [debug] pvpgn::trans_net: against entry -> 192.168.1.1:6116 output 190.237.156.139:6116 network 0.0.0.0/0x00000000
Aug 16 22:54:54 [debug] pvpgn::trans_net: entry does match input address
Aug 16 22:54:54 [debug] pvpgn::trans_net: against entry -> 192.168.1.1:6117 output 190.237.156.139:6117 network 0.0.0.0/0x00000000
Aug 16 22:54:54 [debug] pvpgn::trans_net: 192.168.1.1:6117 translated to 190.237.156.139:6117
Aug 16 22:54:54 [debug] pvpgn::bnetd::_client_gamelistreq: [680] GAMELISTREPLY sent 1 of 1 games
Aug 16 22:54:55 [debug] pvpgn::bnetd::_client_startgame4: [700] got startgame4 status for game "ssl" is 0x00000010 (gametype=0x2001 option=0x0049, flag=0x0000)
Aug 16 22:54:56 [debug] pvpgn::bnetd::_client_gamelistreq: GAMELISTREPLY looking for public games tag="W3XP" bngtype=0x0000e000 gtype=all
Aug 16 22:54:56 [debug] pvpgn::bnetd::_glist_cb: [680] considering listing game="ssl", pass="" clienttag="W3XP" gtype=1
Aug 16 22:54:56 [debug] pvpgn::trans_net: checking 192.168.1.1:6117 for client 186.18.177.89 ...
Aug 16 22:54:56 [debug] pvpgn::trans_net: against entry -> 127.0.0.1:6112 output 190.237.156.139:6112 network 0.0.0.0/0x00000000
Aug 16 22:54:56 [debug] pvpgn::trans_net: entry does match input address
Aug 16 22:54:56 [debug] pvpgn::trans_net: against entry -> 192.168.1.1:6112 output 190.237.156.139:6112 network 0.0.0.0/0x00000000
Aug 16 22:54:56 [debug] pvpgn::trans_net: entry does match input address
Aug 16 22:54:56 [debug] pvpgn::trans_net: against entry -> 192.168.1.1:6125 output 190.237.156.139:6125 network 0.0.0.0/0x00000000
Aug 16 22:54:56 [debug] pvpgn::trans_net: entry does match input address
Aug 16 22:54:56 [debug] pvpgn::trans_net: against entry -> 192.168.1.1:6114 output 190.237.156.139:6114 network 0.0.0.0/0x00000000
Aug 16 22:54:56 [debug] pvpgn::trans_net: entry does match input address
Aug 16 22:54:56 [debug] pvpgn::trans_net: against entry -> 192.168.1.1:6115 output 190.237.156.139:6115 network 0.0.0.0/0x00000000
Aug 16 22:54:56 [debug] pvpgn::trans_net: entry does match input address
Aug 16 22:54:56 [debug] pvpgn::trans_net: against entry -> 192.168.1.1:6116 output 190.237.156.139:6116 network 0.0.0.0/0x00000000
Aug 16 22:54:56 [debug] pvpgn::trans_net: entry does match input address
Aug 16 22:54:56 [debug] pvpgn::trans_net: against entry -> 192.168.1.1:6117 output 190.237.156.139:6117 network 0.0.0.0/0x00000000
Aug 16 22:54:56 [debug] pvpgn::trans_net: 192.168.1.1:6117 translated to 190.237.156.139:6117
Aug 16 22:54:56 [debug] pvpgn::bnetd::_client_gamelistreq: [680] GAMELISTREPLY sent 1 of 1 games
Aug 16 22:54:58 [debug] pvpgn::bnetd::_client_joingame: [680] trying to join game "ssl" pass=""
Aug 16 22:54:58 [info ] pvpgn::bnetd::_client_joingame: [680] "Keeros" joined game "ssl"
Aug 16 22:54:58 [debug] pvpgn::bnetd::handle_udp_packet: [728] got unknown udp packet type 0x6d30f7, len 109 from 192.168.1.31:63358
Aug 16 22:54:58 [debug] pvpgn::bnetd::handle_udp_packet: [728] got unknown udp packet type 0x6d30f7, len 109 from 127.0.0.1:63358
Aug 16 22:54:58 [debug] pvpgn::bnetd::_client_startgame4: [700] got startgame4 status for game "ssl" is 0x00000010 (gametype=0x2001 option=0x0049, flag=0x0000)
Aug 16 22:55:04 [debug] pvpgn::bnetd::handle_udp_packet: [728] got unknown udp packet type 0x6d30f7, len 109 from 192.168.1.31:63358
Aug 16 22:55:04 [debug] pvpgn::bnetd::handle_udp_packet: [728] got unknown udp packet type 0x6d30f7, len 109 from 127.0.0.1:63358
Aug 16 22:55:04 [debug] pvpgn::bnetd::_client_startgame4: [700] got startgame4 status for game "ssl" is 0x00000010 (gametype=0x2001 option=0x0049, flag=0x0000)
Aug 16 22:55:06 [debug] pvpgn::bnetd::_client_startgame4: [700] got startgame4 status for game "ssl" is 0x00000010 (gametype=0x2001 option=0x0049, flag=0x0000)
Aug 16 22:55:08 [debug] pvpgn::bnetd::handle_udp_packet: [728] got unknown udp packet type 0x6d30f7, len 109 from 192.168.1.31:63358
Aug 16 22:55:08 [debug] pvpgn::bnetd::handle_udp_packet: [728] got unknown udp packet type 0x6d30f7, len 109 from 127.0.0.1:63358
Aug 16 22:55:09 [debug] pvpgn::bnetd::_client_startgame4: [700] got startgame4 status for game "ssl" is 0x00000010 (gametype=0x2001 option=0x0049, flag=0x0000)
Aug 16 22:55:11 [debug] pvpgn::bnetd::_client_startgame4: [700] got startgame4 status for game "ssl" is 0x00000010 (gametype=0x2001 option=0x0049, flag=0x0000)
Aug 16 22:55:13 [debug] pvpgn::bnetd::handle_udp_packet: [728] got unknown udp packet type 0x6d30f7, len 109 from 192.168.1.31:63358
Aug 16 22:55:14 [debug] pvpgn::bnetd::handle_udp_packet: [728] got unknown udp packet type 0x6d30f7, len 109 from 127.0.0.1:63358
Aug 16 22:55:14 [debug] pvpgn::bnetd::_client_startgame4: [700] got startgame4 status for game "ssl" is 0x00000010 (gametype=0x2001 option=0x0049, flag=0x0000)
Aug 16 22:55:16 [debug] pvpgn::bnetd::_client_startgame4: [700] got startgame4 status for game "ssl" is 0x00000010 (gametype=0x2001 option=0x0049, flag=0x0000)
Aug 16 22:55:18 [debug] pvpgn::bnetd::handle_udp_packet: [728] got unknown udp packet type 0x6d30f7, len 109 from 192.168.1.31:63358
Aug 16 22:55:18 [debug] pvpgn::bnetd::handle_udp_packet: [728] got unknown udp packet type 0x6d30f7, len 109 from 127.0.0.1:63358
Aug 16 22:55:19 [debug] pvpgn::bnetd::_client_startgame4: [700] got startgame4 status for game "ssl" is 0x00000010 (gametype=0x2001 option=0x0049, flag=0x0000)
Aug 16 22:55:22 [debug] pvpgn::bnetd::_client_startgame4: [700] got startgame4 status for game "ssl" is 0x00000010 (gametype=0x2001 option=0x0049, flag=0x0000)
Aug 16 22:55:24 [debug] pvpgn::bnetd::handle_udp_packet: [728] got unknown udp packet type 0x6d30f7, len 109 from 192.168.1.31:63358
Aug 16 22:55:24 [debug] pvpgn::bnetd::handle_udp_packet: [728] got unknown udp packet type 0x6d30f7, len 109 from 127.0.0.1:63358
Aug 16 22:55:25 [debug] pvpgn::bnetd::_client_startgame4: [700] got startgame4 status for game "ssl" is 0x00000010 (gametype=0x2001 option=0x0049, flag=0x0000)
Aug 16 22:55:28 [debug] pvpgn::bnetd::handle_udp_packet: [728] got unknown udp packet type 0x6d30f7, len 109 from 192.168.1.31:63358
Aug 16 22:55:28 [debug] pvpgn::bnetd::handle_udp_packet: [728] got unknown udp packet type 0x6d30f7, len 109 from 127.0.0.1:63358
Aug 16 22:55:28 [debug] pvpgn::bnetd::_client_startgame4: [700] got startgame4 status for game "ssl" is 0x00000010 (gametype=0x2001 option=0x0049, flag=0x0000)
Aug 16 22:55:32 [debug] pvpgn::bnetd::_client_startgame4: [700] got startgame4 status for game "ssl" is 0x00000010 (gametype=0x2001 option=0x0049, flag=0x0000)
Aug 16 22:55:34 [debug] pvpgn::bnetd::handle_udp_packet: [728] got unknown udp packet type 0x6d30f7, len 109 from 192.168.1.31:63358
Aug 16 22:55:34 [debug] pvpgn::bnetd::handle_udp_packet: [728] got unknown udp packet type 0x6d30f7, len 109 from 127.0.0.1:63358
Aug 16 22:55:34 [debug] pvpgn::bnetd::_client_startgame4: [700] got startgame4 status for game "ssl" is 0x00000010 (gametype=0x2001 option=0x0049, flag=0x0000)
Aug 16 22:55:38 [debug] pvpgn::bnetd::_client_startgame4: [700] got startgame4 status for game "ssl" is 0x00000010 (gametype=0x2001 option=0x0049, flag=0x0000)
Aug 16 22:55:39 [debug] pvpgn::bnetd::handle_udp_packet: [728] got unknown udp packet type 0x6d30f7, len 109 from 192.168.1.31:63358
Aug 16 22:55:39 [debug] pvpgn::bnetd::handle_udp_packet: [728] got unknown udp packet type 0x6d30f7, len 109 from 127.0.0.1:63358
Aug 16 22:55:41 [debug] pvpgn::bnetd::_client_startgame4: [700] got startgame4 status for game "ssl" is 0x00000010 (gametype=0x2001 option=0x0049, flag=0x0000)
Aug 16 22:55:43 [debug] pvpgn::bnetd::handle_udp_packet: [728] got unknown udp packet type 0x6d30f7, len 109 from 192.168.1.31:63358
Aug 16 22:55:43 [debug] pvpgn::bnetd::handle_udp_packet: [728] got unknown udp packet type 0x6d30f7, len 109 from 127.0.0.1:63358
Aug 16 22:55:43 [debug] pvpgn::bnetd::_client_startgame4: [700] got startgame4 status for game "ssl" is 0x00000010 (gametype=0x2001 option=0x0049, flag=0x0000)
Aug 16 22:55:46 [debug] pvpgn::bnetd::_client_startgame4: [700] got startgame4 status for game "ssl" is 0x00000010 (gametype=0x2001 option=0x0049, flag=0x0000)
Aug 16 22:55:48 [debug] pvpgn::bnetd::handle_udp_packet: [728] got unknown udp packet type 0x6d30f7, len 109 from 192.168.1.31:63358
Aug 16 22:55:48 [debug] pvpgn::bnetd::handle_udp_packet: [728] got unknown udp packet type 0x6d30f7, len 109 from 127.0.0.1:63358
Aug 16 22:55:50 [debug] pvpgn::bnetd::_client_startgame4: [700] got startgame4 status for game "ssl" is 0x00000010 (gametype=0x2001 option=0x0049, flag=0x0000)
Aug 16 22:55:52 [debug] pvpgn::bnetd::_client_startgame4: [700] got startgame4 status for game "ssl" is 0x00000010 (gametype=0x2001 option=0x0049, flag=0x0000)
Aug 16 22:55:53 [debug] pvpgn::bnetd::handle_udp_packet: [728] got unknown udp packet type 0x6d30f7, len 109 from 192.168.1.31:63358
Aug 16 22:55:53 [debug] pvpgn::bnetd::handle_udp_packet: [728] got unknown udp packet type 0x6d30f7, len 109 from 127.0.0.1:63358
Aug 16 22:55:55 [debug] pvpgn::bnetd::_client_startgame4: [700] got startgame4 status for game "ssl" is 0x00000010 (gametype=0x2001 option=0x0049, flag=0x0000)
Aug 16 22:55:58 [debug] pvpgn::bnetd::handle_udp_packet: [728] got unknown udp packet type 0x6d30f7, len 109 from 192.168.1.31:63358
Aug 16 22:55:58 [debug] pvpgn::bnetd::handle_udp_packet: [728] got unknown udp packet type 0x6d30f7, len 109 from 127.0.0.1:63358
Aug 16 22:55:58 [debug] pvpgn::bnetd::_client_startgame4: [700] got startgame4 status for game "ssl" is 0x00000010 (gametype=0x2001 option=0x0049, flag=0x0000)
Aug 16 22:56:01 [debug] pvpgn::bnetd::_client_startgame4: [700] got startgame4 status for game "ssl" is 0x00000010 (gametype=0x2001 option=0x0049, flag=0x0000)
Aug 16 22:56:03 [debug] pvpgn::bnetd::handle_udp_packet: [728] got unknown udp packet type 0x6d30f7, len 109 from 192.168.1.31:63358
Aug 16 22:56:03 [debug] pvpgn::bnetd::handle_udp_packet: [728] got unknown udp packet type 0x6d30f7, len 109 from 127.0.0.1:63358
Aug 16 22:56:04 [debug] pvpgn::bnetd::_client_startgame4: [700] got startgame4 status for game "ssl" is 0x00000010 (gametype=0x2001 option=0x0049, flag=0x0000)
Aug 16 22:56:07 [debug] pvpgn::bnetd::_client_startgame4: [700] got startgame4 status for game "ssl" is 0x00000010 (gametype=0x2001 option=0x0049, flag=0x0000)
Aug 16 22:56:08 [debug] pvpgn::bnetd::handle_udp_packet: [728] got unknown udp packet type 0x6d30f7, len 109 from 192.168.1.31:63358
Aug 16 22:56:08 [debug] pvpgn::bnetd::handle_udp_packet: [728] got unknown udp packet type 0x6d30f7, len 109 from 127.0.0.1:63358
Aug 16 22:56:10 [debug] pvpgn::bnetd::_client_startgame4: [700] got startgame4 status for game "ssl" is 0x00000010 (gametype=0x2001 option=0x0049, flag=0x0000)
Aug 16 22:56:13 [debug] pvpgn::bnetd::handle_udp_packet: [728] got unknown udp packet type 0x6d30f7, len 109 from 192.168.1.31:63358
Aug 16 22:56:13 [debug] pvpgn::bnetd::handle_udp_packet: [728] got unknown udp packet type 0x6d30f7, len 109 from 127.0.0.1:63358
Aug 16 22:56:13 [debug] pvpgn::bnetd::_client_startgame4: [700] got startgame4 status for game "ssl" is 0x00000010 (gametype=0x2001 option=0x0049, flag=0x0000)
Aug 16 22:56:16 [debug] pvpgn::bnetd::_client_startgame4: [700] got startgame4 status for game "ssl" is 0x00000010 (gametype=0x2001 option=0x0049, flag=0x0000)
Aug 16 22:56:19 [debug] pvpgn::bnetd::handle_udp_packet: [728] got unknown udp packet type 0x6d30f7, len 109 from 192.168.1.31:63358
Aug 16 22:56:19 [debug] pvpgn::bnetd::handle_udp_packet: [728] got unknown udp packet type 0x6d30f7, len 109 from 127.0.0.1:63358
Aug 16 22:56:19 [debug] pvpgn::bnetd::_client_startgame4: [700] got startgame4 status for game "ssl" is 0x00000010 (gametype=0x2001 option=0x0049, flag=0x0000)
Aug 16 22:56:23 [debug] pvpgn::bnetd::_client_startgame4: [700] got startgame4 status for game "ssl" is 0x00000010 (gametype=0x2001 option=0x0049, flag=0x0000)
Aug 16 22:56:23 [debug] pvpgn::bnetd::handle_udp_packet: [728] got unknown udp packet type 0x6d30f7, len 109 from 192.168.1.31:63358
Aug 16 22:56:23 [debug] pvpgn::bnetd::handle_udp_packet: [728] got unknown udp packet type 0x6d30f7, len 109 from 127.0.0.1:63358
Aug 16 22:56:25 [debug] pvpgn::bnetd::ipbanlist_check: lastcheck: 1786938832, now: 1786938985, now-lc: 153.
Aug 16 22:56:25 [debug] pvpgn::bnetd::ipbanlist_check: checking 38.250.158.175
Aug 16 22:56:25 [info ] pvpgn::bnetd::sd_accept: [600] accepted connection from 38.250.158.175:12141 on 0.0.0.0:6112
Aug 16 22:56:25 [debug] pvpgn::bnetd::conn_create: [600][728] sessionkey=0x1786954107 sessionnum=0x00000013
Aug 16 22:56:25 [debug] pvpgn::bnetd::sd_accept: [600] client connected to a bnet listening address
Aug 16 22:56:25 [info ] pvpgn::bnetd::handle_init_packet: [600] client initiated bnet connection
Aug 16 22:56:25 [debug] pvpgn::bnetd::conn_set_class: added latency check timer
Aug 16 22:56:26 [debug] pvpgn::bnetd::_client_startgame4: [700] got startgame4 status for game "ssl" is 0x00000010 (gametype=0x2001 option=0x0049, flag=0x0000)
Aug 16 22:56:26 [debug] pvpgn::bnetd::_client_auth_info: [600] AUTH_INFO packet { protocol=0x0, platform=IX86, product=W3XP, versionid=0x1b, language=esES, localip=0x1512a8c0, tzbias=012c, locale=10250, language=3082, country=PER.Peru }
Aug 16 22:56:26 [info ] pvpgn::bnetd::conn_set_gamelang: [600] setting client gamelang to "esES"
Aug 16 22:56:26 [info ] pvpgn::bnetd::conn_set_client_localip: [IPC] [600] client_localip set to 21.18.168.192 (public_ip=38.250.158.175)
Aug 16 22:56:26 [debug] pvpgn::bnetd::_client_auth_info: [600] selected "ver-IX86-1.mpq" "B=454282227 C=2370009462 A=2264812340 4 A=A^S B=B-C C=C-A A=A+B"
Aug 16 22:56:26 [info ] pvpgn::bnetd::_client_authreq109: [600] CLIENT_AUTHREQ_109 ticks=0x102f117d, verstr=1.27.1.173 exeinfo="war3.exe 05/20/25 02:31:49 515048" versionid=0x0000001b gameversion=0x011b01ad checksum=0x4026b5b0
Aug 16 22:56:26 [info ] pvpgn::bnetd::_client_authreq109: [600] client matches versiontag "W3XP_127B"
Aug 16 22:56:26 [info ] pvpgn::bnetd::_client_authreq109: [600] no upgrade is available
Aug 16 22:56:26 [info ] pvpgn::bnetd::_client_fileinforeq: [600] file requested: "termsofservice-esES.txt" - type = 0x01
Aug 16 22:56:26 [info ] pvpgn::bnetd::_client_fileinforeq: [600] file requested: "newaccount-esES.txt" - type = 0x02
Aug 16 22:56:26 [info ] pvpgn::bnetd::_client_fileinforeq: [600] file requested: "chathelp-war3-esES.txt" - type = 0x03
Aug 16 22:56:27 [info ] pvpgn::bnetd::_client_fileinforeq: [600] file requested: "bnserver-WAR3.ini" - type = 0x05
Aug 16 22:56:28 [debug] pvpgn::bnetd::handle_udp_packet: [728] got unknown udp packet type 0x6d30f7, len 109 from 192.168.1.31:63358
Aug 16 22:56:28 [debug] pvpgn::bnetd::handle_udp_packet: [728] got unknown udp packet type 0x6d30f7, len 109 from 127.0.0.1:63358
Aug 16 22:56:28 [debug] pvpgn::bnetd::_client_startgame4: [700] got startgame4 status for game "ssl" is 0x00000010 (gametype=0x2001 option=0x0049, flag=0x0000)
Aug 16 22:56:31 [debug] pvpgn::bnetd::_client_startgame4: [700] got startgame4 status for game "ssl" is 0x00000010 (gametype=0x2001 option=0x0049, flag=0x0000)
Aug 16 22:56:33 [info ] pvpgn::bnetd::_client_loginreqw3: [600] (W3) "Mallowfrk" passed account check
Aug 16 22:56:33 [info ] pvpgn::bnetd::_client_logonproofreq: [600] logon proof requested
Aug 16 22:56:33 [info ] pvpgn::bnetd::_client_logonproofreq: [600] (W3) "Mallowfrk" logged in (right password)
Aug 16 22:56:33 [debug] pvpgn::bnetd::ipc_register_user: [IPC] No hay MapClient para ip_pub=38.250.158.175 ip_local=192.168.18.21 (resp: NOT_FOUND)
Aug 16 22:56:33 [debug] pvpgn::bnetd::_client_anongame_infos: client_tag request tagid=(0x0) tag=(CLIENT_FINDANONGAME_INFOTAG_URL)  tag_unk=(0x0000)
Aug 16 22:56:33 [debug] pvpgn::bnetd::_client_anongame_infos: client_tag request tagid=(0x1) tag=(CLIENT_FINDANONGAME_INFOTAG_MAP)  tag_unk=(0x0000)
Aug 16 22:56:33 [debug] pvpgn::bnetd::_client_anongame_infos: client_tag request tagid=(0x2) tag=(CLIENT_FINDANONGAME_INFOTAG_TYPE) tag_unk=(0x0000)
Aug 16 22:56:33 [debug] pvpgn::bnetd::_client_anongame_infos: client_tag request tagid=(0x3) tag=(CLIENT_FINDANONGAME_INFOTAG_DESC) tag_unk=(0x0000)
Aug 16 22:56:33 [debug] pvpgn::bnetd::_client_anongame_infos: client_tag request tagid=(0x4) tag=(CLIENT_FINDANONGAME_INFOTAG_LADR) tag_unk=(0x0000)
Aug 16 22:56:33 [debug] pvpgn::bnetd::handle_udp_packet: [728] got unknown udp packet type 0x6d30f7, len 109 from 192.168.1.31:63358
Aug 16 22:56:33 [debug] pvpgn::bnetd::handle_udp_packet: [728] got unknown udp packet type 0x6d30f7, len 109 from 127.0.0.1:63358
Aug 16 22:56:34 [debug] pvpgn::bnetd::_client_startgame4: [700] got startgame4 status for game "ssl" is 0x00000010 (gametype=0x2001 option=0x0049, flag=0x0000)
Aug 16 22:56:37 [debug] pvpgn::bnetd::_client_startgame4: [700] got startgame4 status for game "ssl" is 0x00000010 (gametype=0x2001 option=0x0049, flag=0x0000)
Aug 16 22:56:38 [debug] pvpgn::bnetd::handle_udp_packet: [728] got unknown udp packet type 0x6d30f7, len 109 from 192.168.1.31:63358
Aug 16 22:56:38 [debug] pvpgn::bnetd::handle_udp_packet: [728] got unknown udp packet type 0x6d30f7, len 109 from 127.0.0.1:63358
Aug 16 22:56:40 [debug] pvpgn::bnetd::_client_startgame4: [700] got startgame4 status for game "ssl" is 0x00000010 (gametype=0x2001 option=0x0049, flag=0x0000)
Aug 16 22:56:42 [debug] pvpgn::bnetd::_client_gamelistreq: GAMELISTREPLY looking for public games tag="W3XP" bngtype=0x0000e000 gtype=all
Aug 16 22:56:42 [debug] pvpgn::bnetd::_glist_cb: [600] considering listing game="ssl", pass="" clienttag="W3XP" gtype=1
Aug 16 22:56:42 [debug] pvpgn::trans_net: checking 192.168.1.1:6117 for client 38.250.158.175 ...
Aug 16 22:56:42 [debug] pvpgn::trans_net: against entry -> 127.0.0.1:6112 output 190.237.156.139:6112 network 0.0.0.0/0x00000000
Aug 16 22:56:42 [debug] pvpgn::trans_net: entry does match input address
Aug 16 22:56:42 [debug] pvpgn::trans_net: against entry -> 192.168.1.1:6112 output 190.237.156.139:6112 network 0.0.0.0/0x00000000
Aug 16 22:56:42 [debug] pvpgn::trans_net: entry does match input address
Aug 16 22:56:42 [debug] pvpgn::trans_net: against entry -> 192.168.1.1:6125 output 190.237.156.139:6125 network 0.0.0.0/0x00000000
Aug 16 22:56:42 [debug] pvpgn::trans_net: entry does match input address
Aug 16 22:56:42 [debug] pvpgn::trans_net: against entry -> 192.168.1.1:6114 output 190.237.156.139:6114 network 0.0.0.0/0x00000000
Aug 16 22:56:42 [debug] pvpgn::trans_net: entry does match input address
Aug 16 22:56:42 [debug] pvpgn::trans_net: against entry -> 192.168.1.1:6115 output 190.237.156.139:6115 network 0.0.0.0/0x00000000
Aug 16 22:56:42 [debug] pvpgn::trans_net: entry does match input address
Aug 16 22:56:42 [debug] pvpgn::trans_net: against entry -> 192.168.1.1:6116 output 190.237.156.139:6116 network 0.0.0.0/0x00000000
Aug 16 22:56:42 [debug] pvpgn::trans_net: entry does match input address
Aug 16 22:56:42 [debug] pvpgn::trans_net: against entry -> 192.168.1.1:6117 output 190.237.156.139:6117 network 0.0.0.0/0x00000000
Aug 16 22:56:42 [debug] pvpgn::trans_net: 192.168.1.1:6117 translated to 190.237.156.139:6117
Aug 16 22:56:42 [debug] pvpgn::bnetd::_client_gamelistreq: [600] GAMELISTREPLY sent 1 of 1 games
Aug 16 22:56:43 [debug] pvpgn::bnetd::handle_udp_packet: [728] got unknown udp packet type 0x6d30f7, len 109 from 192.168.1.31:63358
Aug 16 22:56:43 [debug] pvpgn::bnetd::handle_udp_packet: [728] got unknown udp packet type 0x6d30f7, len 109 from 127.0.0.1:63358
Aug 16 22:56:43 [debug] pvpgn::bnetd::_client_startgame4: [700] got startgame4 status for game "ssl" is 0x00000010 (gametype=0x2001 option=0x0049, flag=0x0000)
Aug 16 22:56:46 [debug] pvpgn::bnetd::_client_joingame: [600] trying to join game "ssl" pass=""
Aug 16 22:56:46 [info ] pvpgn::bnetd::_client_joingame: [600] "Mallowfrk" joined game "ssl"
Aug 16 22:56:47 [debug] pvpgn::bnetd::_client_startgame4: [700] got startgame4 status for game "ssl" is 0x00000010 (gametype=0x2001 option=0x0049, flag=0x0000)
Aug 16 22:56:48 [debug] pvpgn::bnetd::handle_udp_packet: [728] got unknown udp packet type 0x6d30f7, len 109 from 192.168.1.31:63358
Aug 16 22:56:48 [debug] pvpgn::bnetd::handle_udp_packet: [728] got unknown udp packet type 0x6d30f7, len 109 from 127.0.0.1:63358
Aug 16 22:56:52 [debug] pvpgn::bnetd::_client_startgame4: [700] got startgame4 status for game "ssl" is 0x00000010 (gametype=0x2001 option=0x0049, flag=0x0000)
Aug 16 22:56:53 [debug] pvpgn::bnetd::handle_udp_packet: [728] got unknown udp packet type 0x6d30f7, len 109 from 192.168.1.31:63358
Aug 16 22:56:53 [debug] pvpgn::bnetd::handle_udp_packet: [728] got unknown udp packet type 0x6d30f7, len 109 from 127.0.0.1:63358
Aug 16 22:56:54 [debug] pvpgn::bnetd::_client_startgame4: [700] got startgame4 status for game "ssl" is 0x00000010 (gametype=0x2001 option=0x0049, flag=0x0000)
Aug 16 22:56:57 [debug] pvpgn::bnetd::_client_startgame4: [700] got startgame4 status for game "ssl" is 0x00000010 (gametype=0x2001 option=0x0049, flag=0x0000)
Aug 16 22:56:59 [debug] pvpgn::bnetd::handle_udp_packet: [728] got unknown udp packet type 0x6d30f7, len 109 from 192.168.1.31:63358
Aug 16 22:56:59 [debug] pvpgn::bnetd::handle_udp_packet: [728] got unknown udp packet type 0x6d30f7, len 109 from 127.0.0.1:63358
Aug 16 22:56:59 [debug] pvpgn::bnetd::_client_startgame4: [700] got startgame4 status for game "ssl" is 0x00000010 (gametype=0x2001 option=0x0049, flag=0x0000)
Aug 16 22:57:02 [debug] pvpgn::bnetd::_client_startgame4: [700] got startgame4 status for game "ssl" is 0x00000010 (gametype=0x2001 option=0x0049, flag=0x0000)
Aug 16 22:57:03 [debug] pvpgn::bnetd::handle_udp_packet: [728] got unknown udp packet type 0x6d30f7, len 109 from 192.168.1.31:63358
Aug 16 22:57:03 [debug] pvpgn::bnetd::handle_udp_packet: [728] got unknown udp packet type 0x6d30f7, len 109 from 127.0.0.1:63358
Aug 16 22:57:04 [debug] pvpgn::bnetd::_client_startgame4: [700] got startgame4 status for game "ssl" is 0x00000010 (gametype=0x2001 option=0x0049, flag=0x0000)
Aug 16 22:57:08 [debug] pvpgn::bnetd::_client_startgame4: [700] got startgame4 status for game "ssl" is 0x00000010 (gametype=0x2001 option=0x0049, flag=0x0000)
Aug 16 22:57:08 [debug] pvpgn::bnetd::handle_udp_packet: [728] got unknown udp packet type 0x6d30f7, len 109 from 192.168.1.31:63358
Aug 16 22:57:08 [debug] pvpgn::bnetd::handle_udp_packet: [728] got unknown udp packet type 0x6d30f7, len 109 from 127.0.0.1:63358
Aug 16 22:57:11 [debug] pvpgn::bnetd::_client_startgame4: [700] got startgame4 status for game "ssl" is 0x00000010 (gametype=0x2001 option=0x0049, flag=0x0000)
Aug 16 22:57:13 [debug] pvpgn::bnetd::handle_udp_packet: [728] got unknown udp packet type 0x6d30f7, len 109 from 192.168.1.31:63358
Aug 16 22:57:13 [debug] pvpgn::bnetd::handle_udp_packet: [728] got unknown udp packet type 0x6d30f7, len 109 from 127.0.0.1:63358
Aug 16 22:57:13 [debug] pvpgn::bnetd::_client_startgame4: [700] got startgame4 status for game "ssl" is 0x00000010 (gametype=0x2001 option=0x0049, flag=0x0000)
Aug 16 22:57:16 [debug] pvpgn::bnetd::_client_startgame4: [700] got startgame4 status for game "ssl" is 0x00000010 (gametype=0x2001 option=0x0049, flag=0x0000)
Aug 16 22:57:18 [debug] pvpgn::bnetd::handle_udp_packet: [728] got unknown udp packet type 0x6d30f7, len 109 from 192.168.1.31:63358
Aug 16 22:57:18 [debug] pvpgn::bnetd::handle_udp_packet: [728] got unknown udp packet type 0x6d30f7, len 109 from 127.0.0.1:63358
Aug 16 22:57:19 [debug] pvpgn::bnetd::_client_startgame4: [700] got startgame4 status for game "ssl" is 0x00000010 (gametype=0x2001 option=0x0049, flag=0x0000)
Aug 16 22:57:22 [debug] pvpgn::bnetd::_client_startgame4: [700] got startgame4 status for game "ssl" is 0x00000010 (gametype=0x2001 option=0x0049, flag=0x0000)
Aug 16 22:57:23 [debug] pvpgn::bnetd::handle_udp_packet: [728] got unknown udp packet type 0x6d30f7, len 109 from 192.168.1.31:63358
Aug 16 22:57:23 [debug] pvpgn::bnetd::handle_udp_packet: [728] got unknown udp packet type 0x6d30f7, len 109 from 127.0.0.1:63358
Aug 16 22:57:24 [debug] pvpgn::bnetd::ipbanlist_check: lastcheck: 1786938985, now: 1786939044, now-lc: 59.
Aug 16 22:57:24 [debug] pvpgn::bnetd::ipbanlist_check: checking 201.235.37.197
Aug 16 22:57:24 [info ] pvpgn::bnetd::sd_accept: [756] accepted connection from 201.235.37.197:62085 on 0.0.0.0:6112
Aug 16 22:57:24 [debug] pvpgn::bnetd::conn_create: [756][728] sessionkey=0x1786959808 sessionnum=0x00000014
Aug 16 22:57:24 [debug] pvpgn::bnetd::sd_accept: [756] client connected to a bnet listening address
Aug 16 22:57:24 [info ] pvpgn::bnetd::handle_init_packet: [756] client initiated bnet connection
Aug 16 22:57:24 [debug] pvpgn::bnetd::conn_set_class: added latency check timer
Aug 16 22:57:24 [debug] pvpgn::bnetd::_client_auth_info: [756] AUTH_INFO packet { protocol=0x0, platform=IX86, product=W3XP, versionid=0x1b, language=esES, localip=0x6c01a8c0, tzbias=00b4, locale=11274, language=2058, country=ARG.Argentina }
Aug 16 22:57:24 [info ] pvpgn::bnetd::conn_set_gamelang: [756] setting client gamelang to "esES"
Aug 16 22:57:24 [info ] pvpgn::bnetd::conn_set_client_localip: [IPC] [756] client_localip set to 108.1.168.192 (public_ip=201.235.37.197)
Aug 16 22:57:24 [debug] pvpgn::bnetd::_client_auth_info: [756] selected "ver-IX86-1.mpq" "B=454282227 C=2370009462 A=2264812340 4 A=A^S B=B-C C=C-A A=A+B"
Aug 16 22:57:24 [info ] pvpgn::bnetd::_client_authreq109: [756] CLIENT_AUTHREQ_109 ticks=0x002f30ee, verstr=1.27.1.173 exeinfo="war3.exe 10/16/23 00:57:48 515048" versionid=0x0000001b gameversion=0x011b01ad checksum=0x4026b5b0
Aug 16 22:57:24 [info ] pvpgn::bnetd::_client_authreq109: [756] client matches versiontag "W3XP_127B"
Aug 16 22:57:24 [info ] pvpgn::bnetd::_client_authreq109: [756] no upgrade is available
Aug 16 22:57:24 [info ] pvpgn::bnetd::_client_fileinforeq: [756] file requested: "termsofservice-esES.txt" - type = 0x01
Aug 16 22:57:24 [info ] pvpgn::bnetd::_client_fileinforeq: [756] file requested: "newaccount-esES.txt" - type = 0x02
Aug 16 22:57:24 [info ] pvpgn::bnetd::_client_fileinforeq: [756] file requested: "chathelp-war3-esES.txt" - type = 0x03
Aug 16 22:57:25 [debug] pvpgn::bnetd::_client_startgame4: [700] got startgame4 status for game "ssl" is 0x00000010 (gametype=0x2001 option=0x0049, flag=0x0000)
Aug 16 22:57:26 [info ] pvpgn::bnetd::_client_fileinforeq: [756] file requested: "bnserver-WAR3.ini" - type = 0x05
Aug 16 22:57:29 [debug] pvpgn::bnetd::handle_udp_packet: [728] got unknown udp packet type 0x6d30f7, len 109 from 192.168.1.31:63358
Aug 16 22:57:29 [debug] pvpgn::bnetd::handle_udp_packet: [728] got unknown udp packet type 0x6d30f7, len 109 from 127.0.0.1:63358
Aug 16 22:57:29 [debug] pvpgn::bnetd::_client_startgame4: [700] got startgame4 status for game "ssl" is 0x00000010 (gametype=0x2001 option=0x0049, flag=0x0000)
Aug 16 22:57:29 [info ] pvpgn::bnetd::_client_loginreqw3: [756] (W3) "ravenmatt" passed account check
Aug 16 22:57:30 [info ] pvpgn::bnetd::_client_logonproofreq: [756] logon proof requested
Aug 16 22:57:30 [info ] pvpgn::bnetd::_client_logonproofreq: [756] (W3) "ravenmatt" logged in (right password)
Aug 16 22:57:30 [debug] pvpgn::bnetd::ipc_register_user: [IPC] No hay MapClient para ip_pub=201.235.37.197 ip_local=192.168.1.108 (resp: NOT_FOUND)
Aug 16 22:57:30 [debug] pvpgn::bnetd::_client_anongame_infos: client_tag request tagid=(0x0) tag=(CLIENT_FINDANONGAME_INFOTAG_URL)  tag_unk=(0x0000)
Aug 16 22:57:30 [debug] pvpgn::bnetd::_client_anongame_infos: client_tag request tagid=(0x1) tag=(CLIENT_FINDANONGAME_INFOTAG_MAP)  tag_unk=(0x0000)
Aug 16 22:57:30 [debug] pvpgn::bnetd::_client_anongame_infos: client_tag request tagid=(0x2) tag=(CLIENT_FINDANONGAME_INFOTAG_TYPE) tag_unk=(0x0000)
Aug 16 22:57:30 [debug] pvpgn::bnetd::_client_anongame_infos: client_tag request tagid=(0x3) tag=(CLIENT_FINDANONGAME_INFOTAG_DESC) tag_unk=(0x0000)
Aug 16 22:57:30 [debug] pvpgn::bnetd::_client_anongame_infos: client_tag request tagid=(0x4) tag=(CLIENT_FINDANONGAME_INFOTAG_LADR) tag_unk=(0x0000)
Aug 16 22:57:31 [debug] pvpgn::bnetd::_client_startgame4: [700] got startgame4 status for game "ssl" is 0x00000010 (gametype=0x2001 option=0x0049, flag=0x0000)
Aug 16 22:57:34 [debug] pvpgn::bnetd::handle_udp_packet: [728] got unknown udp packet type 0x6d30f7, len 109 from 192.168.1.31:63358
Aug 16 22:57:34 [debug] pvpgn::bnetd::handle_udp_packet: [728] got unknown udp packet type 0x6d30f7, len 109 from 127.0.0.1:63358
Aug 16 22:57:34 [debug] pvpgn::bnetd::_client_startgame4: [700] got startgame4 status for game "ssl" is 0x00000010 (gametype=0x2001 option=0x0049, flag=0x0000)
Aug 16 22:57:37 [debug] pvpgn::bnetd::_client_gamelistreq: GAMELISTREPLY looking for public games tag="W3XP" bngtype=0x0000e000 gtype=all
Aug 16 22:57:37 [debug] pvpgn::bnetd::_glist_cb: [756] considering listing game="ssl", pass="" clienttag="W3XP" gtype=1
Aug 16 22:57:37 [debug] pvpgn::trans_net: checking 192.168.1.1:6117 for client 201.235.37.197 ...
Aug 16 22:57:37 [debug] pvpgn::trans_net: against entry -> 127.0.0.1:6112 output 190.237.156.139:6112 network 0.0.0.0/0x00000000
Aug 16 22:57:37 [debug] pvpgn::trans_net: entry does match input address
Aug 16 22:57:37 [debug] pvpgn::trans_net: against entry -> 192.168.1.1:6112 output 190.237.156.139:6112 network 0.0.0.0/0x00000000
Aug 16 22:57:37 [debug] pvpgn::trans_net: entry does match input address
Aug 16 22:57:37 [debug] pvpgn::trans_net: against entry -> 192.168.1.1:6125 output 190.237.156.139:6125 network 0.0.0.0/0x00000000
Aug 16 22:57:37 [debug] pvpgn::trans_net: entry does match input address
Aug 16 22:57:37 [debug] pvpgn::trans_net: against entry -> 192.168.1.1:6114 output 190.237.156.139:6114 network 0.0.0.0/0x00000000
Aug 16 22:57:37 [debug] pvpgn::trans_net: entry does match input address
Aug 16 22:57:37 [debug] pvpgn::trans_net: against entry -> 192.168.1.1:6115 output 190.237.156.139:6115 network 0.0.0.0/0x00000000
Aug 16 22:57:37 [debug] pvpgn::trans_net: entry does match input address
Aug 16 22:57:37 [debug] pvpgn::trans_net: against entry -> 192.168.1.1:6116 output 190.237.156.139:6116 network 0.0.0.0/0x00000000
Aug 16 22:57:37 [debug] pvpgn::trans_net: entry does match input address
Aug 16 22:57:37 [debug] pvpgn::trans_net: against entry -> 192.168.1.1:6117 output 190.237.156.139:6117 network 0.0.0.0/0x00000000
Aug 16 22:57:37 [debug] pvpgn::trans_net: 192.168.1.1:6117 translated to 190.237.156.139:6117
Aug 16 22:57:37 [debug] pvpgn::bnetd::_client_gamelistreq: [756] GAMELISTREPLY sent 1 of 1 games
Aug 16 22:57:37 [debug] pvpgn::bnetd::_client_startgame4: [700] got startgame4 status for game "ssl" is 0x00000010 (gametype=0x2001 option=0x0049, flag=0x0000)
Aug 16 22:57:38 [debug] pvpgn::bnetd::handle_udp_packet: [728] got unknown udp packet type 0x6d30f7, len 109 from 192.168.1.31:63358
Aug 16 22:57:38 [debug] pvpgn::bnetd::handle_udp_packet: [728] got unknown udp packet type 0x6d30f7, len 109 from 127.0.0.1:63358
Aug 16 22:57:40 [debug] pvpgn::bnetd::_client_joingame: [756] trying to join game "ssl" pass=""
Aug 16 22:57:40 [info ] pvpgn::bnetd::_client_joingame: [756] "ravenmatt" joined game "ssl"
Aug 16 22:57:40 [debug] pvpgn::bnetd::_client_startgame4: [700] got startgame4 status for game "ssl" is 0x00000010 (gametype=0x2001 option=0x0049, flag=0x0000)
Aug 16 22:57:43 [debug] pvpgn::bnetd::handle_udp_packet: [728] got unknown udp packet type 0x6d30f7, len 109 from 192.168.1.31:63358
Aug 16 22:57:43 [debug] pvpgn::bnetd::handle_udp_packet: [728] got unknown udp packet type 0x6d30f7, len 109 from 127.0.0.1:63358
Aug 16 22:57:45 [debug] pvpgn::bnetd::_client_startgame4: [700] got startgame4 status for game "ssl" is 0x00000010 (gametype=0x2001 option=0x0049, flag=0x0000)
Aug 16 22:57:48 [debug] pvpgn::bnetd::_client_startgame4: [700] got startgame4 status for game "ssl" is 0x00000010 (gametype=0x2001 option=0x0049, flag=0x0000)
Aug 16 22:57:48 [debug] pvpgn::bnetd::handle_udp_packet: [728] got unknown udp packet type 0x6d30f7, len 109 from 192.168.1.31:63358
Aug 16 22:57:48 [debug] pvpgn::bnetd::handle_udp_packet: [728] got unknown udp packet type 0x6d30f7, len 109 from 127.0.0.1:63358
Aug 16 22:57:51 [debug] pvpgn::bnetd::_client_startgame4: [700] got startgame4 status for game "ssl" is 0x00000010 (gametype=0x2001 option=0x0049, flag=0x0000)
Aug 16 22:57:53 [debug] pvpgn::bnetd::_client_startgame4: [700] got startgame4 status for game "ssl" is 0x00000010 (gametype=0x2001 option=0x0049, flag=0x0000)
Aug 16 22:57:53 [debug] pvpgn::bnetd::handle_udp_packet: [728] got unknown udp packet type 0x6d30f7, len 109 from 192.168.1.31:63358
Aug 16 22:57:53 [debug] pvpgn::bnetd::handle_udp_packet: [728] got unknown udp packet type 0x6d30f7, len 109 from 127.0.0.1:63358
Aug 16 22:57:56 [debug] pvpgn::bnetd::_client_startgame4: [700] got startgame4 status for game "ssl" is 0x00000010 (gametype=0x2001 option=0x0049, flag=0x0000)
Aug 16 22:57:59 [debug] pvpgn::bnetd::handle_udp_packet: [728] got unknown udp packet type 0x6d30f7, len 109 from 192.168.1.31:63358
Aug 16 22:57:59 [debug] pvpgn::bnetd::handle_udp_packet: [728] got unknown udp packet type 0x6d30f7, len 109 from 127.0.0.1:63358
Aug 16 22:57:59 [debug] pvpgn::bnetd::_client_startgame4: [700] got startgame4 status for game "ssl" is 0x00000010 (gametype=0x2001 option=0x0049, flag=0x0000)
Aug 16 22:58:02 [debug] pvpgn::bnetd::_client_startgame4: [700] got startgame4 status for game "ssl" is 0x00000010 (gametype=0x2001 option=0x0049, flag=0x0000)
Aug 16 22:58:03 [debug] pvpgn::bnetd::handle_udp_packet: [728] got unknown udp packet type 0x6d30f7, len 109 from 192.168.1.31:63358
Aug 16 22:58:03 [debug] pvpgn::bnetd::handle_udp_packet: [728] got unknown udp packet type 0x6d30f7, len 109 from 127.0.0.1:63358
Aug 16 22:58:04 [debug] pvpgn::bnetd::_client_startgame4: [700] got startgame4 status for game "ssl" is 0x00000010 (gametype=0x2001 option=0x0049, flag=0x0000)
Aug 16 22:58:07 [debug] pvpgn::bnetd::_client_startgame4: [700] got startgame4 status for game "ssl" is 0x00000010 (gametype=0x2001 option=0x0049, flag=0x0000)
Aug 16 22:58:08 [debug] pvpgn::bnetd::ipbanlist_check: lastcheck: 1786939044, now: 1786939088, now-lc: 44.
Aug 16 22:58:08 [debug] pvpgn::bnetd::ipbanlist_check: checking 186.14.102.48
Aug 16 22:58:08 [info ] pvpgn::bnetd::sd_accept: [684] accepted connection from 186.14.102.48:51758 on 0.0.0.0:6112
Aug 16 22:58:08 [debug] pvpgn::bnetd::conn_create: [684][728] sessionkey=0x1786940177 sessionnum=0x00000015
Aug 16 22:58:08 [debug] pvpgn::bnetd::sd_accept: [684] client connected to a bnet listening address
Aug 16 22:58:08 [info ] pvpgn::bnetd::handle_init_packet: [684] client initiated bnet connection
Aug 16 22:58:08 [debug] pvpgn::bnetd::conn_set_class: added latency check timer
Aug 16 22:58:08 [debug] pvpgn::bnetd::handle_udp_packet: [728] got unknown udp packet type 0x6d30f7, len 109 from 192.168.1.31:63358
Aug 16 22:58:08 [debug] pvpgn::bnetd::handle_udp_packet: [728] got unknown udp packet type 0x6d30f7, len 109 from 127.0.0.1:63358
Aug 16 22:58:09 [debug] pvpgn::bnetd::_client_auth_info: [684] AUTH_INFO packet { protocol=0x0, platform=IX86, product=W3XP, versionid=0x1b, language=esES, localip=0xa501a8c0, tzbias=00f0, locale=8202, language=2058, country=VEN.Venezuela }
Aug 16 22:58:09 [info ] pvpgn::bnetd::conn_set_gamelang: [684] setting client gamelang to "esES"
Aug 16 22:58:09 [info ] pvpgn::bnetd::conn_set_client_localip: [IPC] [684] client_localip set to 165.1.168.192 (public_ip=186.14.102.48)
Aug 16 22:58:09 [debug] pvpgn::bnetd::_client_auth_info: [684] selected "ver-IX86-1.mpq" "B=454282227 C=2370009462 A=2264812340 4 A=A^S B=B-C C=C-A A=A+B"
Aug 16 22:58:09 [info ] pvpgn::bnetd::_client_authreq109: [684] CLIENT_AUTHREQ_109 ticks=0x17523eef, verstr=1.27.1.173 exeinfo="war3.exe 12/09/16 06:05:09 515048" versionid=0x0000001b gameversion=0x011b01ad checksum=0x4026b5b0
Aug 16 22:58:09 [info ] pvpgn::bnetd::_client_authreq109: [684] client matches versiontag "W3XP_127B"
Aug 16 22:58:09 [info ] pvpgn::bnetd::_client_authreq109: [684] no upgrade is available
Aug 16 22:58:09 [info ] pvpgn::bnetd::_client_fileinforeq: [684] file requested: "termsofservice-esES.txt" - type = 0x01
Aug 16 22:58:09 [info ] pvpgn::bnetd::_client_fileinforeq: [684] file requested: "newaccount-esES.txt" - type = 0x02
Aug 16 22:58:09 [info ] pvpgn::bnetd::_client_fileinforeq: [684] file requested: "chathelp-war3-esES.txt" - type = 0x03
Aug 16 22:58:10 [debug] pvpgn::bnetd::_client_startgame4: [700] got startgame4 status for game "ssl" is 0x00000010 (gametype=0x2001 option=0x0049, flag=0x0000)
Aug 16 22:58:11 [info ] pvpgn::bnetd::_client_fileinforeq: [684] file requested: "bnserver-WAR3.ini" - type = 0x05
Aug 16 22:58:13 [debug] pvpgn::bnetd::handle_udp_packet: [728] got unknown udp packet type 0x6d30f7, len 109 from 192.168.1.31:63358
Aug 16 22:58:13 [debug] pvpgn::bnetd::handle_udp_packet: [728] got unknown udp packet type 0x6d30f7, len 109 from 127.0.0.1:63358
Aug 16 22:58:13 [debug] pvpgn::bnetd::_client_startgame4: [700] got startgame4 status for game "ssl" is 0x00000010 (gametype=0x2001 option=0x0049, flag=0x0000)
Aug 16 22:58:16 [info ] pvpgn::bnetd::_client_loginreqw3: [684] (W3) "Venecopenecus" passed account check
Aug 16 22:58:16 [info ] pvpgn::bnetd::_client_logonproofreq: [684] logon proof requested
Aug 16 22:58:16 [info ] pvpgn::bnetd::_client_logonproofreq: [684] (W3) got wrong client password proof for "Venecopenecus"
Aug 16 22:58:16 [debug] pvpgn::bnetd::_client_startgame4: [700] got startgame4 status for game "ssl" is 0x00000010 (gametype=0x2001 option=0x0049, flag=0x0000)
Aug 16 22:58:18 [debug] pvpgn::bnetd::handle_udp_packet: [728] got unknown udp packet type 0x6d30f7, len 109 from 192.168.1.31:63358
Aug 16 22:58:18 [debug] pvpgn::bnetd::handle_udp_packet: [728] got unknown udp packet type 0x6d30f7, len 109 from 127.0.0.1:63358
Aug 16 22:58:19 [info ] pvpgn::bnetd::_client_loginreqw3: [684] (W3) "Venecopenecus" passed account check
Aug 16 22:58:19 [info ] pvpgn::bnetd::_client_logonproofreq: [684] logon proof requested
Aug 16 22:58:19 [info ] pvpgn::bnetd::_client_logonproofreq: [684] (W3) got wrong client password proof for "Venecopenecus"
Aug 16 22:58:19 [debug] pvpgn::bnetd::_client_startgame4: [700] got startgame4 status for game "ssl" is 0x00000010 (gametype=0x2001 option=0x0049, flag=0x0000)
Aug 16 22:58:22 [debug] pvpgn::bnetd::_client_startgame4: [700] got startgame4 status for game "ssl" is 0x00000010 (gametype=0x2001 option=0x0049, flag=0x0000)
Aug 16 22:58:23 [debug] pvpgn::bnetd::handle_udp_packet: [728] got unknown udp packet type 0x6d30f7, len 109 from 192.168.1.31:63358
Aug 16 22:58:23 [debug] pvpgn::bnetd::handle_udp_packet: [728] got unknown udp packet type 0x6d30f7, len 109 from 127.0.0.1:63358
Aug 16 22:58:24 [info ] pvpgn::bnetd::_client_loginreqw3: [684] (W3) "Venecopenecus" passed account check
Aug 16 22:58:24 [info ] pvpgn::bnetd::_client_logonproofreq: [684] logon proof requested
Aug 16 22:58:24 [info ] pvpgn::bnetd::_client_logonproofreq: [684] (W3) got wrong client password proof for "Venecopenecus"
Aug 16 22:58:25 [debug] pvpgn::bnetd::_client_startgame4: [700] got startgame4 status for game "ssl" is 0x00000010 (gametype=0x2001 option=0x0049, flag=0x0000)
Aug 16 22:58:27 [info ] pvpgn::bnetd::_client_loginreqw3: [684] (W3) "Venecopenecus" passed account check
Aug 16 22:58:27 [info ] pvpgn::bnetd::_client_logonproofreq: [684] logon proof requested
Aug 16 22:58:27 [info ] pvpgn::bnetd::_client_logonproofreq: [684] (W3) "Venecopenecus" logged in (right password)
Aug 16 22:58:27 [debug] pvpgn::bnetd::ipc_register_user: [IPC] No hay MapClient para ip_pub=186.14.102.48 ip_local=192.168.1.165 (resp: NOT_FOUND)
Aug 16 22:58:27 [debug] pvpgn::bnetd::_client_anongame_infos: client_tag request tagid=(0x0) tag=(CLIENT_FINDANONGAME_INFOTAG_URL)  tag_unk=(0x0000)
Aug 16 22:58:27 [debug] pvpgn::bnetd::_client_anongame_infos: client_tag request tagid=(0x1) tag=(CLIENT_FINDANONGAME_INFOTAG_MAP)  tag_unk=(0x0000)
Aug 16 22:58:27 [debug] pvpgn::bnetd::_client_anongame_infos: client_tag request tagid=(0x2) tag=(CLIENT_FINDANONGAME_INFOTAG_TYPE) tag_unk=(0x0000)
Aug 16 22:58:27 [debug] pvpgn::bnetd::_client_anongame_infos: client_tag request tagid=(0x3) tag=(CLIENT_FINDANONGAME_INFOTAG_DESC) tag_unk=(0x0000)
Aug 16 22:58:27 [debug] pvpgn::bnetd::_client_anongame_infos: client_tag request tagid=(0x4) tag=(CLIENT_FINDANONGAME_INFOTAG_LADR) tag_unk=(0x0000)
Aug 16 22:58:28 [debug] pvpgn::bnetd::handle_udp_packet: [728] got unknown udp packet type 0x6d30f7, len 109 from 192.168.1.31:63358
Aug 16 22:58:28 [debug] pvpgn::bnetd::handle_udp_packet: [728] got unknown udp packet type 0x6d30f7, len 109 from 127.0.0.1:63358
Aug 16 22:58:28 [debug] pvpgn::bnetd::_client_startgame4: [700] got startgame4 status for game "ssl" is 0x00000010 (gametype=0x2001 option=0x0049, flag=0x0000)
Aug 16 22:58:31 [debug] pvpgn::bnetd::ipbanlist_check: lastcheck: 1786939088, now: 1786939111, now-lc: 23.
Aug 16 22:58:31 [debug] pvpgn::bnetd::ipbanlist_check: checking 38.171.241.56
Aug 16 22:58:31 [info ] pvpgn::bnetd::sd_accept: [368] accepted connection from 38.171.241.56:55745 on 0.0.0.0:6112
Aug 16 22:58:31 [debug] pvpgn::bnetd::conn_create: [368][728] sessionkey=0x1786941816 sessionnum=0x00000016
Aug 16 22:58:31 [debug] pvpgn::bnetd::sd_accept: [368] client connected to a bnet listening address
Aug 16 22:58:31 [info ] pvpgn::bnetd::handle_init_packet: [368] client initiated bnet connection
Aug 16 22:58:31 [debug] pvpgn::bnetd::conn_set_class: added latency check timer
Aug 16 22:58:31 [debug] pvpgn::bnetd::_client_startgame4: [700] got startgame4 status for game "ssl" is 0x00000010 (gametype=0x2001 option=0x0049, flag=0x0000)
Aug 16 22:58:32 [debug] pvpgn::bnetd::_client_auth_info: [368] AUTH_INFO packet { protocol=0x0, platform=IX86, product=W3XP, versionid=0x1b, language=esES, localip=0xe588a8c0, tzbias=00f0, locale=8202, language=3082, country=VEN.Venezuela }
Aug 16 22:58:32 [info ] pvpgn::bnetd::conn_set_gamelang: [368] setting client gamelang to "esES"
Aug 16 22:58:32 [info ] pvpgn::bnetd::conn_set_client_localip: [IPC] [368] client_localip set to 229.136.168.192 (public_ip=38.171.241.56)
Aug 16 22:58:32 [debug] pvpgn::bnetd::_client_auth_info: [368] selected "ver-IX86-1.mpq" "B=454282227 C=2370009462 A=2264812340 4 A=A^S B=B-C C=C-A A=A+B"
Aug 16 22:58:32 [info ] pvpgn::bnetd::_client_authreq109: [368] CLIENT_AUTHREQ_109 ticks=0x01a13963, verstr=1.27.1.173 exeinfo="war3.exe 12/09/16 06:05:09 515048" versionid=0x0000001b gameversion=0x011b01ad checksum=0x4026b5b0
Aug 16 22:58:32 [info ] pvpgn::bnetd::_client_authreq109: [368] client matches versiontag "W3XP_127B"
Aug 16 22:58:32 [info ] pvpgn::bnetd::_client_authreq109: [368] no upgrade is available
Aug 16 22:58:32 [info ] pvpgn::bnetd::_client_fileinforeq: [368] file requested: "termsofservice-esES.txt" - type = 0x01
Aug 16 22:58:32 [info ] pvpgn::bnetd::_client_fileinforeq: [368] file requested: "newaccount-esES.txt" - type = 0x02
Aug 16 22:58:32 [info ] pvpgn::bnetd::_client_fileinforeq: [368] file requested: "chathelp-war3-esES.txt" - type = 0x03
Aug 16 22:58:33 [info ] pvpgn::bnetd::_client_fileinforeq: [368] file requested: "bnserver-WAR3.ini" - type = 0x05
Aug 16 22:58:34 [debug] pvpgn::bnetd::handle_udp_packet: [728] got unknown udp packet type 0x6d30f7, len 109 from 192.168.1.31:63358
Aug 16 22:58:34 [debug] pvpgn::bnetd::handle_udp_packet: [728] got unknown udp packet type 0x6d30f7, len 109 from 127.0.0.1:63358
Aug 16 22:58:34 [debug] pvpgn::bnetd::_client_startgame4: [700] got startgame4 status for game "ssl" is 0x00000010 (gametype=0x2001 option=0x0049, flag=0x0000)
Aug 16 22:58:35 [debug] pvpgn::bnetd::_client_gamelistreq: GAMELISTREPLY looking for public games tag="W3XP" bngtype=0x0000e000 gtype=all
Aug 16 22:58:35 [debug] pvpgn::bnetd::_glist_cb: [684] considering listing game="ssl", pass="" clienttag="W3XP" gtype=1
Aug 16 22:58:35 [debug] pvpgn::trans_net: checking 192.168.1.1:6117 for client 186.14.102.48 ...
Aug 16 22:58:35 [debug] pvpgn::trans_net: against entry -> 127.0.0.1:6112 output 190.237.156.139:6112 network 0.0.0.0/0x00000000
Aug 16 22:58:35 [debug] pvpgn::trans_net: entry does match input address
Aug 16 22:58:35 [debug] pvpgn::trans_net: against entry -> 192.168.1.1:6112 output 190.237.156.139:6112 network 0.0.0.0/0x00000000
Aug 16 22:58:35 [debug] pvpgn::trans_net: entry does match input address
Aug 16 22:58:35 [debug] pvpgn::trans_net: against entry -> 192.168.1.1:6125 output 190.237.156.139:6125 network 0.0.0.0/0x00000000
Aug 16 22:58:35 [debug] pvpgn::trans_net: entry does match input address
Aug 16 22:58:35 [debug] pvpgn::trans_net: against entry -> 192.168.1.1:6114 output 190.237.156.139:6114 network 0.0.0.0/0x00000000
Aug 16 22:58:35 [debug] pvpgn::trans_net: entry does match input address
Aug 16 22:58:35 [debug] pvpgn::trans_net: against entry -> 192.168.1.1:6115 output 190.237.156.139:6115 network 0.0.0.0/0x00000000
Aug 16 22:58:35 [debug] pvpgn::trans_net: entry does match input address
Aug 16 22:58:35 [debug] pvpgn::trans_net: against entry -> 192.168.1.1:6116 output 190.237.156.139:6116 network 0.0.0.0/0x00000000
Aug 16 22:58:35 [debug] pvpgn::trans_net: entry does match input address
Aug 16 22:58:35 [debug] pvpgn::trans_net: against entry -> 192.168.1.1:6117 output 190.237.156.139:6117 network 0.0.0.0/0x00000000
Aug 16 22:58:35 [debug] pvpgn::trans_net: 192.168.1.1:6117 translated to 190.237.156.139:6117
Aug 16 22:58:35 [debug] pvpgn::bnetd::_client_gamelistreq: [684] GAMELISTREPLY sent 1 of 1 games
Aug 16 22:58:37 [debug] pvpgn::bnetd::_client_joingame: [684] trying to join game "ssl" pass=""
Aug 16 22:58:37 [info ] pvpgn::bnetd::_client_joingame: [684] "Venecopenecus" joined game "ssl"
Aug 16 22:58:37 [debug] pvpgn::bnetd::_client_startgame4: [700] got startgame4 status for game "ssl" is 0x00000010 (gametype=0x2001 option=0x0049, flag=0x0000)
Aug 16 22:58:38 [debug] pvpgn::bnetd::handle_udp_packet: [728] got unknown udp packet type 0x6d30f7, len 109 from 192.168.1.31:63358
Aug 16 22:58:38 [debug] pvpgn::bnetd::handle_udp_packet: [728] got unknown udp packet type 0x6d30f7, len 109 from 127.0.0.1:63358
Aug 16 22:58:39 [info ] pvpgn::bnetd::_client_loginreqw3: [368] (W3) "TheReaper28" passed account check
Aug 16 22:58:39 [info ] pvpgn::bnetd::_client_logonproofreq: [368] logon proof requested
Aug 16 22:58:39 [info ] pvpgn::bnetd::_client_logonproofreq: [368] (W3) "TheReaper28" logged in (right password)
Aug 16 22:58:39 [debug] pvpgn::bnetd::ipc_register_user: [IPC] No hay MapClient para ip_pub=38.171.241.56 ip_local=192.168.136.229 (resp: NOT_FOUND)
Aug 16 22:58:40 [debug] pvpgn::bnetd::_client_anongame_infos: client_tag request tagid=(0x0) tag=(CLIENT_FINDANONGAME_INFOTAG_URL)  tag_unk=(0x0000)
Aug 16 22:58:40 [debug] pvpgn::bnetd::_client_anongame_infos: client_tag request tagid=(0x1) tag=(CLIENT_FINDANONGAME_INFOTAG_MAP)  tag_unk=(0x0000)
Aug 16 22:58:40 [debug] pvpgn::bnetd::_client_anongame_infos: client_tag request tagid=(0x2) tag=(CLIENT_FINDANONGAME_INFOTAG_TYPE) tag_unk=(0x0000)
Aug 16 22:58:40 [debug] pvpgn::bnetd::_client_anongame_infos: client_tag request tagid=(0x3) tag=(CLIENT_FINDANONGAME_INFOTAG_DESC) tag_unk=(0x0000)
Aug 16 22:58:40 [debug] pvpgn::bnetd::_client_anongame_infos: client_tag request tagid=(0x4) tag=(CLIENT_FINDANONGAME_INFOTAG_LADR) tag_unk=(0x0000)
Aug 16 22:58:43 [debug] pvpgn::bnetd::_client_startgame4: [700] got startgame4 status for game "ssl" is 0x00000010 (gametype=0x2001 option=0x0049, flag=0x0000)
Aug 16 22:58:43 [debug] pvpgn::bnetd::handle_udp_packet: [728] got unknown udp packet type 0x6d30f7, len 109 from 192.168.1.31:63358
Aug 16 22:58:43 [debug] pvpgn::bnetd::handle_udp_packet: [728] got unknown udp packet type 0x6d30f7, len 109 from 127.0.0.1:63358
Aug 16 22:58:45 [debug] pvpgn::bnetd::_client_startgame4: [700] got startgame4 status for game "ssl" is 0x00000010 (gametype=0x2001 option=0x0049, flag=0x0000)
Aug 16 22:58:47 [debug] pvpgn::bnetd::_client_gamelistreq: GAMELISTREPLY looking for public games tag="W3XP" bngtype=0x0000e000 gtype=all
Aug 16 22:58:47 [debug] pvpgn::bnetd::_glist_cb: [368] considering listing game="ssl", pass="" clienttag="W3XP" gtype=1
Aug 16 22:58:47 [debug] pvpgn::trans_net: checking 192.168.1.1:6117 for client 38.171.241.56 ...
Aug 16 22:58:47 [debug] pvpgn::trans_net: against entry -> 127.0.0.1:6112 output 190.237.156.139:6112 network 0.0.0.0/0x00000000
Aug 16 22:58:47 [debug] pvpgn::trans_net: entry does match input address
Aug 16 22:58:47 [debug] pvpgn::trans_net: against entry -> 192.168.1.1:6112 output 190.237.156.139:6112 network 0.0.0.0/0x00000000
Aug 16 22:58:47 [debug] pvpgn::trans_net: entry does match input address
Aug 16 22:58:47 [debug] pvpgn::trans_net: against entry -> 192.168.1.1:6125 output 190.237.156.139:6125 network 0.0.0.0/0x00000000
Aug 16 22:58:47 [debug] pvpgn::trans_net: entry does match input address
Aug 16 22:58:47 [debug] pvpgn::trans_net: against entry -> 192.168.1.1:6114 output 190.237.156.139:6114 network 0.0.0.0/0x00000000
Aug 16 22:58:47 [debug] pvpgn::trans_net: entry does match input address
Aug 16 22:58:47 [debug] pvpgn::trans_net: against entry -> 192.168.1.1:6115 output 190.237.156.139:6115 network 0.0.0.0/0x00000000
Aug 16 22:58:47 [debug] pvpgn::trans_net: entry does match input address
Aug 16 22:58:47 [debug] pvpgn::trans_net: against entry -> 192.168.1.1:6116 output 190.237.156.139:6116 network 0.0.0.0/0x00000000
Aug 16 22:58:47 [debug] pvpgn::trans_net: entry does match input address
Aug 16 22:58:47 [debug] pvpgn::trans_net: against entry -> 192.168.1.1:6117 output 190.237.156.139:6117 network 0.0.0.0/0x00000000
Aug 16 22:58:47 [debug] pvpgn::trans_net: 192.168.1.1:6117 translated to 190.237.156.139:6117
Aug 16 22:58:47 [debug] pvpgn::bnetd::_client_gamelistreq: [368] GAMELISTREPLY sent 1 of 1 games
Aug 16 22:58:48 [debug] pvpgn::bnetd::_client_startgame4: [700] got startgame4 status for game "ssl" is 0x00000010 (gametype=0x2001 option=0x0049, flag=0x0000)
Aug 16 22:58:48 [debug] pvpgn::bnetd::handle_udp_packet: [728] got unknown udp packet type 0x6d30f7, len 109 from 192.168.1.31:63358
Aug 16 22:58:48 [debug] pvpgn::bnetd::handle_udp_packet: [728] got unknown udp packet type 0x6d30f7, len 109 from 127.0.0.1:63358
Aug 16 22:58:49 [debug] pvpgn::bnetd::_client_joingame: [368] trying to join game "ssl" pass=""
Aug 16 22:58:49 [info ] pvpgn::bnetd::_client_joingame: [368] "TheReaper28" joined game "ssl"
Aug 16 22:58:50 [debug] pvpgn::bnetd::_client_startgame4: [700] got startgame4 status for game "ssl" is 0x00000010 (gametype=0x2001 option=0x0049, flag=0x0000)
Aug 16 22:58:53 [debug] pvpgn::bnetd::handle_udp_packet: [728] got unknown udp packet type 0x6d30f7, len 109 from 192.168.1.31:63358
Aug 16 22:58:53 [debug] pvpgn::bnetd::handle_udp_packet: [728] got unknown udp packet type 0x6d30f7, len 109 from 127.0.0.1:63358
Aug 16 22:58:55 [debug] pvpgn::bnetd::_client_startgame4: [700] got startgame4 status for game "ssl" is 0x00000010 (gametype=0x2001 option=0x0049, flag=0x0000)
Aug 16 22:58:57 [debug] pvpgn::bnetd::attrlayer_save: saved 1 user accounts
Aug 16 22:58:57 [debug] pvpgn::bnetd::_client_startgame4: [700] got startgame4 status for game "ssl" is 0x00000010 (gametype=0x2001 option=0x0049, flag=0x0000)
Aug 16 22:58:58 [debug] pvpgn::bnetd::handle_udp_packet: [728] got unknown udp packet type 0x6d30f7, len 109 from 192.168.1.31:63358
Aug 16 22:58:58 [debug] pvpgn::bnetd::handle_udp_packet: [728] got unknown udp packet type 0x6d30f7, len 109 from 127.0.0.1:63358
Aug 16 22:59:00 [debug] pvpgn::bnetd::_client_startgame4: [700] got startgame4 status for game "ssl" is 0x00000010 (gametype=0x2001 option=0x0049, flag=0x0000)
Aug 16 22:59:00 [info ] pvpgn::bnetd::_client_closegame: [756] client closing game
Aug 16 22:59:00 [debug] pvpgn::bnetd::game_del_player: game "ssl" has ref=7, count=7; trying to remove player "ravenmatt"
Aug 16 22:59:00 [debug] pvpgn::bnetd::game_del_player: removing player #4 "ravenmatt" from "ssl", 6 players left
Aug 16 22:59:00 [debug] pvpgn::bnetd::game_del_player: player "ravenmatt" left without reporting (valid) results
Aug 16 22:59:00 [debug] pvpgn::bnetd::game_del_player: player deleted... (ref=7)
Aug 16 22:59:01 [debug] pvpgn::bnetd::attrlayer_save: saved 1 user accounts
Aug 16 22:59:02 [debug] pvpgn::bnetd::attrlayer_save: saved 1 user accounts
Aug 16 22:59:02 [debug] pvpgn::bnetd::_client_startgame4: [700] got startgame4 status for game "ssl" is 0x00000010 (gametype=0x2001 option=0x0049, flag=0x0000)
Aug 16 22:59:03 [debug] pvpgn::bnetd::sd_tcpinput: [756] read returned -1 (closing connection)
Aug 16 22:59:03 [debug] pvpgn::bnetd::ipc_remove_username: [IPC] REMOVE_USERNAME 'ravenmatt' resp: NOT_FOUND
Aug 16 22:59:03 [info ] pvpgn::bnetd::conn_destroy: [756] "ravenmatt" logged out
Aug 16 22:59:03 [debug] lua/handle_user.lua:31: User disconnect: ravenmatt
Aug 16 22:59:03 [info ] pvpgn::bnetd::conn_destroy: [756] closed bnet connection
Aug 16 22:59:03 [debug] pvpgn::bnetd::handle_udp_packet: [728] got unknown udp packet type 0x6d30f7, len 109 from 192.168.1.31:63358
Aug 16 22:59:03 [debug] pvpgn::bnetd::handle_udp_packet: [728] got unknown udp packet type 0x6d30f7, len 109 from 127.0.0.1:63358
Aug 16 22:59:05 [debug] pvpgn::bnetd::_client_startgame4: [700] got startgame4 status for game "ssl" is 0x00000010 (gametype=0x2001 option=0x0049, flag=0x0000)
Aug 16 22:59:07 [debug] pvpgn::bnetd::_client_startgame4: [700] got startgame4 status for game "ssl" is 0x00000010 (gametype=0x2001 option=0x0049, flag=0x0000)
Aug 16 22:59:08 [debug] pvpgn::bnetd::handle_udp_packet: [728] got unknown udp packet type 0x6d30f7, len 109 from 192.168.1.31:63358
Aug 16 22:59:08 [debug] pvpgn::bnetd::handle_udp_packet: [728] got unknown udp packet type 0x6d30f7, len 109 from 127.0.0.1:63358
Aug 16 22:59:10 [debug] pvpgn::bnetd::_client_startgame4: [700] got startgame4 status for game "ssl" is 0x00000010 (gametype=0x2001 option=0x0049, flag=0x0000)
Aug 16 22:59:13 [debug] pvpgn::bnetd::handle_udp_packet: [728] got unknown udp packet type 0x6d30f7, len 109 from 192.168.1.31:63358
Aug 16 22:59:13 [debug] pvpgn::bnetd::handle_udp_packet: [728] got unknown udp packet type 0x6d30f7, len 109 from 127.0.0.1:63358
Aug 16 22:59:13 [debug] pvpgn::bnetd::_client_startgame4: [700] got startgame4 status for game "ssl" is 0x00000010 (gametype=0x2001 option=0x0049, flag=0x0000)
Aug 16 22:59:17 [debug] pvpgn::bnetd::_client_startgame4: [700] got startgame4 status for game "ssl" is 0x00000010 (gametype=0x2001 option=0x0049, flag=0x0000)
Aug 16 22:59:18 [debug] pvpgn::bnetd::handle_udp_packet: [728] got unknown udp packet type 0x6d30f7, len 109 from 192.168.1.31:63358
Aug 16 22:59:18 [debug] pvpgn::bnetd::handle_udp_packet: [728] got unknown udp packet type 0x6d30f7, len 109 from 127.0.0.1:63358
Aug 16 22:59:19 [debug] pvpgn::bnetd::_client_startgame4: [700] got startgame4 status for game "ssl" is 0x00000010 (gametype=0x2001 option=0x0049, flag=0x0000)
Aug 16 22:59:22 [debug] pvpgn::bnetd::_client_startgame4: [700] got startgame4 status for game "ssl" is 0x00000010 (gametype=0x2001 option=0x0049, flag=0x0000)
Aug 16 22:59:23 [debug] pvpgn::bnetd::handle_udp_packet: [728] got unknown udp packet type 0x6d30f7, len 109 from 192.168.1.31:63358
Aug 16 22:59:23 [debug] pvpgn::bnetd::handle_udp_packet: [728] got unknown udp packet type 0x6d30f7, len 109 from 127.0.0.1:63358
Aug 16 22:59:26 [debug] pvpgn::bnetd::_client_startgame4: [700] got startgame4 status for game "ssl" is 0x00000010 (gametype=0x2001 option=0x0049, flag=0x0000)
Aug 16 22:59:28 [debug] pvpgn::bnetd::handle_udp_packet: [728] got unknown udp packet type 0x6d30f7, len 109 from 192.168.1.31:63358
Aug 16 22:59:28 [debug] pvpgn::bnetd::handle_udp_packet: [728] got unknown udp packet type 0x6d30f7, len 109 from 127.0.0.1:63358
Aug 16 22:59:28 [debug] pvpgn::bnetd::_client_startgame4: [700] got startgame4 status for game "ssl" is 0x00000010 (gametype=0x2001 option=0x0049, flag=0x0000)
Aug 16 22:59:31 [debug] pvpgn::bnetd::_client_startgame4: [700] got startgame4 status for game "ssl" is 0x00000010 (gametype=0x2001 option=0x0049, flag=0x0000)
Aug 16 22:59:33 [debug] pvpgn::bnetd::handle_udp_packet: [728] got unknown udp packet type 0x6d30f7, len 109 from 192.168.1.31:63358
Aug 16 22:59:33 [debug] pvpgn::bnetd::handle_udp_packet: [728] got unknown udp packet type 0x6d30f7, len 109 from 127.0.0.1:63358
Aug 16 22:59:34 [debug] pvpgn::bnetd::_client_startgame4: [700] got startgame4 status for game "ssl" is 0x00000010 (gametype=0x2001 option=0x0049, flag=0x0000)
Aug 16 22:59:38 [debug] pvpgn::bnetd::_client_startgame4: [700] got startgame4 status for game "ssl" is 0x00000010 (gametype=0x2001 option=0x0049, flag=0x0000)
Aug 16 22:59:38 [debug] pvpgn::bnetd::handle_udp_packet: [728] got unknown udp packet type 0x6d30f7, len 109 from 192.168.1.31:63358
Aug 16 22:59:38 [debug] pvpgn::bnetd::handle_udp_packet: [728] got unknown udp packet type 0x6d30f7, len 109 from 127.0.0.1:63358
Aug 16 22:59:40 [debug] pvpgn::bnetd::_client_startgame4: [700] got startgame4 status for game "ssl" is 0x00000010 (gametype=0x2001 option=0x0049, flag=0x0000)
Aug 16 22:59:43 [debug] pvpgn::bnetd::handle_udp_packet: [728] got unknown udp packet type 0x6d30f7, len 109 from 192.168.1.31:63358
Aug 16 22:59:43 [debug] pvpgn::bnetd::handle_udp_packet: [728] got unknown udp packet type 0x6d30f7, len 109 from 127.0.0.1:63358
Aug 16 22:59:43 [debug] pvpgn::bnetd::_client_startgame4: [700] got startgame4 status for game "ssl" is 0x00000010 (gametype=0x2001 option=0x0049, flag=0x0000)
Aug 16 22:59:46 [debug] pvpgn::bnetd::_client_startgame4: [700] got startgame4 status for game "ssl" is 0x00000010 (gametype=0x2001 option=0x0049, flag=0x0000)
Aug 16 22:59:48 [debug] pvpgn::bnetd::handle_udp_packet: [728] got unknown udp packet type 0x6d30f7, len 109 from 192.168.1.31:63358
Aug 16 22:59:48 [debug] pvpgn::bnetd::handle_udp_packet: [728] got unknown udp packet type 0x6d30f7, len 109 from 127.0.0.1:63358
Aug 16 22:59:49 [debug] pvpgn::bnetd::_client_startgame4: [700] got startgame4 status for game "ssl" is 0x00000010 (gametype=0x2001 option=0x0049, flag=0x0000)
Aug 16 22:59:52 [debug] pvpgn::bnetd::_client_startgame4: [700] got startgame4 status for game "ssl" is 0x00000010 (gametype=0x2001 option=0x0049, flag=0x0000)
Aug 16 22:59:53 [debug] pvpgn::bnetd::handle_udp_packet: [728] got unknown udp packet type 0x6d30f7, len 109 from 192.168.1.31:63358
Aug 16 22:59:53 [debug] pvpgn::bnetd::handle_udp_packet: [728] got unknown udp packet type 0x6d30f7, len 109 from 127.0.0.1:63358
Aug 16 22:59:55 [debug] pvpgn::bnetd::_client_startgame4: [700] got startgame4 status for game "ssl" is 0x00000010 (gametype=0x2001 option=0x0049, flag=0x0000)
Aug 16 22:59:58 [debug] pvpgn::bnetd::handle_udp_packet: [728] got unknown udp packet type 0x6d30f7, len 109 from 192.168.1.31:63358
Aug 16 22:59:58 [debug] pvpgn::bnetd::handle_udp_packet: [728] got unknown udp packet type 0x6d30f7, len 109 from 127.0.0.1:63358
Aug 16 22:59:58 [debug] pvpgn::bnetd::_client_startgame4: [700] got startgame4 status for game "ssl" is 0x00000010 (gametype=0x2001 option=0x0049, flag=0x0000)
Aug 16 23:00:02 [debug] pvpgn::bnetd::_client_startgame4: [700] got startgame4 status for game "ssl" is 0x00000010 (gametype=0x2001 option=0x0049, flag=0x0000)
Aug 16 23:00:03 [debug] pvpgn::bnetd::handle_udp_packet: [728] got unknown udp packet type 0x6d30f7, len 109 from 192.168.1.31:63358
Aug 16 23:00:03 [debug] pvpgn::bnetd::handle_udp_packet: [728] got unknown udp packet type 0x6d30f7, len 109 from 127.0.0.1:63358
Aug 16 23:00:04 [debug] pvpgn::bnetd::_client_startgame4: [700] got startgame4 status for game "ssl" is 0x00000010 (gametype=0x2001 option=0x0049, flag=0x0000)
Aug 16 23:00:07 [debug] pvpgn::bnetd::_client_startgame4: [700] got startgame4 status for game "ssl" is 0x00000010 (gametype=0x2001 option=0x0049, flag=0x0000)
Aug 16 23:00:09 [debug] pvpgn::bnetd::handle_udp_packet: [728] got unknown udp packet type 0x6d30f7, len 109 from 192.168.1.31:63358
Aug 16 23:00:09 [debug] pvpgn::bnetd::handle_udp_packet: [728] got unknown udp packet type 0x6d30f7, len 109 from 127.0.0.1:63358
Aug 16 23:00:10 [debug] pvpgn::bnetd::ipbanlist_check: lastcheck: 1786939088, now: 1786939210, now-lc: 122.
Aug 16 23:00:10 [debug] pvpgn::bnetd::ipbanlist_check: checking 186.57.78.241
Aug 16 23:00:10 [info ] pvpgn::bnetd::sd_accept: [764] accepted connection from 186.57.78.241:55938 on 0.0.0.0:6112
Aug 16 23:00:10 [debug] pvpgn::bnetd::conn_create: [764][728] sessionkey=0x1786960253 sessionnum=0x00000017
Aug 16 23:00:10 [debug] pvpgn::bnetd::sd_accept: [764] client connected to a bnet listening address
Aug 16 23:00:10 [info ] pvpgn::bnetd::handle_init_packet: [764] client initiated bnet connection
Aug 16 23:00:10 [debug] pvpgn::bnetd::conn_set_class: added latency check timer
Aug 16 23:00:10 [debug] pvpgn::bnetd::_client_auth_info: [764] AUTH_INFO packet { protocol=0x0, platform=IX86, product=W3XP, versionid=0x1b, language=esES, localip=0x2f01a8c0, tzbias=00b4, locale=11274, language=2058, country=ARG.Argentina }
Aug 16 23:00:10 [info ] pvpgn::bnetd::conn_set_gamelang: [764] setting client gamelang to "esES"
Aug 16 23:00:10 [info ] pvpgn::bnetd::conn_set_client_localip: [IPC] [764] client_localip set to 47.1.168.192 (public_ip=186.57.78.241)
Aug 16 23:00:10 [debug] pvpgn::bnetd::_client_auth_info: [764] selected "ver-IX86-1.mpq" "B=454282227 C=2370009462 A=2264812340 4 A=A^S B=B-C C=C-A A=A+B"
Aug 16 23:00:10 [debug] pvpgn::bnetd::_client_startgame4: [700] got startgame4 status for game "ssl" is 0x00000010 (gametype=0x2001 option=0x0049, flag=0x0000)
Aug 16 23:00:11 [info ] pvpgn::bnetd::_client_authreq109: [764] CLIENT_AUTHREQ_109 ticks=0x51fd2c07, verstr=1.27.1.173 exeinfo="war3.exe 12/09/16 06:05:09 515048" versionid=0x0000001b gameversion=0x011b01ad checksum=0x4026b5b0
Aug 16 23:00:11 [info ] pvpgn::bnetd::_client_authreq109: [764] client matches versiontag "W3XP_127B"
Aug 16 23:00:11 [info ] pvpgn::bnetd::_client_authreq109: [764] no upgrade is available
Aug 16 23:00:11 [info ] pvpgn::bnetd::_client_fileinforeq: [764] file requested: "termsofservice-esES.txt" - type = 0x01
Aug 16 23:00:11 [info ] pvpgn::bnetd::_client_fileinforeq: [764] file requested: "newaccount-esES.txt" - type = 0x02
Aug 16 23:00:11 [info ] pvpgn::bnetd::_client_fileinforeq: [764] file requested: "chathelp-war3-esES.txt" - type = 0x03
Aug 16 23:00:12 [info ] pvpgn::bnetd::_client_fileinforeq: [764] file requested: "bnserver-WAR3.ini" - type = 0x05
Aug 16 23:00:13 [debug] pvpgn::bnetd::handle_udp_packet: [728] got unknown udp packet type 0x6d30f7, len 109 from 192.168.1.31:63358
Aug 16 23:00:13 [debug] pvpgn::bnetd::handle_udp_packet: [728] got unknown udp packet type 0x6d30f7, len 109 from 127.0.0.1:63358
Aug 16 23:00:13 [debug] pvpgn::bnetd::_client_startgame4: [700] got startgame4 status for game "ssl" is 0x00000010 (gametype=0x2001 option=0x0049, flag=0x0000)
Aug 16 23:00:16 [debug] pvpgn::bnetd::_client_startgame4: [700] got startgame4 status for game "ssl" is 0x00000010 (gametype=0x2001 option=0x0049, flag=0x0000)
Aug 16 23:00:17 [info ] pvpgn::bnetd::_client_loginreqw3: [764] (W3) "fafdani" passed account check
Aug 16 23:00:17 [info ] pvpgn::bnetd::_client_logonproofreq: [764] logon proof requested
Aug 16 23:00:17 [info ] pvpgn::bnetd::_client_logonproofreq: [764] (W3) got wrong client password proof for "fafdani"
Aug 16 23:00:18 [debug] pvpgn::bnetd::handle_udp_packet: [728] got unknown udp packet type 0x6d30f7, len 109 from 192.168.1.31:63358
Aug 16 23:00:18 [debug] pvpgn::bnetd::handle_udp_packet: [728] got unknown udp packet type 0x6d30f7, len 109 from 127.0.0.1:63358
Aug 16 23:00:19 [info ] pvpgn::bnetd::_client_loginreqw3: [764] (W3) "fafdani" passed account check
Aug 16 23:00:19 [info ] pvpgn::bnetd::_client_logonproofreq: [764] logon proof requested
Aug 16 23:00:19 [info ] pvpgn::bnetd::_client_logonproofreq: [764] (W3) "fafdani" logged in (right password)
Aug 16 23:00:19 [info ] pvpgn::bnetd::ipc_register_user: [IPC] Usuario registrado en MapServer: user='fafdani' ip_pub=186.57.78.241 ip_local=192.168.1.47
Aug 16 23:00:19 [debug] pvpgn::bnetd::_client_startgame4: [700] got startgame4 status for game "ssl" is 0x00000010 (gametype=0x2001 option=0x0049, flag=0x0000)
Aug 16 23:00:20 [debug] pvpgn::bnetd::_client_anongame_infos: client_tag request tagid=(0x0) tag=(CLIENT_FINDANONGAME_INFOTAG_URL)  tag_unk=(0x0000)
Aug 16 23:00:20 [debug] pvpgn::bnetd::_client_anongame_infos: client_tag request tagid=(0x1) tag=(CLIENT_FINDANONGAME_INFOTAG_MAP)  tag_unk=(0x0000)
Aug 16 23:00:20 [debug] pvpgn::bnetd::_client_anongame_infos: client_tag request tagid=(0x2) tag=(CLIENT_FINDANONGAME_INFOTAG_TYPE) tag_unk=(0x0000)
Aug 16 23:00:20 [debug] pvpgn::bnetd::_client_anongame_infos: client_tag request tagid=(0x3) tag=(CLIENT_FINDANONGAME_INFOTAG_DESC) tag_unk=(0x0000)
Aug 16 23:00:20 [debug] pvpgn::bnetd::_client_anongame_infos: client_tag request tagid=(0x4) tag=(CLIENT_FINDANONGAME_INFOTAG_LADR) tag_unk=(0x0000)
Aug 16 23:00:22 [debug] pvpgn::bnetd::_client_startgame4: [700] got startgame4 status for game "ssl" is 0x00000010 (gametype=0x2001 option=0x0049, flag=0x0000)
Aug 16 23:00:23 [debug] pvpgn::bnetd::handle_udp_packet: [728] got unknown udp packet type 0x6d30f7, len 109 from 192.168.1.31:63358
Aug 16 23:00:23 [debug] pvpgn::bnetd::handle_udp_packet: [728] got unknown udp packet type 0x6d30f7, len 109 from 127.0.0.1:63358
Aug 16 23:00:26 [debug] pvpgn::bnetd::_client_startgame4: [700] got startgame4 status for game "ssl" is 0x00000010 (gametype=0x2001 option=0x0049, flag=0x0000)
Aug 16 23:00:28 [debug] pvpgn::bnetd::_client_gamelistreq: GAMELISTREPLY looking for public games tag="W3XP" bngtype=0x0000e000 gtype=all
Aug 16 23:00:28 [debug] pvpgn::bnetd::_glist_cb: [764] considering listing game="ssl", pass="" clienttag="W3XP" gtype=1
Aug 16 23:00:28 [debug] pvpgn::trans_net: checking 192.168.1.1:6117 for client 186.57.78.241 ...
Aug 16 23:00:28 [debug] pvpgn::trans_net: against entry -> 127.0.0.1:6112 output 190.237.156.139:6112 network 0.0.0.0/0x00000000
Aug 16 23:00:28 [debug] pvpgn::trans_net: entry does match input address
Aug 16 23:00:28 [debug] pvpgn::trans_net: against entry -> 192.168.1.1:6112 output 190.237.156.139:6112 network 0.0.0.0/0x00000000
Aug 16 23:00:28 [debug] pvpgn::trans_net: entry does match input address
Aug 16 23:00:28 [debug] pvpgn::trans_net: against entry -> 192.168.1.1:6125 output 190.237.156.139:6125 network 0.0.0.0/0x00000000
Aug 16 23:00:28 [debug] pvpgn::trans_net: entry does match input address
Aug 16 23:00:28 [debug] pvpgn::trans_net: against entry -> 192.168.1.1:6114 output 190.237.156.139:6114 network 0.0.0.0/0x00000000
Aug 16 23:00:28 [debug] pvpgn::trans_net: entry does match input address
Aug 16 23:00:28 [debug] pvpgn::trans_net: against entry -> 192.168.1.1:6115 output 190.237.156.139:6115 network 0.0.0.0/0x00000000
Aug 16 23:00:28 [debug] pvpgn::trans_net: entry does match input address
Aug 16 23:00:28 [debug] pvpgn::trans_net: against entry -> 192.168.1.1:6116 output 190.237.156.139:6116 network 0.0.0.0/0x00000000
Aug 16 23:00:28 [debug] pvpgn::trans_net: entry does match input address
Aug 16 23:00:28 [debug] pvpgn::trans_net: against entry -> 192.168.1.1:6117 output 190.237.156.139:6117 network 0.0.0.0/0x00000000
Aug 16 23:00:28 [debug] pvpgn::trans_net: 192.168.1.1:6117 translated to 190.237.156.139:6117
Aug 16 23:00:28 [debug] pvpgn::bnetd::_client_gamelistreq: [764] GAMELISTREPLY sent 1 of 1 games
Aug 16 23:00:29 [debug] pvpgn::bnetd::handle_udp_packet: [728] got unknown udp packet type 0x6d30f7, len 109 from 192.168.1.31:63358
Aug 16 23:00:29 [debug] pvpgn::bnetd::handle_udp_packet: [728] got unknown udp packet type 0x6d30f7, len 109 from 127.0.0.1:63358
Aug 16 23:00:29 [debug] pvpgn::bnetd::_client_startgame4: [700] got startgame4 status for game "ssl" is 0x00000010 (gametype=0x2001 option=0x0049, flag=0x0000)
Aug 16 23:00:30 [debug] pvpgn::bnetd::_client_joingame: [764] trying to join game "ssl" pass=""
Aug 16 23:00:30 [info ] pvpgn::bnetd::_client_joingame: [764] "fafdani" joined game "ssl"
Aug 16 23:00:31 [debug] pvpgn::bnetd::_client_startgame4: [700] got startgame4 status for game "ssl" is 0x00000010 (gametype=0x2001 option=0x0049, flag=0x0000)
Aug 16 23:00:34 [debug] pvpgn::bnetd::handle_udp_packet: [728] got unknown udp packet type 0x6d30f7, len 109 from 192.168.1.31:63358
Aug 16 23:00:34 [debug] pvpgn::bnetd::handle_udp_packet: [728] got unknown udp packet type 0x6d30f7, len 109 from 127.0.0.1:63358
Aug 16 23:00:36 [debug] pvpgn::bnetd::_client_startgame4: [700] got startgame4 status for game "ssl" is 0x00000010 (gametype=0x2001 option=0x0049, flag=0x0000)
Aug 16 23:00:38 [debug] pvpgn::bnetd::handle_udp_packet: [728] got unknown udp packet type 0x6d30f7, len 109 from 192.168.1.31:63358
Aug 16 23:00:38 [debug] pvpgn::bnetd::handle_udp_packet: [728] got unknown udp packet type 0x6d30f7, len 109 from 127.0.0.1:63358
Aug 16 23:00:39 [debug] pvpgn::bnetd::_client_startgame4: [700] got startgame4 status for game "ssl" is 0x00000010 (gametype=0x2001 option=0x0049, flag=0x0000)
Aug 16 23:00:41 [debug] pvpgn::bnetd::_client_startgame4: [700] got startgame4 status for game "ssl" is 0x00000010 (gametype=0x2001 option=0x0049, flag=0x0000)
Aug 16 23:00:43 [debug] pvpgn::bnetd::handle_udp_packet: [728] got unknown udp packet type 0x6d30f7, len 109 from 192.168.1.31:63358
Aug 16 23:00:43 [debug] pvpgn::bnetd::handle_udp_packet: [728] got unknown udp packet type 0x6d30f7, len 109 from 127.0.0.1:63358
Aug 16 23:00:44 [debug] pvpgn::bnetd::_client_startgame4: [700] got startgame4 status for game "ssl" is 0x00000010 (gametype=0x2001 option=0x0049, flag=0x0000)
Aug 16 23:00:46 [debug] pvpgn::bnetd::_client_startgame4: [700] got startgame4 status for game "ssl" is 0x00000010 (gametype=0x2001 option=0x0049, flag=0x0000)
Aug 16 23:00:48 [debug] pvpgn::bnetd::handle_udp_packet: [728] got unknown udp packet type 0x6d30f7, len 109 from 192.168.1.31:63358
Aug 16 23:00:48 [debug] pvpgn::bnetd::handle_udp_packet: [728] got unknown udp packet type 0x6d30f7, len 109 from 127.0.0.1:63358
Aug 16 23:00:49 [debug] pvpgn::bnetd::_client_startgame4: [700] got startgame4 status for game "ssl" is 0x00000010 (gametype=0x2001 option=0x0049, flag=0x0000)
Aug 16 23:00:52 [debug] pvpgn::bnetd::_client_startgame4: [700] got startgame4 status for game "ssl" is 0x00000010 (gametype=0x2001 option=0x0049, flag=0x0000)
Aug 16 23:00:53 [debug] pvpgn::bnetd::handle_udp_packet: [728] got unknown udp packet type 0x6d30f7, len 109 from 192.168.1.31:63358
Aug 16 23:00:53 [debug] pvpgn::bnetd::handle_udp_packet: [728] got unknown udp packet type 0x6d30f7, len 109 from 127.0.0.1:63358
Aug 16 23:00:55 [debug] pvpgn::bnetd::_client_startgame4: [700] got startgame4 status for game "ssl" is 0x00000010 (gametype=0x2001 option=0x0049, flag=0x0000)
Aug 16 23:00:57 [debug] pvpgn::bnetd::ipbanlist_check: lastcheck: 1786939210, now: 1786939257, now-lc: 47.
Aug 16 23:00:57 [debug] pvpgn::bnetd::ipbanlist_check: checking 181.188.162.215
Aug 16 23:00:57 [info ] pvpgn::bnetd::sd_accept: [772] accepted connection from 181.188.162.215:35489 on 0.0.0.0:6112
Aug 16 23:00:57 [debug] pvpgn::bnetd::conn_create: [772][728] sessionkey=0x1786944733 sessionnum=0x00000018
Aug 16 23:00:57 [debug] pvpgn::bnetd::sd_accept: [772] client connected to a bnet listening address
Aug 16 23:00:57 [info ] pvpgn::bnetd::handle_init_packet: [772] client initiated bnet connection
Aug 16 23:00:57 [debug] pvpgn::bnetd::conn_set_class: added latency check timer
Aug 16 23:00:57 [debug] pvpgn::bnetd::_client_auth_info: [772] AUTH_INFO packet { protocol=0x0, platform=IX86, product=W3XP, versionid=0x1b, language=esES, localip=0x400a8c0, tzbias=00f0, locale=16394, language=3082, country=BOL.Bolivia }
Aug 16 23:00:57 [info ] pvpgn::bnetd::conn_set_gamelang: [772] setting client gamelang to "esES"
Aug 16 23:00:57 [info ] pvpgn::bnetd::conn_set_client_localip: [IPC] [772] client_localip set to 4.0.168.192 (public_ip=181.188.162.215)
Aug 16 23:00:57 [debug] pvpgn::bnetd::_client_auth_info: [772] selected "ver-IX86-1.mpq" "B=454282227 C=2370009462 A=2264812340 4 A=A^S B=B-C C=C-A A=A+B"
Aug 16 23:00:57 [info ] pvpgn::bnetd::_client_authreq109: [772] CLIENT_AUTHREQ_109 ticks=0x34371dfe, verstr=1.27.1.173 exeinfo="war3.exe 12/09/16 06:05:09 515048" versionid=0x0000001b gameversion=0x011b01ad checksum=0x4026b5b0
Aug 16 23:00:57 [info ] pvpgn::bnetd::_client_authreq109: [772] client matches versiontag "W3XP_127B"
Aug 16 23:00:57 [info ] pvpgn::bnetd::_client_authreq109: [772] no upgrade is available
Aug 16 23:00:57 [info ] pvpgn::bnetd::_client_fileinforeq: [772] file requested: "termsofservice-esES.txt" - type = 0x01
Aug 16 23:00:57 [info ] pvpgn::bnetd::_client_fileinforeq: [772] file requested: "newaccount-esES.txt" - type = 0x02
Aug 16 23:00:57 [info ] pvpgn::bnetd::_client_fileinforeq: [772] file requested: "chathelp-war3-esES.txt" - type = 0x03
Aug 16 23:00:58 [debug] pvpgn::bnetd::handle_udp_packet: [728] got unknown udp packet type 0x6d30f7, len 109 from 192.168.1.31:63358
Aug 16 23:00:58 [debug] pvpgn::bnetd::handle_udp_packet: [728] got unknown udp packet type 0x6d30f7, len 109 from 127.0.0.1:63358
Aug 16 23:00:58 [debug] pvpgn::bnetd::_client_startgame4: [700] got startgame4 status for game "ssl" is 0x00000010 (gametype=0x2001 option=0x0049, flag=0x0000)
Aug 16 23:00:59 [info ] pvpgn::bnetd::_client_fileinforeq: [772] file requested: "bnserver-WAR3.ini" - type = 0x05
Aug 16 23:01:01 [debug] pvpgn::bnetd::_client_startgame4: [700] got startgame4 status for game "ssl" is 0x00000010 (gametype=0x2001 option=0x0049, flag=0x0000)
Aug 16 23:01:03 [debug] pvpgn::bnetd::handle_udp_packet: [728] got unknown udp packet type 0x6d30f7, len 109 from 192.168.1.31:63358
Aug 16 23:01:03 [debug] pvpgn::bnetd::handle_udp_packet: [728] got unknown udp packet type 0x6d30f7, len 109 from 127.0.0.1:63358
Aug 16 23:01:04 [info ] pvpgn::bnetd::_client_loginreqw3: [772] (W3) "Andreew21xr" passed account check
Aug 16 23:01:04 [info ] pvpgn::bnetd::_client_logonproofreq: [772] logon proof requested
Aug 16 23:01:04 [info ] pvpgn::bnetd::_client_logonproofreq: [772] (W3) "Andreew21xr" logged in (right password)
Aug 16 23:01:04 [debug] pvpgn::bnetd::ipc_register_user: [IPC] No hay MapClient para ip_pub=181.188.162.215 ip_local=192.168.0.4 (resp: NOT_FOUND)
Aug 16 23:01:04 [debug] pvpgn::bnetd::_client_anongame_infos: client_tag request tagid=(0x0) tag=(CLIENT_FINDANONGAME_INFOTAG_URL)  tag_unk=(0x0000)
Aug 16 23:01:04 [debug] pvpgn::bnetd::_client_anongame_infos: client_tag request tagid=(0x1) tag=(CLIENT_FINDANONGAME_INFOTAG_MAP)  tag_unk=(0x0000)
Aug 16 23:01:04 [debug] pvpgn::bnetd::_client_anongame_infos: client_tag request tagid=(0x2) tag=(CLIENT_FINDANONGAME_INFOTAG_TYPE) tag_unk=(0x0000)
Aug 16 23:01:04 [debug] pvpgn::bnetd::_client_anongame_infos: client_tag request tagid=(0x3) tag=(CLIENT_FINDANONGAME_INFOTAG_DESC) tag_unk=(0x0000)
Aug 16 23:01:04 [debug] pvpgn::bnetd::_client_anongame_infos: client_tag request tagid=(0x4) tag=(CLIENT_FINDANONGAME_INFOTAG_LADR) tag_unk=(0x0000)
Aug 16 23:01:04 [debug] pvpgn::bnetd::_client_startgame4: [700] got startgame4 status for game "ssl" is 0x00000010 (gametype=0x2001 option=0x0049, flag=0x0000)
Aug 16 23:01:05 [info ] pvpgn::bnetd::_client_closegame: [600] client closing game
Aug 16 23:01:05 [debug] pvpgn::bnetd::game_del_player: game "ssl" has ref=7, count=7; trying to remove player "Mallowfrk"
Aug 16 23:01:05 [debug] pvpgn::bnetd::game_del_player: removing player #3 "Mallowfrk" from "ssl", 6 players left
Aug 16 23:01:05 [debug] pvpgn::bnetd::game_del_player: player "Mallowfrk" left without reporting (valid) results
Aug 16 23:01:05 [debug] pvpgn::bnetd::game_del_player: player deleted... (ref=7)
Aug 16 23:01:07 [debug] pvpgn::bnetd::ipbanlist_check: lastcheck: 1786939257, now: 1786939267, now-lc: 10.
Aug 16 23:01:07 [debug] pvpgn::bnetd::ipbanlist_check: checking 201.235.37.197
Aug 16 23:01:07 [info ] pvpgn::bnetd::sd_accept: [780] accepted connection from 201.235.37.197:59572 on 0.0.0.0:6112
Aug 16 23:01:07 [debug] pvpgn::bnetd::conn_create: [780][728] sessionkey=0x1786967208 sessionnum=0x00000019
Aug 16 23:01:07 [debug] pvpgn::bnetd::sd_accept: [780] client connected to a bnet listening address
Aug 16 23:01:07 [info ] pvpgn::bnetd::handle_init_packet: [780] client initiated bnet connection
Aug 16 23:01:07 [debug] pvpgn::bnetd::conn_set_class: added latency check timer
Aug 16 23:01:08 [debug] pvpgn::bnetd::_client_startgame4: [700] got startgame4 status for game "ssl" is 0x00000010 (gametype=0x2001 option=0x0049, flag=0x0000)
Aug 16 23:01:08 [debug] pvpgn::bnetd::_client_auth_info: [780] AUTH_INFO packet { protocol=0x0, platform=IX86, product=W3XP, versionid=0x1b, language=esES, localip=0x6c01a8c0, tzbias=00b4, locale=11274, language=2058, country=ARG.Argentina }
Aug 16 23:01:08 [info ] pvpgn::bnetd::conn_set_gamelang: [780] setting client gamelang to "esES"
Aug 16 23:01:08 [info ] pvpgn::bnetd::conn_set_client_localip: [IPC] [780] client_localip set to 108.1.168.192 (public_ip=201.235.37.197)
Aug 16 23:01:08 [debug] pvpgn::bnetd::_client_auth_info: [780] selected "ver-IX86-1.mpq" "B=454282227 C=2370009462 A=2264812340 4 A=A^S B=B-C C=C-A A=A+B"
Aug 16 23:01:08 [info ] pvpgn::bnetd::_client_authreq109: [780] CLIENT_AUTHREQ_109 ticks=0x00329c1d, verstr=1.27.1.173 exeinfo="war3.exe 10/16/23 00:57:48 515048" versionid=0x0000001b gameversion=0x011b01ad checksum=0x4026b5b0
Aug 16 23:01:08 [info ] pvpgn::bnetd::_client_authreq109: [780] client matches versiontag "W3XP_127B"
Aug 16 23:01:08 [info ] pvpgn::bnetd::_client_authreq109: [780] no upgrade is available
Aug 16 23:01:08 [info ] pvpgn::bnetd::_client_fileinforeq: [780] file requested: "termsofservice-esES.txt" - type = 0x01
Aug 16 23:01:08 [info ] pvpgn::bnetd::_client_fileinforeq: [780] file requested: "newaccount-esES.txt" - type = 0x02
Aug 16 23:01:08 [info ] pvpgn::bnetd::_client_fileinforeq: [780] file requested: "chathelp-war3-esES.txt" - type = 0x03
Aug 16 23:01:08 [debug] pvpgn::bnetd::handle_udp_packet: [728] got unknown udp packet type 0x6d30f7, len 109 from 192.168.1.31:63358
Aug 16 23:01:08 [debug] pvpgn::bnetd::handle_udp_packet: [728] got unknown udp packet type 0x6d30f7, len 109 from 127.0.0.1:63358
Aug 16 23:01:10 [info ] pvpgn::bnetd::_client_fileinforeq: [780] file requested: "bnserver-WAR3.ini" - type = 0x05
Aug 16 23:01:10 [debug] pvpgn::bnetd::_client_startgame4: [700] got startgame4 status for game "ssl" is 0x00000010 (gametype=0x2001 option=0x0049, flag=0x0000)
Aug 16 23:01:12 [debug] pvpgn::bnetd::_client_gamelistreq: GAMELISTREPLY looking for public games tag="W3XP" bngtype=0x0000e000 gtype=all
Aug 16 23:01:12 [debug] pvpgn::bnetd::_glist_cb: [600] considering listing game="ssl", pass="" clienttag="W3XP" gtype=1
Aug 16 23:01:12 [debug] pvpgn::trans_net: checking 192.168.1.1:6117 for client 38.250.158.175 ...
Aug 16 23:01:12 [debug] pvpgn::trans_net: against entry -> 127.0.0.1:6112 output 190.237.156.139:6112 network 0.0.0.0/0x00000000
Aug 16 23:01:12 [debug] pvpgn::trans_net: entry does match input address
Aug 16 23:01:12 [debug] pvpgn::trans_net: against entry -> 192.168.1.1:6112 output 190.237.156.139:6112 network 0.0.0.0/0x00000000
Aug 16 23:01:12 [debug] pvpgn::trans_net: entry does match input address
Aug 16 23:01:12 [debug] pvpgn::trans_net: against entry -> 192.168.1.1:6125 output 190.237.156.139:6125 network 0.0.0.0/0x00000000
Aug 16 23:01:12 [debug] pvpgn::trans_net: entry does match input address
Aug 16 23:01:12 [debug] pvpgn::trans_net: against entry -> 192.168.1.1:6114 output 190.237.156.139:6114 network 0.0.0.0/0x00000000
Aug 16 23:01:12 [debug] pvpgn::trans_net: entry does match input address
Aug 16 23:01:12 [debug] pvpgn::trans_net: against entry -> 192.168.1.1:6115 output 190.237.156.139:6115 network 0.0.0.0/0x00000000
Aug 16 23:01:12 [debug] pvpgn::trans_net: entry does match input address
Aug 16 23:01:12 [debug] pvpgn::trans_net: against entry -> 192.168.1.1:6116 output 190.237.156.139:6116 network 0.0.0.0/0x00000000
Aug 16 23:01:12 [debug] pvpgn::trans_net: entry does match input address
Aug 16 23:01:12 [debug] pvpgn::trans_net: against entry -> 192.168.1.1:6117 output 190.237.156.139:6117 network 0.0.0.0/0x00000000
Aug 16 23:01:12 [debug] pvpgn::trans_net: 192.168.1.1:6117 translated to 190.237.156.139:6117
Aug 16 23:01:12 [debug] pvpgn::bnetd::_client_gamelistreq: [600] GAMELISTREPLY sent 1 of 1 games
Aug 16 23:01:13 [debug] pvpgn::bnetd::_client_gamelistreq: GAMELISTREPLY looking for public games tag="W3XP" bngtype=0x0000e000 gtype=all
Aug 16 23:01:13 [debug] pvpgn::bnetd::_glist_cb: [772] considering listing game="ssl", pass="" clienttag="W3XP" gtype=1
Aug 16 23:01:13 [debug] pvpgn::trans_net: checking 192.168.1.1:6117 for client 181.188.162.215 ...
Aug 16 23:01:13 [debug] pvpgn::trans_net: against entry -> 127.0.0.1:6112 output 190.237.156.139:6112 network 0.0.0.0/0x00000000
Aug 16 23:01:13 [debug] pvpgn::trans_net: entry does match input address
Aug 16 23:01:13 [debug] pvpgn::trans_net: against entry -> 192.168.1.1:6112 output 190.237.156.139:6112 network 0.0.0.0/0x00000000
Aug 16 23:01:13 [debug] pvpgn::trans_net: entry does match input address
Aug 16 23:01:13 [debug] pvpgn::trans_net: against entry -> 192.168.1.1:6125 output 190.237.156.139:6125 network 0.0.0.0/0x00000000
Aug 16 23:01:13 [debug] pvpgn::trans_net: entry does match input address
Aug 16 23:01:13 [debug] pvpgn::trans_net: against entry -> 192.168.1.1:6114 output 190.237.156.139:6114 network 0.0.0.0/0x00000000
Aug 16 23:01:13 [debug] pvpgn::trans_net: entry does match input address
Aug 16 23:01:13 [debug] pvpgn::trans_net: against entry -> 192.168.1.1:6115 output 190.237.156.139:6115 network 0.0.0.0/0x00000000
Aug 16 23:01:13 [debug] pvpgn::trans_net: entry does match input address
Aug 16 23:01:13 [debug] pvpgn::trans_net: against entry -> 192.168.1.1:6116 output 190.237.156.139:6116 network 0.0.0.0/0x00000000
Aug 16 23:01:13 [debug] pvpgn::trans_net: entry does match input address
Aug 16 23:01:13 [debug] pvpgn::trans_net: against entry -> 192.168.1.1:6117 output 190.237.156.139:6117 network 0.0.0.0/0x00000000
Aug 16 23:01:13 [debug] pvpgn::trans_net: 192.168.1.1:6117 translated to 190.237.156.139:6117
Aug 16 23:01:13 [debug] pvpgn::bnetd::_client_gamelistreq: [772] GAMELISTREPLY sent 1 of 1 games
Aug 16 23:01:13 [debug] pvpgn::bnetd::_client_joingame: [600] trying to join game "ssl" pass=""
Aug 16 23:01:13 [info ] pvpgn::bnetd::_client_joingame: [600] "Mallowfrk" joined game "ssl"
Aug 16 23:01:14 [debug] pvpgn::bnetd::handle_udp_packet: [728] got unknown udp packet type 0x6d30f7, len 109 from 192.168.1.31:63358
Aug 16 23:01:14 [debug] pvpgn::bnetd::handle_udp_packet: [728] got unknown udp packet type 0x6d30f7, len 109 from 127.0.0.1:63358
Aug 16 23:01:14 [debug] pvpgn::bnetd::_client_startgame4: [700] got startgame4 status for game "ssl" is 0x00000010 (gametype=0x2001 option=0x0049, flag=0x0000)
Aug 16 23:01:14 [debug] pvpgn::bnetd::_client_joingame: [772] trying to join game "ssl" pass=""
Aug 16 23:01:14 [info ] pvpgn::bnetd::_client_joingame: [772] "Andreew21xr" joined game "ssl"
Aug 16 23:01:16 [debug] pvpgn::bnetd::_client_startgame4: [700] got startgame4 status for game "ssl" is 0x00000010 (gametype=0x2001 option=0x0049, flag=0x0000)
Aug 16 23:01:19 [debug] pvpgn::bnetd::handle_udp_packet: [728] got unknown udp packet type 0x6d30f7, len 109 from 192.168.1.31:63358
Aug 16 23:01:19 [debug] pvpgn::bnetd::handle_udp_packet: [728] got unknown udp packet type 0x6d30f7, len 109 from 127.0.0.1:63358
Aug 16 23:01:20 [info ] pvpgn::bnetd::_client_loginreqw3: [780] (W3) "ravenmatt" passed account check
Aug 16 23:01:20 [info ] pvpgn::bnetd::_client_logonproofreq: [780] logon proof requested
Aug 16 23:01:20 [info ] pvpgn::bnetd::_client_logonproofreq: [780] (W3) "ravenmatt" logged in (right password)
Aug 16 23:01:20 [debug] pvpgn::bnetd::ipc_register_user: [IPC] No hay MapClient para ip_pub=201.235.37.197 ip_local=192.168.1.108 (resp: NOT_FOUND)
Aug 16 23:01:21 [debug] pvpgn::bnetd::_client_anongame_infos: client_tag request tagid=(0x0) tag=(CLIENT_FINDANONGAME_INFOTAG_URL)  tag_unk=(0x0000)
Aug 16 23:01:21 [debug] pvpgn::bnetd::_client_anongame_infos: client_tag request tagid=(0x1) tag=(CLIENT_FINDANONGAME_INFOTAG_MAP)  tag_unk=(0x0000)
Aug 16 23:01:21 [debug] pvpgn::bnetd::_client_anongame_infos: client_tag request tagid=(0x2) tag=(CLIENT_FINDANONGAME_INFOTAG_TYPE) tag_unk=(0x0000)
Aug 16 23:01:21 [debug] pvpgn::bnetd::_client_anongame_infos: client_tag request tagid=(0x3) tag=(CLIENT_FINDANONGAME_INFOTAG_DESC) tag_unk=(0x0000)
Aug 16 23:01:21 [debug] pvpgn::bnetd::_client_anongame_infos: client_tag request tagid=(0x4) tag=(CLIENT_FINDANONGAME_INFOTAG_LADR) tag_unk=(0x0000)
Aug 16 23:01:21 [debug] pvpgn::bnetd::_client_startgame4: [700] got startgame4 status for game "ssl" is 0x00000010 (gametype=0x2001 option=0x0049, flag=0x0000)
Aug 16 23:01:24 [debug] pvpgn::bnetd::handle_udp_packet: [728] got unknown udp packet type 0x6d30f7, len 109 from 192.168.1.31:63358
Aug 16 23:01:24 [debug] pvpgn::bnetd::handle_udp_packet: [728] got unknown udp packet type 0x6d30f7, len 109 from 127.0.0.1:63358
Aug 16 23:01:24 [debug] pvpgn::bnetd::_client_startgame4: [700] got startgame4 status for game "ssl" is 0x00000010 (gametype=0x2001 option=0x0049, flag=0x0000)
Aug 16 23:01:26 [debug] pvpgn::bnetd::_client_startgame4: [700] got startgame4 status for game "ssl" is 0x00000010 (gametype=0x2001 option=0x0049, flag=0x0000)
Aug 16 23:01:29 [debug] pvpgn::bnetd::handle_udp_packet: [728] got unknown udp packet type 0x6d30f7, len 109 from 192.168.1.31:63358
Aug 16 23:01:29 [debug] pvpgn::bnetd::handle_udp_packet: [728] got unknown udp packet type 0x6d30f7, len 109 from 127.0.0.1:63358
Aug 16 23:01:29 [debug] pvpgn::bnetd::_client_startgame4: [700] got startgame4 status for game "ssl" is 0x00000010 (gametype=0x2001 option=0x0049, flag=0x0000)
Aug 16 23:01:31 [debug] pvpgn::bnetd::_client_startgame4: [700] got startgame4 status for game "ssl" is 0x00000010 (gametype=0x2001 option=0x0049, flag=0x0000)
Aug 16 23:01:33 [debug] pvpgn::bnetd::attrlayer_save: saved 1 user accounts
Aug 16 23:01:33 [debug] pvpgn::bnetd::handle_udp_packet: [728] got unknown udp packet type 0x6d30f7, len 109 from 192.168.1.31:63358
Aug 16 23:01:33 [debug] pvpgn::bnetd::handle_udp_packet: [728] got unknown udp packet type 0x6d30f7, len 109 from 127.0.0.1:63358
Aug 16 23:01:35 [debug] pvpgn::bnetd::_client_startgame4: [700] got startgame4 status for game "ssl" is 0x00000010 (gametype=0x2001 option=0x0049, flag=0x0000)
Aug 16 23:01:35 [debug] pvpgn::bnetd::_client_gamelistreq: GAMELISTREPLY looking for public games tag="W3XP" bngtype=0x0000e000 gtype=all
Aug 16 23:01:35 [debug] pvpgn::bnetd::_glist_cb: [780] considering listing game="ssl", pass="" clienttag="W3XP" gtype=1
Aug 16 23:01:35 [debug] pvpgn::trans_net: checking 192.168.1.1:6117 for client 201.235.37.197 ...
Aug 16 23:01:35 [debug] pvpgn::trans_net: against entry -> 127.0.0.1:6112 output 190.237.156.139:6112 network 0.0.0.0/0x00000000
Aug 16 23:01:35 [debug] pvpgn::trans_net: entry does match input address
Aug 16 23:01:35 [debug] pvpgn::trans_net: against entry -> 192.168.1.1:6112 output 190.237.156.139:6112 network 0.0.0.0/0x00000000
Aug 16 23:01:35 [debug] pvpgn::trans_net: entry does match input address
Aug 16 23:01:35 [debug] pvpgn::trans_net: against entry -> 192.168.1.1:6125 output 190.237.156.139:6125 network 0.0.0.0/0x00000000
Aug 16 23:01:35 [debug] pvpgn::trans_net: entry does match input address
Aug 16 23:01:35 [debug] pvpgn::trans_net: against entry -> 192.168.1.1:6114 output 190.237.156.139:6114 network 0.0.0.0/0x00000000
Aug 16 23:01:35 [debug] pvpgn::trans_net: entry does match input address
Aug 16 23:01:35 [debug] pvpgn::trans_net: against entry -> 192.168.1.1:6115 output 190.237.156.139:6115 network 0.0.0.0/0x00000000
Aug 16 23:01:35 [debug] pvpgn::trans_net: entry does match input address
Aug 16 23:01:35 [debug] pvpgn::trans_net: against entry -> 192.168.1.1:6116 output 190.237.156.139:6116 network 0.0.0.0/0x00000000
Aug 16 23:01:35 [debug] pvpgn::trans_net: entry does match input address
Aug 16 23:01:35 [debug] pvpgn::trans_net: against entry -> 192.168.1.1:6117 output 190.237.156.139:6117 network 0.0.0.0/0x00000000
Aug 16 23:01:35 [debug] pvpgn::trans_net: 192.168.1.1:6117 translated to 190.237.156.139:6117
Aug 16 23:01:35 [debug] pvpgn::bnetd::_client_gamelistreq: [780] GAMELISTREPLY sent 1 of 1 games
Aug 16 23:01:36 [debug] pvpgn::bnetd::_client_joingame: [780] trying to join game "ssl" pass=""
Aug 16 23:01:36 [info ] pvpgn::bnetd::_client_joingame: [780] "ravenmatt" joined game "ssl"
Aug 16 23:01:38 [debug] pvpgn::bnetd::_client_startgame4: [700] got startgame4 status for game "ssl" is 0x00000010 (gametype=0x2001 option=0x0049, flag=0x0000)
Aug 16 23:01:38 [debug] pvpgn::bnetd::handle_udp_packet: [728] got unknown udp packet type 0x6d30f7, len 109 from 192.168.1.31:63358
Aug 16 23:01:38 [debug] pvpgn::bnetd::handle_udp_packet: [728] got unknown udp packet type 0x6d30f7, len 109 from 127.0.0.1:63358
Aug 16 23:01:41 [debug] pvpgn::bnetd::_client_startgame4: [700] got startgame4 status for game "ssl" is 0x00000010 (gametype=0x2001 option=0x0049, flag=0x0000)
Aug 16 23:01:43 [debug] pvpgn::bnetd::handle_udp_packet: [728] got unknown udp packet type 0x6d30f7, len 109 from 192.168.1.31:63358
Aug 16 23:01:43 [debug] pvpgn::bnetd::handle_udp_packet: [728] got unknown udp packet type 0x6d30f7, len 109 from 127.0.0.1:63358
Aug 16 23:01:43 [debug] pvpgn::bnetd::_client_startgame4: [700] got startgame4 status for game "ssl" is 0x00000010 (gametype=0x2001 option=0x0049, flag=0x0000)
Aug 16 23:01:46 [debug] pvpgn::bnetd::_client_startgame4: [700] got startgame4 status for game "ssl" is 0x00000010 (gametype=0x2001 option=0x0049, flag=0x0000)
Aug 16 23:01:48 [debug] pvpgn::bnetd::handle_udp_packet: [728] got unknown udp packet type 0x6d30f7, len 109 from 192.168.1.31:63358
Aug 16 23:01:48 [debug] pvpgn::bnetd::handle_udp_packet: [728] got unknown udp packet type 0x6d30f7, len 109 from 127.0.0.1:63358
Aug 16 23:01:49 [debug] pvpgn::bnetd::_client_startgame4: [700] got startgame4 status for game "ssl" is 0x00000010 (gametype=0x2001 option=0x0049, flag=0x0000)
Aug 16 23:01:52 [debug] pvpgn::bnetd::_client_startgame4: [700] got startgame4 status for game "ssl" is 0x00000010 (gametype=0x2001 option=0x0049, flag=0x0000)
Aug 16 23:01:53 [debug] pvpgn::bnetd::handle_udp_packet: [728] got unknown udp packet type 0x6d30f7, len 109 from 192.168.1.31:63358
Aug 16 23:01:53 [debug] pvpgn::bnetd::handle_udp_packet: [728] got unknown udp packet type 0x6d30f7, len 109 from 127.0.0.1:63358
Aug 16 23:01:55 [debug] pvpgn::bnetd::_client_startgame4: [700] got startgame4 status for game "ssl" is 0x00000010 (gametype=0x2001 option=0x0049, flag=0x0000)
Aug 16 23:01:58 [debug] pvpgn::bnetd::handle_udp_packet: [728] got unknown udp packet type 0x6d30f7, len 109 from 192.168.1.31:63358
Aug 16 23:01:58 [debug] pvpgn::bnetd::handle_udp_packet: [728] got unknown udp packet type 0x6d30f7, len 109 from 127.0.0.1:63358
Aug 16 23:01:59 [debug] pvpgn::bnetd::_client_startgame4: [700] got startgame4 status for game "ssl" is 0x00000010 (gametype=0x2001 option=0x0049, flag=0x0000)
Aug 16 23:02:01 [debug] pvpgn::bnetd::_client_startgame4: [700] got startgame4 status for game "ssl" is 0x00000010 (gametype=0x2001 option=0x0049, flag=0x0000)
Aug 16 23:02:04 [debug] pvpgn::bnetd::handle_udp_packet: [728] got unknown udp packet type 0x6d30f7, len 109 from 192.168.1.31:63358
Aug 16 23:02:04 [debug] pvpgn::bnetd::handle_udp_packet: [728] got unknown udp packet type 0x6d30f7, len 109 from 127.0.0.1:63358
Aug 16 23:02:05 [debug] pvpgn::bnetd::_client_startgame4: [700] got startgame4 status for game "ssl" is 0x00000010 (gametype=0x2001 option=0x0049, flag=0x0000)
Aug 16 23:02:07 [debug] pvpgn::bnetd::_client_startgame4: [700] got startgame4 status for game "ssl" is 0x00000010 (gametype=0x2001 option=0x0049, flag=0x0000)
Aug 16 23:02:08 [debug] pvpgn::bnetd::handle_udp_packet: [728] got unknown udp packet type 0x6d30f7, len 109 from 192.168.1.31:63358
Aug 16 23:02:08 [debug] pvpgn::bnetd::handle_udp_packet: [728] got unknown udp packet type 0x6d30f7, len 109 from 127.0.0.1:63358
Aug 16 23:02:11 [debug] pvpgn::bnetd::_client_startgame4: [700] got startgame4 status for game "ssl" is 0x00000010 (gametype=0x2001 option=0x0049, flag=0x0000)
Aug 16 23:02:13 [debug] pvpgn::bnetd::handle_udp_packet: [728] got unknown udp packet type 0x6d30f7, len 109 from 192.168.1.31:63358
Aug 16 23:02:13 [debug] pvpgn::bnetd::handle_udp_packet: [728] got unknown udp packet type 0x6d30f7, len 109 from 127.0.0.1:63358
Aug 16 23:02:13 [debug] pvpgn::bnetd::_client_startgame4: [700] got startgame4 status for game "ssl" is 0x00000010 (gametype=0x2001 option=0x0049, flag=0x0000)
Aug 16 23:02:16 [debug] pvpgn::bnetd::_client_startgame4: [700] got startgame4 status for game "ssl" is 0x00000010 (gametype=0x2001 option=0x0049, flag=0x0000)
Aug 16 23:02:18 [debug] pvpgn::bnetd::handle_udp_packet: [728] got unknown udp packet type 0x6d30f7, len 109 from 192.168.1.31:63358
Aug 16 23:02:18 [debug] pvpgn::bnetd::handle_udp_packet: [728] got unknown udp packet type 0x6d30f7, len 109 from 127.0.0.1:63358
Aug 16 23:02:19 [debug] pvpgn::bnetd::_client_startgame4: [700] got startgame4 status for game "ssl" is 0x00000010 (gametype=0x2001 option=0x0049, flag=0x0000)
Aug 16 23:02:22 [debug] pvpgn::bnetd::_client_startgame4: [700] got startgame4 status for game "ssl" is 0x00000010 (gametype=0x2001 option=0x0049, flag=0x0000)
Aug 16 23:02:23 [debug] pvpgn::bnetd::handle_udp_packet: [728] got unknown udp packet type 0x6d30f7, len 109 from 192.168.1.31:63358
Aug 16 23:02:23 [debug] pvpgn::bnetd::handle_udp_packet: [728] got unknown udp packet type 0x6d30f7, len 109 from 127.0.0.1:63358
Aug 16 23:02:25 [debug] pvpgn::bnetd::_client_startgame4: [700] got startgame4 status for game "ssl" is 0x00000010 (gametype=0x2001 option=0x0049, flag=0x0000)
Aug 16 23:02:28 [debug] pvpgn::bnetd::handle_udp_packet: [728] got unknown udp packet type 0x6d30f7, len 109 from 192.168.1.31:63358
Aug 16 23:02:28 [debug] pvpgn::bnetd::handle_udp_packet: [728] got unknown udp packet type 0x6d30f7, len 109 from 127.0.0.1:63358
Aug 16 23:02:28 [debug] pvpgn::bnetd::_client_startgame4: [700] got startgame4 status for game "ssl" is 0x00000010 (gametype=0x2001 option=0x0049, flag=0x0000)
Aug 16 23:02:30 [debug] pvpgn::bnetd::attrlayer_save: saved 1 user accounts
Aug 16 23:02:31 [debug] pvpgn::bnetd::_client_startgame4: [700] got startgame4 status for game "ssl" is 0x00000010 (gametype=0x2001 option=0x0049, flag=0x0000)
Aug 16 23:02:33 [debug] pvpgn::bnetd::handle_udp_packet: [728] got unknown udp packet type 0x6d30f7, len 109 from 192.168.1.31:63358
Aug 16 23:02:33 [debug] pvpgn::bnetd::handle_udp_packet: [728] got unknown udp packet type 0x6d30f7, len 109 from 127.0.0.1:63358
Aug 16 23:02:34 [debug] pvpgn::bnetd::_client_startgame4: [700] got startgame4 status for game "ssl" is 0x00000010 (gametype=0x2001 option=0x0049, flag=0x0000)
Aug 16 23:02:37 [debug] pvpgn::bnetd::_client_startgame4: [700] got startgame4 status for game "ssl" is 0x00000010 (gametype=0x2001 option=0x0049, flag=0x0000)
Aug 16 23:02:39 [debug] pvpgn::bnetd::handle_udp_packet: [728] got unknown udp packet type 0x6d30f7, len 109 from 192.168.1.31:63358
Aug 16 23:02:39 [debug] pvpgn::bnetd::handle_udp_packet: [728] got unknown udp packet type 0x6d30f7, len 109 from 127.0.0.1:63358
Aug 16 23:02:40 [debug] pvpgn::bnetd::_client_startgame4: [700] got startgame4 status for game "ssl" is 0x00000010 (gametype=0x2001 option=0x0049, flag=0x0000)
Aug 16 23:02:44 [debug] pvpgn::bnetd::handle_udp_packet: [728] got unknown udp packet type 0x6d30f7, len 109 from 192.168.1.31:63358
Aug 16 23:02:44 [debug] pvpgn::bnetd::handle_udp_packet: [728] got unknown udp packet type 0x6d30f7, len 109 from 127.0.0.1:63358
Aug 16 23:02:44 [debug] pvpgn::bnetd::_client_startgame4: [700] got startgame4 status for game "ssl" is 0x00000010 (gametype=0x2001 option=0x0049, flag=0x0000)
Aug 16 23:02:46 [debug] pvpgn::bnetd::_client_startgame4: [700] got startgame4 status for game "ssl" is 0x00000010 (gametype=0x2001 option=0x0049, flag=0x0000)
Aug 16 23:02:48 [debug] pvpgn::bnetd::handle_udp_packet: [728] got unknown udp packet type 0x6d30f7, len 109 from 192.168.1.31:63358
Aug 16 23:02:48 [debug] pvpgn::bnetd::handle_udp_packet: [728] got unknown udp packet type 0x6d30f7, len 109 from 127.0.0.1:63358
Aug 16 23:02:49 [debug] pvpgn::bnetd::_client_startgame4: [700] got startgame4 status for game "ssl" is 0x00000010 (gametype=0x2001 option=0x0049, flag=0x0000)
Aug 16 23:02:52 [debug] pvpgn::bnetd::_client_startgame4: [700] got startgame4 status for game "ssl" is 0x00000010 (gametype=0x2001 option=0x0049, flag=0x0000)
Aug 16 23:02:53 [debug] pvpgn::bnetd::handle_udp_packet: [728] got unknown udp packet type 0x6d30f7, len 109 from 192.168.1.31:63358
Aug 16 23:02:53 [debug] pvpgn::bnetd::handle_udp_packet: [728] got unknown udp packet type 0x6d30f7, len 109 from 127.0.0.1:63358
Aug 16 23:02:55 [debug] pvpgn::bnetd::_client_startgame4: [700] got startgame4 status for game "ssl" is 0x00000010 (gametype=0x2001 option=0x0049, flag=0x0000)
Aug 16 23:02:59 [debug] pvpgn::bnetd::handle_udp_packet: [728] got unknown udp packet type 0x6d30f7, len 109 from 192.168.1.31:63358
Aug 16 23:02:59 [debug] pvpgn::bnetd::handle_udp_packet: [728] got unknown udp packet type 0x6d30f7, len 109 from 127.0.0.1:63358
Aug 16 23:02:59 [debug] pvpgn::bnetd::_client_startgame4: [700] got startgame4 status for game "ssl" is 0x00000010 (gametype=0x2001 option=0x0049, flag=0x0000)
Aug 16 23:03:01 [debug] pvpgn::bnetd::_client_startgame4: [700] got startgame4 status for game "ssl" is 0x00000010 (gametype=0x2001 option=0x0049, flag=0x0000)
Aug 16 23:03:03 [debug] pvpgn::bnetd::handle_udp_packet: [728] got unknown udp packet type 0x6d30f7, len 109 from 192.168.1.31:63358
Aug 16 23:03:03 [debug] pvpgn::bnetd::handle_udp_packet: [728] got unknown udp packet type 0x6d30f7, len 109 from 127.0.0.1:63358
Aug 16 23:03:04 [debug] pvpgn::bnetd::_client_startgame4: [700] got startgame4 status for game "ssl" is 0x00000010 (gametype=0x2001 option=0x0049, flag=0x0000)
Aug 16 23:03:08 [debug] pvpgn::bnetd::_client_startgame4: [700] got startgame4 status for game "ssl" is 0x00000010 (gametype=0x2001 option=0x0049, flag=0x0000)
Aug 16 23:03:09 [debug] pvpgn::bnetd::handle_udp_packet: [728] got unknown udp packet type 0x6d30f7, len 109 from 192.168.1.31:63358
Aug 16 23:03:09 [debug] pvpgn::bnetd::handle_udp_packet: [728] got unknown udp packet type 0x6d30f7, len 109 from 127.0.0.1:63358
Aug 16 23:03:10 [debug] pvpgn::bnetd::_client_startgame4: [700] got startgame4 status for game "ssl" is 0x00000010 (gametype=0x2001 option=0x0049, flag=0x0000)
Aug 16 23:03:14 [debug] pvpgn::bnetd::handle_udp_packet: [728] got unknown udp packet type 0x6d30f7, len 109 from 192.168.1.31:63358
Aug 16 23:03:14 [debug] pvpgn::bnetd::handle_udp_packet: [728] got unknown udp packet type 0x6d30f7, len 109 from 127.0.0.1:63358
Aug 16 23:03:14 [debug] pvpgn::bnetd::_client_startgame4: [700] got startgame4 status for game "ssl" is 0x00000010 (gametype=0x2001 option=0x0049, flag=0x0000)
Aug 16 23:03:17 [debug] pvpgn::bnetd::_client_startgame4: [700] got startgame4 status for game "ssl" is 0x00000010 (gametype=0x2001 option=0x0049, flag=0x0000)
Aug 16 23:03:18 [debug] pvpgn::bnetd::handle_udp_packet: [728] got unknown udp packet type 0x6d30f7, len 109 from 192.168.1.31:63358
Aug 16 23:03:18 [debug] pvpgn::bnetd::handle_udp_packet: [728] got unknown udp packet type 0x6d30f7, len 109 from 127.0.0.1:63358
Aug 16 23:03:20 [debug] pvpgn::bnetd::_client_startgame4: [700] got startgame4 status for game "ssl" is 0x00000010 (gametype=0x2001 option=0x0049, flag=0x0000)
Aug 16 23:03:22 [debug] pvpgn::bnetd::_client_startgame4: [700] got startgame4 status for game "ssl" is 0x00000010 (gametype=0x2001 option=0x0049, flag=0x0000)
Aug 16 23:03:23 [debug] pvpgn::bnetd::handle_udp_packet: [728] got unknown udp packet type 0x6d30f7, len 109 from 192.168.1.31:63358
Aug 16 23:03:23 [debug] pvpgn::bnetd::handle_udp_packet: [728] got unknown udp packet type 0x6d30f7, len 109 from 127.0.0.1:63358
Aug 16 23:03:26 [debug] pvpgn::bnetd::_client_startgame4: [700] got startgame4 status for game "ssl" is 0x00000010 (gametype=0x2001 option=0x0049, flag=0x0000)
Aug 16 23:03:27 [debug] pvpgn::bnetd::attrlayer_save: saved 1 user accounts
Aug 16 23:03:28 [debug] pvpgn::bnetd::handle_udp_packet: [728] got unknown udp packet type 0x6d30f7, len 109 from 192.168.1.31:63358
Aug 16 23:03:28 [debug] pvpgn::bnetd::handle_udp_packet: [728] got unknown udp packet type 0x6d30f7, len 109 from 127.0.0.1:63358
Aug 16 23:03:28 [debug] pvpgn::bnetd::_client_startgame4: [700] got startgame4 status for game "ssl" is 0x00000010 (gametype=0x2001 option=0x0049, flag=0x0000)
Aug 16 23:03:32 [debug] pvpgn::bnetd::_client_startgame4: [700] got startgame4 status for game "ssl" is 0x00000010 (gametype=0x2001 option=0x0049, flag=0x0000)
Aug 16 23:03:34 [debug] pvpgn::bnetd::handle_udp_packet: [728] got unknown udp packet type 0x6d30f7, len 109 from 192.168.1.31:63358
Aug 16 23:03:34 [debug] pvpgn::bnetd::handle_udp_packet: [728] got unknown udp packet type 0x6d30f7, len 109 from 127.0.0.1:63358
Aug 16 23:03:34 [debug] pvpgn::bnetd::_client_startgame4: [700] got startgame4 status for game "ssl" is 0x00000010 (gametype=0x2001 option=0x0049, flag=0x0000)
Aug 16 23:03:38 [debug] pvpgn::bnetd::_client_startgame4: [700] got startgame4 status for game "ssl" is 0x00000010 (gametype=0x2001 option=0x0049, flag=0x0000)
Aug 16 23:03:38 [debug] pvpgn::bnetd::handle_udp_packet: [728] got unknown udp packet type 0x6d30f7, len 109 from 192.168.1.31:63358
Aug 16 23:03:38 [debug] pvpgn::bnetd::handle_udp_packet: [728] got unknown udp packet type 0x6d30f7, len 109 from 127.0.0.1:63358
Aug 16 23:03:39 [debug] pvpgn::bnetd::attrlayer_save: saved 1 user accounts
Aug 16 23:03:40 [debug] pvpgn::bnetd::_client_startgame4: [700] got startgame4 status for game "ssl" is 0x00000010 (gametype=0x2001 option=0x0049, flag=0x0000)
Aug 16 23:03:43 [debug] pvpgn::bnetd::handle_udp_packet: [728] got unknown udp packet type 0x6d30f7, len 109 from 192.168.1.31:63358
Aug 16 23:03:43 [debug] pvpgn::bnetd::handle_udp_packet: [728] got unknown udp packet type 0x6d30f7, len 109 from 127.0.0.1:63358
Aug 16 23:03:43 [debug] pvpgn::bnetd::_client_startgame4: [700] got startgame4 status for game "ssl" is 0x00000010 (gametype=0x2001 option=0x0049, flag=0x0000)
Aug 16 23:03:46 [debug] pvpgn::bnetd::_client_startgame4: [700] got startgame4 status for game "ssl" is 0x00000010 (gametype=0x2001 option=0x0049, flag=0x0000)
Aug 16 23:03:48 [debug] pvpgn::bnetd::handle_udp_packet: [728] got unknown udp packet type 0x6d30f7, len 109 from 192.168.1.31:63358
Aug 16 23:03:48 [debug] pvpgn::bnetd::handle_udp_packet: [728] got unknown udp packet type 0x6d30f7, len 109 from 127.0.0.1:63358
Aug 16 23:03:49 [debug] pvpgn::bnetd::_client_startgame4: [700] got startgame4 status for game "ssl" is 0x00000010 (gametype=0x2001 option=0x0049, flag=0x0000)
Aug 16 23:03:53 [debug] pvpgn::bnetd::_client_startgame4: [700] got startgame4 status for game "ssl" is 0x00000010 (gametype=0x2001 option=0x0049, flag=0x0000)
Aug 16 23:03:55 [info ] pvpgn::bnetd::_client_closegame: [700] client closing game
Aug 16 23:03:55 [debug] lua/handle_game.lua:121: [UPLOAD] Hold liberado para: SS-Ryan (partida 6 inicio, status 0)
Aug 16 23:03:56 [debug] pvpgn::bnetd::account_get_highestladderlevel: Checking for highest level in Solo,Team,FFA,AT Ladder Stats
Aug 16 23:03:56 [debug] pvpgn::bnetd::account_get_highestladderlevel: Solo Level: 0, Team Level 0, FFA Level 0, Highest AT Team Level: 0
Aug 16 23:03:56 [info ] pvpgn::bnetd::conn_update_w3_playerinfo: [700] PX3W
Aug 16 23:03:56 [info ] pvpgn::bnetd::_client_joinchannel: [700] CLIENT_JOINCHANNEL_CREATE channel "The Void"
Aug 16 23:03:56 [info ] pvpgn::bnetd::_client_joinchannel: [700] CLIENT_JOINCHANNEL_CREATE channel "The Void"
Aug 16 23:03:56 [debug] pvpgn::bnetd::WatchComponent::dispatch_whisper: notified 1 friends about prueba77
Aug 16 23:03:56 [debug] pvpgn::bnetd::game_del_player: game "ssl" has ref=9, count=9; trying to remove player "prueba77"
Aug 16 23:03:56 [debug] pvpgn::bnetd::game_del_player: removing player #0 "prueba77" from "ssl", 8 players left
Aug 16 23:03:56 [debug] pvpgn::bnetd::game_del_player: player "prueba77" left without reporting (valid) results
Aug 16 23:03:56 [debug] pvpgn::bnetd::game_del_player: player deleted... (ref=9)
Aug 16 23:03:56 [info ] lua/handle_channel.lua:17: [TEST] Usuario prueba77 entró a canal The Void
Aug 16 23:03:56 [debug] lua/handle_channel.lua:17: [BOT-MANAGER] Bot regresó y fue limpiado: prueba77
Aug 16 23:03:56 [info ] pvpgn::bnetd::conn_set_channel: [700] joined channel "The Void"
Aug 16 23:03:56 [debug] pvpgn::bnetd::class_topic::class_topiclist::get: returning nullptr
Aug 16 23:05:19 [debug] pvpgn::bnetd::attrlayer_save: saved 1 user accounts
Aug 16 23:06:04 [debug] pvpgn::bnetd::attrlayer_save: saved 1 user accounts
Aug 16 23:20:48 [info ] pvpgn::bnetd::_client_closegame: [600] client closing game
Aug 16 23:20:48 [debug] pvpgn::bnetd::game_del_player: game "ssl" has ref=8, count=9; trying to remove player "Mallowfrk"
Aug 16 23:20:48 [debug] pvpgn::bnetd::game_del_player: removing player #3 "Mallowfrk" from "ssl", 7 players left
Aug 16 23:20:48 [debug] pvpgn::bnetd::game_del_player: player "Mallowfrk" left without reporting (valid) results
Aug 16 23:20:48 [debug] pvpgn::bnetd::game_del_player: player deleted... (ref=8)
Aug 16 23:21:49 [debug] pvpgn::bnetd::sd_tcpinput: [600] read returned -1 (closing connection)
Aug 16 23:21:49 [debug] pvpgn::bnetd::ipc_remove_username: [IPC] REMOVE_USERNAME 'Mallowfrk' resp: NOT_FOUND
Aug 16 23:21:49 [info ] pvpgn::bnetd::conn_destroy: [600] "Mallowfrk" logged out
Aug 16 23:21:49 [debug] lua/handle_user.lua:31: User disconnect: Mallowfrk
Aug 16 23:21:49 [info ] pvpgn::bnetd::conn_destroy: [600] closed bnet connection
Aug 16 23:36:26 [debug] pvpgn::bnetd::ipbanlist_check: lastcheck: 1786939257, now: 1786941386, now-lc: 2129.
Aug 16 23:36:26 [debug] pvpgn::bnetd::ipbanlist_check: checking 38.250.158.175
Aug 16 23:36:26 [info ] pvpgn::bnetd::sd_accept: [776] accepted connection from 38.250.158.175:10041 on 0.0.0.0:6112
Aug 16 23:36:26 [debug] pvpgn::bnetd::conn_create: [776][728] sessionkey=0x1786957182 sessionnum=0x00000020
Aug 16 23:36:26 [debug] pvpgn::bnetd::sd_accept: [776] client connected to a bnet listening address
Aug 16 23:36:26 [info ] pvpgn::bnetd::handle_init_packet: [776] client initiated bnet connection
Aug 16 23:36:26 [debug] pvpgn::bnetd::conn_set_class: added latency check timer
Aug 16 23:36:26 [debug] pvpgn::bnetd::_client_auth_info: [776] AUTH_INFO packet { protocol=0x0, platform=IX86, product=W3XP, versionid=0x1b, language=esES, localip=0x1512a8c0, tzbias=012c, locale=10250, language=3082, country=PER.Peru }
Aug 16 23:36:26 [info ] pvpgn::bnetd::conn_set_gamelang: [776] setting client gamelang to "esES"
Aug 16 23:36:26 [info ] pvpgn::bnetd::conn_set_client_localip: [IPC] [776] client_localip set to 21.18.168.192 (public_ip=38.250.158.175)
Aug 16 23:36:26 [debug] pvpgn::bnetd::_client_auth_info: [776] selected "ver-IX86-1.mpq" "B=454282227 C=2370009462 A=2264812340 4 A=A^S B=B-C C=C-A A=A+B"
Aug 16 23:36:26 [info ] pvpgn::bnetd::_client_authreq109: [776] CLIENT_AUTHREQ_109 ticks=0x1053b222, verstr=1.27.1.173 exeinfo="war3.exe 05/20/25 02:31:49 515048" versionid=0x0000001b gameversion=0x011b01ad checksum=0x4026b5b0
Aug 16 23:36:26 [info ] pvpgn::bnetd::_client_authreq109: [776] client matches versiontag "W3XP_127B"
Aug 16 23:36:26 [info ] pvpgn::bnetd::_client_authreq109: [776] no upgrade is available
Aug 16 23:36:26 [info ] pvpgn::bnetd::_client_fileinforeq: [776] file requested: "termsofservice-esES.txt" - type = 0x01
Aug 16 23:36:26 [info ] pvpgn::bnetd::_client_fileinforeq: [776] file requested: "newaccount-esES.txt" - type = 0x02
Aug 16 23:36:26 [info ] pvpgn::bnetd::_client_fileinforeq: [776] file requested: "chathelp-war3-esES.txt" - type = 0x03
Aug 16 23:36:27 [info ] pvpgn::bnetd::_client_fileinforeq: [776] file requested: "bnserver-WAR3.ini" - type = 0x05
Aug 16 23:36:32 [info ] pvpgn::bnetd::_client_loginreqw3: [776] (W3) "Mallowfrk" passed account check
Aug 16 23:36:32 [info ] pvpgn::bnetd::_client_logonproofreq: [776] logon proof requested
Aug 16 23:36:32 [info ] pvpgn::bnetd::_client_logonproofreq: [776] (W3) "Mallowfrk" logged in (right password)
Aug 16 23:36:32 [debug] pvpgn::bnetd::ipc_register_user: [IPC] No hay MapClient para ip_pub=38.250.158.175 ip_local=192.168.18.21 (resp: NOT_FOUND)
Aug 16 23:36:32 [debug] pvpgn::bnetd::_client_anongame_infos: client_tag request tagid=(0x0) tag=(CLIENT_FINDANONGAME_INFOTAG_URL)  tag_unk=(0x0000)
Aug 16 23:36:32 [debug] pvpgn::bnetd::_client_anongame_infos: client_tag request tagid=(0x1) tag=(CLIENT_FINDANONGAME_INFOTAG_MAP)  tag_unk=(0x0000)
Aug 16 23:36:32 [debug] pvpgn::bnetd::_client_anongame_infos: client_tag request tagid=(0x2) tag=(CLIENT_FINDANONGAME_INFOTAG_TYPE) tag_unk=(0x0000)
Aug 16 23:36:32 [debug] pvpgn::bnetd::_client_anongame_infos: client_tag request tagid=(0x3) tag=(CLIENT_FINDANONGAME_INFOTAG_DESC) tag_unk=(0x0000)
Aug 16 23:36:32 [debug] pvpgn::bnetd::_client_anongame_infos: client_tag request tagid=(0x4) tag=(CLIENT_FINDANONGAME_INFOTAG_LADR) tag_unk=(0x0000)
Aug 16 23:36:39 [debug] pvpgn::bnetd::_client_gamelistreq: GAMELISTREPLY looking for public games tag="W3XP" bngtype=0x0000e000 gtype=all
Aug 16 23:36:39 [debug] pvpgn::bnetd::_glist_cb: [776] considering listing game="ssl", pass="" clienttag="W3XP" gtype=1
Aug 16 23:36:39 [debug] pvpgn::bnetd::_glist_cb: [776] not listing because game is not open
Aug 16 23:36:39 [debug] pvpgn::bnetd::_client_gamelistreq: [776] GAMELISTREPLY sent 0 of 1 games
Aug 16 23:36:47 [debug] pvpgn::bnetd::_client_gamelistreq: GAMELISTREPLY looking for public games tag="W3XP" bngtype=0x0000e000 gtype=all
Aug 16 23:36:47 [debug] pvpgn::bnetd::_glist_cb: [776] considering listing game="ssl", pass="" clienttag="W3XP" gtype=1
Aug 16 23:36:47 [debug] pvpgn::bnetd::_glist_cb: [776] not listing because game is not open
Aug 16 23:36:47 [debug] pvpgn::bnetd::_client_gamelistreq: [776] GAMELISTREPLY sent 0 of 1 games
Aug 16 23:36:55 [debug] pvpgn::bnetd::_client_gamelistreq: GAMELISTREPLY looking for public games tag="W3XP" bngtype=0x0000e000 gtype=all
Aug 16 23:36:55 [debug] pvpgn::bnetd::_glist_cb: [776] considering listing game="ssl", pass="" clienttag="W3XP" gtype=1
Aug 16 23:36:55 [debug] pvpgn::bnetd::_glist_cb: [776] not listing because game is not open
Aug 16 23:36:55 [debug] pvpgn::bnetd::_client_gamelistreq: [776] GAMELISTREPLY sent 0 of 1 games
Aug 16 23:37:03 [debug] pvpgn::bnetd::_client_gamelistreq: GAMELISTREPLY looking for public games tag="W3XP" bngtype=0x0000e000 gtype=all
Aug 16 23:37:03 [debug] pvpgn::bnetd::_glist_cb: [776] considering listing game="ssl", pass="" clienttag="W3XP" gtype=1
Aug 16 23:37:03 [debug] pvpgn::bnetd::_glist_cb: [776] not listing because game is not open
Aug 16 23:37:03 [debug] pvpgn::bnetd::_client_gamelistreq: [776] GAMELISTREPLY sent 0 of 1 games
Aug 16 23:37:11 [debug] pvpgn::bnetd::_client_gamelistreq: GAMELISTREPLY looking for public games tag="W3XP" bngtype=0x0000e000 gtype=all
Aug 16 23:37:11 [debug] pvpgn::bnetd::_glist_cb: [776] considering listing game="ssl", pass="" clienttag="W3XP" gtype=1
Aug 16 23:37:11 [debug] pvpgn::bnetd::_glist_cb: [776] not listing because game is not open
Aug 16 23:37:11 [debug] pvpgn::bnetd::_client_gamelistreq: [776] GAMELISTREPLY sent 0 of 1 games
Aug 16 23:37:15 [debug] pvpgn::bnetd::_client_gamelistreq: GAMELISTREPLY looking for public games tag="W3XP" bngtype=0x0000e000 gtype=all
Aug 16 23:37:15 [debug] pvpgn::bnetd::_glist_cb: [776] considering listing game="ssl", pass="" clienttag="W3XP" gtype=1
Aug 16 23:37:15 [debug] pvpgn::bnetd::_glist_cb: [776] not listing because game is not open
Aug 16 23:37:15 [debug] pvpgn::bnetd::_client_gamelistreq: [776] GAMELISTREPLY sent 0 of 1 games
Aug 16 23:37:23 [debug] pvpgn::bnetd::_client_gamelistreq: GAMELISTREPLY looking for public games tag="W3XP" bngtype=0x0000e000 gtype=all
Aug 16 23:37:23 [debug] pvpgn::bnetd::_glist_cb: [776] considering listing game="ssl", pass="" clienttag="W3XP" gtype=1
Aug 16 23:37:23 [debug] pvpgn::bnetd::_glist_cb: [776] not listing because game is not open
Aug 16 23:37:23 [debug] pvpgn::bnetd::_client_gamelistreq: [776] GAMELISTREPLY sent 0 of 1 games
Aug 16 23:37:31 [debug] pvpgn::bnetd::_client_gamelistreq: GAMELISTREPLY looking for public games tag="W3XP" bngtype=0x0000e000 gtype=all
Aug 16 23:37:31 [debug] pvpgn::bnetd::_glist_cb: [776] considering listing game="ssl", pass="" clienttag="W3XP" gtype=1
Aug 16 23:37:31 [debug] pvpgn::bnetd::_glist_cb: [776] not listing because game is not open
Aug 16 23:37:31 [debug] pvpgn::bnetd::_client_gamelistreq: [776] GAMELISTREPLY sent 0 of 1 games
Aug 16 23:37:39 [debug] pvpgn::bnetd::_client_gamelistreq: GAMELISTREPLY looking for public games tag="W3XP" bngtype=0x0000e000 gtype=all
Aug 16 23:37:39 [debug] pvpgn::bnetd::_glist_cb: [776] considering listing game="ssl", pass="" clienttag="W3XP" gtype=1
Aug 16 23:37:39 [debug] pvpgn::bnetd::_glist_cb: [776] not listing because game is not open
Aug 16 23:37:39 [debug] pvpgn::bnetd::_client_gamelistreq: [776] GAMELISTREPLY sent 0 of 1 games
Aug 16 23:37:47 [debug] pvpgn::bnetd::_client_gamelistreq: GAMELISTREPLY looking for public games tag="W3XP" bngtype=0x0000e000 gtype=all
Aug 16 23:37:47 [debug] pvpgn::bnetd::_glist_cb: [776] considering listing game="ssl", pass="" clienttag="W3XP" gtype=1
Aug 16 23:37:47 [debug] pvpgn::bnetd::_glist_cb: [776] not listing because game is not open
Aug 16 23:37:47 [debug] pvpgn::bnetd::_client_gamelistreq: [776] GAMELISTREPLY sent 0 of 1 games
Aug 16 23:37:55 [debug] pvpgn::bnetd::_client_gamelistreq: GAMELISTREPLY looking for public games tag="W3XP" bngtype=0x0000e000 gtype=all
Aug 16 23:37:55 [debug] pvpgn::bnetd::_glist_cb: [776] considering listing game="ssl", pass="" clienttag="W3XP" gtype=1
Aug 16 23:37:55 [debug] pvpgn::bnetd::_glist_cb: [776] not listing because game is not open
Aug 16 23:37:55 [debug] pvpgn::bnetd::_client_gamelistreq: [776] GAMELISTREPLY sent 0 of 1 games
Aug 16 23:38:03 [debug] pvpgn::bnetd::_client_gamelistreq: GAMELISTREPLY looking for public games tag="W3XP" bngtype=0x0000e000 gtype=all
Aug 16 23:38:03 [debug] pvpgn::bnetd::_glist_cb: [776] considering listing game="ssl", pass="" clienttag="W3XP" gtype=1
Aug 16 23:38:03 [debug] pvpgn::bnetd::_glist_cb: [776] not listing because game is not open
Aug 16 23:38:03 [debug] pvpgn::bnetd::_client_gamelistreq: [776] GAMELISTREPLY sent 0 of 1 games
Aug 16 23:38:11 [debug] pvpgn::bnetd::_client_gamelistreq: GAMELISTREPLY looking for public games tag="W3XP" bngtype=0x0000e000 gtype=all
Aug 16 23:38:11 [debug] pvpgn::bnetd::_glist_cb: [776] considering listing game="ssl", pass="" clienttag="W3XP" gtype=1
Aug 16 23:38:11 [debug] pvpgn::bnetd::_glist_cb: [776] not listing because game is not open
Aug 16 23:38:11 [debug] pvpgn::bnetd::_client_gamelistreq: [776] GAMELISTREPLY sent 0 of 1 games
Aug 16 23:38:19 [debug] pvpgn::bnetd::_client_gamelistreq: GAMELISTREPLY looking for public games tag="W3XP" bngtype=0x0000e000 gtype=all
Aug 16 23:38:19 [debug] pvpgn::bnetd::_glist_cb: [776] considering listing game="ssl", pass="" clienttag="W3XP" gtype=1
Aug 16 23:38:19 [debug] pvpgn::bnetd::_glist_cb: [776] not listing because game is not open
Aug 16 23:38:19 [debug] pvpgn::bnetd::_client_gamelistreq: [776] GAMELISTREPLY sent 0 of 1 games
Aug 16 23:38:27 [debug] pvpgn::bnetd::_client_gamelistreq: GAMELISTREPLY looking for public games tag="W3XP" bngtype=0x0000e000 gtype=all
Aug 16 23:38:27 [debug] pvpgn::bnetd::_glist_cb: [776] considering listing game="ssl", pass="" clienttag="W3XP" gtype=1
Aug 16 23:38:27 [debug] pvpgn::bnetd::_glist_cb: [776] not listing because game is not open
Aug 16 23:38:27 [debug] pvpgn::bnetd::_client_gamelistreq: [776] GAMELISTREPLY sent 0 of 1 games
Aug 16 23:38:35 [debug] pvpgn::bnetd::_client_gamelistreq: GAMELISTREPLY looking for public games tag="W3XP" bngtype=0x0000e000 gtype=all
Aug 16 23:38:35 [debug] pvpgn::bnetd::_glist_cb: [776] considering listing game="ssl", pass="" clienttag="W3XP" gtype=1
Aug 16 23:38:35 [debug] pvpgn::bnetd::_glist_cb: [776] not listing because game is not open
Aug 16 23:38:35 [debug] pvpgn::bnetd::_client_gamelistreq: [776] GAMELISTREPLY sent 0 of 1 games
Aug 16 23:38:43 [debug] pvpgn::bnetd::_client_gamelistreq: GAMELISTREPLY looking for public games tag="W3XP" bngtype=0x0000e000 gtype=all
Aug 16 23:38:43 [debug] pvpgn::bnetd::_glist_cb: [776] considering listing game="ssl", pass="" clienttag="W3XP" gtype=1
Aug 16 23:38:43 [debug] pvpgn::bnetd::_glist_cb: [776] not listing because game is not open
Aug 16 23:38:43 [debug] pvpgn::bnetd::_client_gamelistreq: [776] GAMELISTREPLY sent 0 of 1 games
Aug 16 23:38:51 [debug] pvpgn::bnetd::_client_gamelistreq: GAMELISTREPLY looking for public games tag="W3XP" bngtype=0x0000e000 gtype=all
Aug 16 23:38:51 [debug] pvpgn::bnetd::_glist_cb: [776] considering listing game="ssl", pass="" clienttag="W3XP" gtype=1
Aug 16 23:38:51 [debug] pvpgn::bnetd::_glist_cb: [776] not listing because game is not open
Aug 16 23:38:51 [debug] pvpgn::bnetd::_client_gamelistreq: [776] GAMELISTREPLY sent 0 of 1 games
Aug 16 23:38:59 [debug] pvpgn::bnetd::_client_gamelistreq: GAMELISTREPLY looking for public games tag="W3XP" bngtype=0x0000e000 gtype=all
Aug 16 23:38:59 [debug] pvpgn::bnetd::_glist_cb: [776] considering listing game="ssl", pass="" clienttag="W3XP" gtype=1
Aug 16 23:38:59 [debug] pvpgn::bnetd::_glist_cb: [776] not listing because game is not open
Aug 16 23:38:59 [debug] pvpgn::bnetd::_client_gamelistreq: [776] GAMELISTREPLY sent 0 of 1 games
Aug 16 23:39:07 [debug] pvpgn::bnetd::_client_gamelistreq: GAMELISTREPLY looking for public games tag="W3XP" bngtype=0x0000e000 gtype=all
Aug 16 23:39:07 [debug] pvpgn::bnetd::_glist_cb: [776] considering listing game="ssl", pass="" clienttag="W3XP" gtype=1
Aug 16 23:39:07 [debug] pvpgn::bnetd::_glist_cb: [776] not listing because game is not open
Aug 16 23:39:07 [debug] pvpgn::bnetd::_client_gamelistreq: [776] GAMELISTREPLY sent 0 of 1 games
Aug 16 23:39:15 [debug] pvpgn::bnetd::_client_gamelistreq: GAMELISTREPLY looking for public games tag="W3XP" bngtype=0x0000e000 gtype=all
Aug 16 23:39:15 [debug] pvpgn::bnetd::_glist_cb: [776] considering listing game="ssl", pass="" clienttag="W3XP" gtype=1
Aug 16 23:39:15 [debug] pvpgn::bnetd::_glist_cb: [776] not listing because game is not open
Aug 16 23:39:15 [debug] pvpgn::bnetd::_client_gamelistreq: [776] GAMELISTREPLY sent 0 of 1 games
Aug 16 23:39:23 [debug] pvpgn::bnetd::_client_gamelistreq: GAMELISTREPLY looking for public games tag="W3XP" bngtype=0x0000e000 gtype=all
Aug 16 23:39:23 [debug] pvpgn::bnetd::_glist_cb: [776] considering listing game="ssl", pass="" clienttag="W3XP" gtype=1
Aug 16 23:39:23 [debug] pvpgn::bnetd::_glist_cb: [776] not listing because game is not open
Aug 16 23:39:23 [debug] pvpgn::bnetd::_client_gamelistreq: [776] GAMELISTREPLY sent 0 of 1 games
Aug 16 23:39:31 [debug] pvpgn::bnetd::_client_gamelistreq: GAMELISTREPLY looking for public games tag="W3XP" bngtype=0x0000e000 gtype=all
Aug 16 23:39:31 [debug] pvpgn::bnetd::_glist_cb: [776] considering listing game="ssl", pass="" clienttag="W3XP" gtype=1
Aug 16 23:39:31 [debug] pvpgn::bnetd::_glist_cb: [776] not listing because game is not open
Aug 16 23:39:31 [debug] pvpgn::bnetd::_client_gamelistreq: [776] GAMELISTREPLY sent 0 of 1 games
Aug 16 23:39:39 [debug] pvpgn::bnetd::_client_gamelistreq: GAMELISTREPLY looking for public games tag="W3XP" bngtype=0x0000e000 gtype=all
Aug 16 23:39:39 [debug] pvpgn::bnetd::_glist_cb: [776] considering listing game="ssl", pass="" clienttag="W3XP" gtype=1
Aug 16 23:39:39 [debug] pvpgn::bnetd::_glist_cb: [776] not listing because game is not open
Aug 16 23:39:39 [debug] pvpgn::bnetd::_client_gamelistreq: [776] GAMELISTREPLY sent 0 of 1 games
Aug 16 23:39:47 [debug] pvpgn::bnetd::_client_gamelistreq: GAMELISTREPLY looking for public games tag="W3XP" bngtype=0x0000e000 gtype=all
Aug 16 23:39:47 [debug] pvpgn::bnetd::_glist_cb: [776] considering listing game="ssl", pass="" clienttag="W3XP" gtype=1
Aug 16 23:39:47 [debug] pvpgn::bnetd::_glist_cb: [776] not listing because game is not open
Aug 16 23:39:47 [debug] pvpgn::bnetd::_client_gamelistreq: [776] GAMELISTREPLY sent 0 of 1 games
Aug 16 23:39:55 [debug] pvpgn::bnetd::_client_gamelistreq: GAMELISTREPLY looking for public games tag="W3XP" bngtype=0x0000e000 gtype=all
Aug 16 23:39:55 [debug] pvpgn::bnetd::_glist_cb: [776] considering listing game="ssl", pass="" clienttag="W3XP" gtype=1
Aug 16 23:39:55 [debug] pvpgn::bnetd::_glist_cb: [776] not listing because game is not open
Aug 16 23:39:55 [debug] pvpgn::bnetd::_client_gamelistreq: [776] GAMELISTREPLY sent 0 of 1 games
Aug 16 23:40:03 [debug] pvpgn::bnetd::_client_gamelistreq: GAMELISTREPLY looking for public games tag="W3XP" bngtype=0x0000e000 gtype=all
Aug 16 23:40:03 [debug] pvpgn::bnetd::_glist_cb: [776] considering listing game="ssl", pass="" clienttag="W3XP" gtype=1
Aug 16 23:40:03 [debug] pvpgn::bnetd::_glist_cb: [776] not listing because game is not open
Aug 16 23:40:03 [debug] pvpgn::bnetd::_client_gamelistreq: [776] GAMELISTREPLY sent 0 of 1 games
Aug 16 23:40:11 [debug] pvpgn::bnetd::_client_gamelistreq: GAMELISTREPLY looking for public games tag="W3XP" bngtype=0x0000e000 gtype=all
Aug 16 23:40:11 [debug] pvpgn::bnetd::_glist_cb: [776] considering listing game="ssl", pass="" clienttag="W3XP" gtype=1
Aug 16 23:40:11 [debug] pvpgn::bnetd::_glist_cb: [776] not listing because game is not open
Aug 16 23:40:11 [debug] pvpgn::bnetd::_client_gamelistreq: [776] GAMELISTREPLY sent 0 of 1 games
Aug 16 23:40:19 [debug] pvpgn::bnetd::_client_gamelistreq: GAMELISTREPLY looking for public games tag="W3XP" bngtype=0x0000e000 gtype=all
Aug 16 23:40:19 [debug] pvpgn::bnetd::_glist_cb: [776] considering listing game="ssl", pass="" clienttag="W3XP" gtype=1
Aug 16 23:40:19 [debug] pvpgn::bnetd::_glist_cb: [776] not listing because game is not open
Aug 16 23:40:19 [debug] pvpgn::bnetd::_client_gamelistreq: [776] GAMELISTREPLY sent 0 of 1 games
Aug 16 23:40:27 [debug] pvpgn::bnetd::_client_gamelistreq: GAMELISTREPLY looking for public games tag="W3XP" bngtype=0x0000e000 gtype=all
Aug 16 23:40:27 [debug] pvpgn::bnetd::_glist_cb: [776] considering listing game="ssl", pass="" clienttag="W3XP" gtype=1
Aug 16 23:40:27 [debug] pvpgn::bnetd::_glist_cb: [776] not listing because game is not open
Aug 16 23:40:27 [debug] pvpgn::bnetd::_client_gamelistreq: [776] GAMELISTREPLY sent 0 of 1 games
Aug 16 23:40:35 [debug] pvpgn::bnetd::_client_gamelistreq: GAMELISTREPLY looking for public games tag="W3XP" bngtype=0x0000e000 gtype=all
Aug 16 23:40:35 [debug] pvpgn::bnetd::_glist_cb: [776] considering listing game="ssl", pass="" clienttag="W3XP" gtype=1
Aug 16 23:40:35 [debug] pvpgn::bnetd::_glist_cb: [776] not listing because game is not open
Aug 16 23:40:35 [debug] pvpgn::bnetd::_client_gamelistreq: [776] GAMELISTREPLY sent 0 of 1 games
Aug 16 23:40:43 [debug] pvpgn::bnetd::_client_gamelistreq: GAMELISTREPLY looking for public games tag="W3XP" bngtype=0x0000e000 gtype=all
Aug 16 23:40:43 [debug] pvpgn::bnetd::_glist_cb: [776] considering listing game="ssl", pass="" clienttag="W3XP" gtype=1
Aug 16 23:40:43 [debug] pvpgn::bnetd::_glist_cb: [776] not listing because game is not open
Aug 16 23:40:43 [debug] pvpgn::bnetd::_client_gamelistreq: [776] GAMELISTREPLY sent 0 of 1 games
Aug 16 23:40:51 [debug] pvpgn::bnetd::_client_gamelistreq: GAMELISTREPLY looking for public games tag="W3XP" bngtype=0x0000e000 gtype=all
Aug 16 23:40:51 [debug] pvpgn::bnetd::_glist_cb: [776] considering listing game="ssl", pass="" clienttag="W3XP" gtype=1
Aug 16 23:40:51 [debug] pvpgn::bnetd::_glist_cb: [776] not listing because game is not open
Aug 16 23:40:51 [debug] pvpgn::bnetd::_client_gamelistreq: [776] GAMELISTREPLY sent 0 of 1 games
Aug 16 23:40:59 [debug] pvpgn::bnetd::_client_gamelistreq: GAMELISTREPLY looking for public games tag="W3XP" bngtype=0x0000e000 gtype=all
Aug 16 23:40:59 [debug] pvpgn::bnetd::_glist_cb: [776] considering listing game="ssl", pass="" clienttag="W3XP" gtype=1
Aug 16 23:40:59 [debug] pvpgn::bnetd::_glist_cb: [776] not listing because game is not open
Aug 16 23:40:59 [debug] pvpgn::bnetd::_client_gamelistreq: [776] GAMELISTREPLY sent 0 of 1 games
Aug 16 23:41:07 [debug] pvpgn::bnetd::_client_gamelistreq: GAMELISTREPLY looking for public games tag="W3XP" bngtype=0x0000e000 gtype=all
Aug 16 23:41:07 [debug] pvpgn::bnetd::_glist_cb: [776] considering listing game="ssl", pass="" clienttag="W3XP" gtype=1
Aug 16 23:41:07 [debug] pvpgn::bnetd::_glist_cb: [776] not listing because game is not open
Aug 16 23:41:07 [debug] pvpgn::bnetd::_client_gamelistreq: [776] GAMELISTREPLY sent 0 of 1 games
Aug 16 23:41:15 [debug] pvpgn::bnetd::_client_gamelistreq: GAMELISTREPLY looking for public games tag="W3XP" bngtype=0x0000e000 gtype=all
Aug 16 23:41:15 [debug] pvpgn::bnetd::_glist_cb: [776] considering listing game="ssl", pass="" clienttag="W3XP" gtype=1
Aug 16 23:41:15 [debug] pvpgn::bnetd::_glist_cb: [776] not listing because game is not open
Aug 16 23:41:15 [debug] pvpgn::bnetd::_client_gamelistreq: [776] GAMELISTREPLY sent 0 of 1 games
Aug 16 23:41:23 [debug] pvpgn::bnetd::_client_gamelistreq: GAMELISTREPLY looking for public games tag="W3XP" bngtype=0x0000e000 gtype=all
Aug 16 23:41:23 [debug] pvpgn::bnetd::_glist_cb: [776] considering listing game="ssl", pass="" clienttag="W3XP" gtype=1
Aug 16 23:41:23 [debug] pvpgn::bnetd::_glist_cb: [776] not listing because game is not open
Aug 16 23:41:23 [debug] pvpgn::bnetd::_client_gamelistreq: [776] GAMELISTREPLY sent 0 of 1 games
Aug 16 23:41:31 [debug] pvpgn::bnetd::_client_gamelistreq: GAMELISTREPLY looking for public games tag="W3XP" bngtype=0x0000e000 gtype=all
Aug 16 23:41:31 [debug] pvpgn::bnetd::_glist_cb: [776] considering listing game="ssl", pass="" clienttag="W3XP" gtype=1
Aug 16 23:41:31 [debug] pvpgn::bnetd::_glist_cb: [776] not listing because game is not open
Aug 16 23:41:31 [debug] pvpgn::bnetd::_client_gamelistreq: [776] GAMELISTREPLY sent 0 of 1 games
Aug 16 23:41:32 [debug] pvpgn::bnetd::attrlayer_save: saved 1 user accounts
Aug 16 23:41:39 [debug] pvpgn::bnetd::_client_gamelistreq: GAMELISTREPLY looking for public games tag="W3XP" bngtype=0x0000e000 gtype=all
Aug 16 23:41:39 [debug] pvpgn::bnetd::_glist_cb: [776] considering listing game="ssl", pass="" clienttag="W3XP" gtype=1
Aug 16 23:41:39 [debug] pvpgn::bnetd::_glist_cb: [776] not listing because game is not open
Aug 16 23:41:39 [debug] pvpgn::bnetd::_client_gamelistreq: [776] GAMELISTREPLY sent 0 of 1 games
Aug 16 23:41:47 [debug] pvpgn::bnetd::_client_gamelistreq: GAMELISTREPLY looking for public games tag="W3XP" bngtype=0x0000e000 gtype=all
Aug 16 23:41:47 [debug] pvpgn::bnetd::_glist_cb: [776] considering listing game="ssl", pass="" clienttag="W3XP" gtype=1
Aug 16 23:41:47 [debug] pvpgn::bnetd::_glist_cb: [776] not listing because game is not open
Aug 16 23:41:47 [debug] pvpgn::bnetd::_client_gamelistreq: [776] GAMELISTREPLY sent 0 of 1 games
Aug 16 23:41:55 [debug] pvpgn::bnetd::_client_gamelistreq: GAMELISTREPLY looking for public games tag="W3XP" bngtype=0x0000e000 gtype=all
Aug 16 23:41:55 [debug] pvpgn::bnetd::_glist_cb: [776] considering listing game="ssl", pass="" clienttag="W3XP" gtype=1
Aug 16 23:41:55 [debug] pvpgn::bnetd::_glist_cb: [776] not listing because game is not open
Aug 16 23:41:55 [debug] pvpgn::bnetd::_client_gamelistreq: [776] GAMELISTREPLY sent 0 of 1 games
Aug 16 23:42:03 [debug] pvpgn::bnetd::_client_gamelistreq: GAMELISTREPLY looking for public games tag="W3XP" bngtype=0x0000e000 gtype=all
Aug 16 23:42:03 [debug] pvpgn::bnetd::_glist_cb: [776] considering listing game="ssl", pass="" clienttag="W3XP" gtype=1
Aug 16 23:42:03 [debug] pvpgn::bnetd::_glist_cb: [776] not listing because game is not open
Aug 16 23:42:03 [debug] pvpgn::bnetd::_client_gamelistreq: [776] GAMELISTREPLY sent 0 of 1 games
Aug 16 23:42:11 [debug] pvpgn::bnetd::_client_gamelistreq: GAMELISTREPLY looking for public games tag="W3XP" bngtype=0x0000e000 gtype=all
Aug 16 23:42:11 [debug] pvpgn::bnetd::_glist_cb: [776] considering listing game="ssl", pass="" clienttag="W3XP" gtype=1
Aug 16 23:42:11 [debug] pvpgn::bnetd::_glist_cb: [776] not listing because game is not open
Aug 16 23:42:11 [debug] pvpgn::bnetd::_client_gamelistreq: [776] GAMELISTREPLY sent 0 of 1 games
Aug 16 23:42:19 [debug] pvpgn::bnetd::_client_gamelistreq: GAMELISTREPLY looking for public games tag="W3XP" bngtype=0x0000e000 gtype=all
Aug 16 23:42:19 [debug] pvpgn::bnetd::_glist_cb: [776] considering listing game="ssl", pass="" clienttag="W3XP" gtype=1
Aug 16 23:42:19 [debug] pvpgn::bnetd::_glist_cb: [776] not listing because game is not open
Aug 16 23:42:19 [debug] pvpgn::bnetd::_client_gamelistreq: [776] GAMELISTREPLY sent 0 of 1 games
Aug 16 23:42:27 [debug] pvpgn::bnetd::_client_gamelistreq: GAMELISTREPLY looking for public games tag="W3XP" bngtype=0x0000e000 gtype=all
Aug 16 23:42:27 [debug] pvpgn::bnetd::_glist_cb: [776] considering listing game="ssl", pass="" clienttag="W3XP" gtype=1
Aug 16 23:42:27 [debug] pvpgn::bnetd::_glist_cb: [776] not listing because game is not open
Aug 16 23:42:27 [debug] pvpgn::bnetd::_client_gamelistreq: [776] GAMELISTREPLY sent 0 of 1 games
Aug 16 23:42:35 [debug] pvpgn::bnetd::_client_gamelistreq: GAMELISTREPLY looking for public games tag="W3XP" bngtype=0x0000e000 gtype=all
Aug 16 23:42:35 [debug] pvpgn::bnetd::_glist_cb: [776] considering listing game="ssl", pass="" clienttag="W3XP" gtype=1
Aug 16 23:42:35 [debug] pvpgn::bnetd::_glist_cb: [776] not listing because game is not open
Aug 16 23:42:35 [debug] pvpgn::bnetd::_client_gamelistreq: [776] GAMELISTREPLY sent 0 of 1 games
Aug 16 23:42:43 [debug] pvpgn::bnetd::_client_gamelistreq: GAMELISTREPLY looking for public games tag="W3XP" bngtype=0x0000e000 gtype=all
Aug 16 23:42:43 [debug] pvpgn::bnetd::_glist_cb: [776] considering listing game="ssl", pass="" clienttag="W3XP" gtype=1
Aug 16 23:42:43 [debug] pvpgn::bnetd::_glist_cb: [776] not listing because game is not open
Aug 16 23:42:43 [debug] pvpgn::bnetd::_client_gamelistreq: [776] GAMELISTREPLY sent 0 of 1 games
Aug 16 23:42:51 [debug] pvpgn::bnetd::_client_gamelistreq: GAMELISTREPLY looking for public games tag="W3XP" bngtype=0x0000e000 gtype=all
Aug 16 23:42:51 [debug] pvpgn::bnetd::_glist_cb: [776] considering listing game="ssl", pass="" clienttag="W3XP" gtype=1
Aug 16 23:42:51 [debug] pvpgn::bnetd::_glist_cb: [776] not listing because game is not open
Aug 16 23:42:51 [debug] pvpgn::bnetd::_client_gamelistreq: [776] GAMELISTREPLY sent 0 of 1 games
Aug 16 23:42:59 [debug] pvpgn::bnetd::_client_gamelistreq: GAMELISTREPLY looking for public games tag="W3XP" bngtype=0x0000e000 gtype=all
Aug 16 23:42:59 [debug] pvpgn::bnetd::_glist_cb: [776] considering listing game="ssl", pass="" clienttag="W3XP" gtype=1
Aug 16 23:42:59 [debug] pvpgn::bnetd::_glist_cb: [776] not listing because game is not open
Aug 16 23:42:59 [debug] pvpgn::bnetd::_client_gamelistreq: [776] GAMELISTREPLY sent 0 of 1 games
Aug 16 23:43:07 [debug] pvpgn::bnetd::_client_gamelistreq: GAMELISTREPLY looking for public games tag="W3XP" bngtype=0x0000e000 gtype=all
Aug 16 23:43:07 [debug] pvpgn::bnetd::_glist_cb: [776] considering listing game="ssl", pass="" clienttag="W3XP" gtype=1
Aug 16 23:43:07 [debug] pvpgn::bnetd::_glist_cb: [776] not listing because game is not open
Aug 16 23:43:07 [debug] pvpgn::bnetd::_client_gamelistreq: [776] GAMELISTREPLY sent 0 of 1 games
Aug 16 23:43:15 [debug] pvpgn::bnetd::_client_gamelistreq: GAMELISTREPLY looking for public games tag="W3XP" bngtype=0x0000e000 gtype=all
Aug 16 23:43:15 [debug] pvpgn::bnetd::_glist_cb: [776] considering listing game="ssl", pass="" clienttag="W3XP" gtype=1
Aug 16 23:43:15 [debug] pvpgn::bnetd::_glist_cb: [776] not listing because game is not open
Aug 16 23:43:15 [debug] pvpgn::bnetd::_client_gamelistreq: [776] GAMELISTREPLY sent 0 of 1 games
Aug 16 23:43:23 [debug] pvpgn::bnetd::_client_gamelistreq: GAMELISTREPLY looking for public games tag="W3XP" bngtype=0x0000e000 gtype=all
Aug 16 23:43:23 [debug] pvpgn::bnetd::_glist_cb: [776] considering listing game="ssl", pass="" clienttag="W3XP" gtype=1
Aug 16 23:43:23 [debug] pvpgn::bnetd::_glist_cb: [776] not listing because game is not open
Aug 16 23:43:23 [debug] pvpgn::bnetd::_client_gamelistreq: [776] GAMELISTREPLY sent 0 of 1 games
Aug 16 23:43:31 [debug] pvpgn::bnetd::_client_gamelistreq: GAMELISTREPLY looking for public games tag="W3XP" bngtype=0x0000e000 gtype=all
Aug 16 23:43:31 [debug] pvpgn::bnetd::_glist_cb: [776] considering listing game="ssl", pass="" clienttag="W3XP" gtype=1
Aug 16 23:43:31 [debug] pvpgn::bnetd::_glist_cb: [776] not listing because game is not open
Aug 16 23:43:31 [debug] pvpgn::bnetd::_client_gamelistreq: [776] GAMELISTREPLY sent 0 of 1 games
Aug 16 23:43:39 [debug] pvpgn::bnetd::_client_gamelistreq: GAMELISTREPLY looking for public games tag="W3XP" bngtype=0x0000e000 gtype=all
Aug 16 23:43:39 [debug] pvpgn::bnetd::_glist_cb: [776] considering listing game="ssl", pass="" clienttag="W3XP" gtype=1
Aug 16 23:43:39 [debug] pvpgn::bnetd::_glist_cb: [776] not listing because game is not open
Aug 16 23:43:39 [debug] pvpgn::bnetd::_client_gamelistreq: [776] GAMELISTREPLY sent 0 of 1 games
Aug 16 23:43:47 [debug] pvpgn::bnetd::_client_gamelistreq: GAMELISTREPLY looking for public games tag="W3XP" bngtype=0x0000e000 gtype=all
Aug 16 23:43:47 [debug] pvpgn::bnetd::_glist_cb: [776] considering listing game="ssl", pass="" clienttag="W3XP" gtype=1
Aug 16 23:43:47 [debug] pvpgn::bnetd::_glist_cb: [776] not listing because game is not open
Aug 16 23:43:47 [debug] pvpgn::bnetd::_client_gamelistreq: [776] GAMELISTREPLY sent 0 of 1 games
Aug 16 23:43:55 [debug] pvpgn::bnetd::_client_gamelistreq: GAMELISTREPLY looking for public games tag="W3XP" bngtype=0x0000e000 gtype=all
Aug 16 23:43:55 [debug] pvpgn::bnetd::_glist_cb: [776] considering listing game="ssl", pass="" clienttag="W3XP" gtype=1
Aug 16 23:43:55 [debug] pvpgn::bnetd::_glist_cb: [776] not listing because game is not open
Aug 16 23:43:55 [debug] pvpgn::bnetd::_client_gamelistreq: [776] GAMELISTREPLY sent 0 of 1 games
Aug 16 23:44:03 [debug] pvpgn::bnetd::_client_gamelistreq: GAMELISTREPLY looking for public games tag="W3XP" bngtype=0x0000e000 gtype=all
Aug 16 23:44:03 [debug] pvpgn::bnetd::_glist_cb: [776] considering listing game="ssl", pass="" clienttag="W3XP" gtype=1
Aug 16 23:44:03 [debug] pvpgn::bnetd::_glist_cb: [776] not listing because game is not open
Aug 16 23:44:03 [debug] pvpgn::bnetd::_client_gamelistreq: [776] GAMELISTREPLY sent 0 of 1 games
Aug 16 23:44:11 [debug] pvpgn::bnetd::_client_gamelistreq: GAMELISTREPLY looking for public games tag="W3XP" bngtype=0x0000e000 gtype=all
Aug 16 23:44:11 [debug] pvpgn::bnetd::_glist_cb: [776] considering listing game="ssl", pass="" clienttag="W3XP" gtype=1
Aug 16 23:44:11 [debug] pvpgn::bnetd::_glist_cb: [776] not listing because game is not open
Aug 16 23:44:11 [debug] pvpgn::bnetd::_client_gamelistreq: [776] GAMELISTREPLY sent 0 of 1 games
Aug 16 23:44:19 [debug] pvpgn::bnetd::_client_gamelistreq: GAMELISTREPLY looking for public games tag="W3XP" bngtype=0x0000e000 gtype=all
Aug 16 23:44:19 [debug] pvpgn::bnetd::_glist_cb: [776] considering listing game="ssl", pass="" clienttag="W3XP" gtype=1
Aug 16 23:44:19 [debug] pvpgn::bnetd::_glist_cb: [776] not listing because game is not open
Aug 16 23:44:19 [debug] pvpgn::bnetd::_client_gamelistreq: [776] GAMELISTREPLY sent 0 of 1 games
Aug 16 23:44:27 [debug] pvpgn::bnetd::_client_gamelistreq: GAMELISTREPLY looking for public games tag="W3XP" bngtype=0x0000e000 gtype=all
Aug 16 23:44:27 [debug] pvpgn::bnetd::_glist_cb: [776] considering listing game="ssl", pass="" clienttag="W3XP" gtype=1
Aug 16 23:44:27 [debug] pvpgn::bnetd::_glist_cb: [776] not listing because game is not open
Aug 16 23:44:27 [debug] pvpgn::bnetd::_client_gamelistreq: [776] GAMELISTREPLY sent 0 of 1 games
Aug 16 23:44:35 [debug] pvpgn::bnetd::_client_gamelistreq: GAMELISTREPLY looking for public games tag="W3XP" bngtype=0x0000e000 gtype=all
Aug 16 23:44:35 [debug] pvpgn::bnetd::_glist_cb: [776] considering listing game="ssl", pass="" clienttag="W3XP" gtype=1
Aug 16 23:44:35 [debug] pvpgn::bnetd::_glist_cb: [776] not listing because game is not open
Aug 16 23:44:35 [debug] pvpgn::bnetd::_client_gamelistreq: [776] GAMELISTREPLY sent 0 of 1 games
Aug 16 23:44:43 [debug] pvpgn::bnetd::_client_gamelistreq: GAMELISTREPLY looking for public games tag="W3XP" bngtype=0x0000e000 gtype=all
Aug 16 23:44:43 [debug] pvpgn::bnetd::_glist_cb: [776] considering listing game="ssl", pass="" clienttag="W3XP" gtype=1
Aug 16 23:44:43 [debug] pvpgn::bnetd::_glist_cb: [776] not listing because game is not open
Aug 16 23:44:43 [debug] pvpgn::bnetd::_client_gamelistreq: [776] GAMELISTREPLY sent 0 of 1 games
Aug 16 23:44:51 [debug] pvpgn::bnetd::_client_gamelistreq: GAMELISTREPLY looking for public games tag="W3XP" bngtype=0x0000e000 gtype=all
Aug 16 23:44:51 [debug] pvpgn::bnetd::_glist_cb: [776] considering listing game="ssl", pass="" clienttag="W3XP" gtype=1
Aug 16 23:44:51 [debug] pvpgn::bnetd::_glist_cb: [776] not listing because game is not open
Aug 16 23:44:51 [debug] pvpgn::bnetd::_client_gamelistreq: [776] GAMELISTREPLY sent 0 of 1 games
Aug 16 23:44:59 [debug] pvpgn::bnetd::_client_gamelistreq: GAMELISTREPLY looking for public games tag="W3XP" bngtype=0x0000e000 gtype=all
Aug 16 23:44:59 [debug] pvpgn::bnetd::_glist_cb: [776] considering listing game="ssl", pass="" clienttag="W3XP" gtype=1
Aug 16 23:44:59 [debug] pvpgn::bnetd::_glist_cb: [776] not listing because game is not open
Aug 16 23:44:59 [debug] pvpgn::bnetd::_client_gamelistreq: [776] GAMELISTREPLY sent 0 of 1 games
Aug 16 23:45:07 [debug] pvpgn::bnetd::_client_gamelistreq: GAMELISTREPLY looking for public games tag="W3XP" bngtype=0x0000e000 gtype=all
Aug 16 23:45:07 [debug] pvpgn::bnetd::_glist_cb: [776] considering listing game="ssl", pass="" clienttag="W3XP" gtype=1
Aug 16 23:45:07 [debug] pvpgn::bnetd::_glist_cb: [776] not listing because game is not open
Aug 16 23:45:07 [debug] pvpgn::bnetd::_client_gamelistreq: [776] GAMELISTREPLY sent 0 of 1 games
Aug 16 23:45:15 [debug] pvpgn::bnetd::_client_gamelistreq: GAMELISTREPLY looking for public games tag="W3XP" bngtype=0x0000e000 gtype=all
Aug 16 23:45:15 [debug] pvpgn::bnetd::_glist_cb: [776] considering listing game="ssl", pass="" clienttag="W3XP" gtype=1
Aug 16 23:45:15 [debug] pvpgn::bnetd::_glist_cb: [776] not listing because game is not open
Aug 16 23:45:15 [debug] pvpgn::bnetd::_client_gamelistreq: [776] GAMELISTREPLY sent 0 of 1 games
Aug 16 23:45:23 [debug] pvpgn::bnetd::_client_gamelistreq: GAMELISTREPLY looking for public games tag="W3XP" bngtype=0x0000e000 gtype=all
Aug 16 23:45:23 [debug] pvpgn::bnetd::_glist_cb: [776] considering listing game="ssl", pass="" clienttag="W3XP" gtype=1
Aug 16 23:45:23 [debug] pvpgn::bnetd::_glist_cb: [776] not listing because game is not open
Aug 16 23:45:23 [debug] pvpgn::bnetd::_client_gamelistreq: [776] GAMELISTREPLY sent 0 of 1 games
Aug 16 23:45:31 [debug] pvpgn::bnetd::_client_gamelistreq: GAMELISTREPLY looking for public games tag="W3XP" bngtype=0x0000e000 gtype=all
Aug 16 23:45:31 [debug] pvpgn::bnetd::_glist_cb: [776] considering listing game="ssl", pass="" clienttag="W3XP" gtype=1
Aug 16 23:45:31 [debug] pvpgn::bnetd::_glist_cb: [776] not listing because game is not open
Aug 16 23:45:31 [debug] pvpgn::bnetd::_client_gamelistreq: [776] GAMELISTREPLY sent 0 of 1 games
Aug 16 23:45:39 [debug] pvpgn::bnetd::_client_gamelistreq: GAMELISTREPLY looking for public games tag="W3XP" bngtype=0x0000e000 gtype=all
Aug 16 23:45:39 [debug] pvpgn::bnetd::_glist_cb: [776] considering listing game="ssl", pass="" clienttag="W3XP" gtype=1
Aug 16 23:45:39 [debug] pvpgn::bnetd::_glist_cb: [776] not listing because game is not open
Aug 16 23:45:39 [debug] pvpgn::bnetd::_client_gamelistreq: [776] GAMELISTREPLY sent 0 of 1 games
Aug 16 23:45:47 [debug] pvpgn::bnetd::_client_gamelistreq: GAMELISTREPLY looking for public games tag="W3XP" bngtype=0x0000e000 gtype=all
Aug 16 23:45:47 [debug] pvpgn::bnetd::_glist_cb: [776] considering listing game="ssl", pass="" clienttag="W3XP" gtype=1
Aug 16 23:45:47 [debug] pvpgn::bnetd::_glist_cb: [776] not listing because game is not open
Aug 16 23:45:47 [debug] pvpgn::bnetd::_client_gamelistreq: [776] GAMELISTREPLY sent 0 of 1 games
Aug 16 23:45:55 [debug] pvpgn::bnetd::_client_gamelistreq: GAMELISTREPLY looking for public games tag="W3XP" bngtype=0x0000e000 gtype=all
Aug 16 23:45:55 [debug] pvpgn::bnetd::_glist_cb: [776] considering listing game="ssl", pass="" clienttag="W3XP" gtype=1
Aug 16 23:45:55 [debug] pvpgn::bnetd::_glist_cb: [776] not listing because game is not open
Aug 16 23:45:55 [debug] pvpgn::bnetd::_client_gamelistreq: [776] GAMELISTREPLY sent 0 of 1 games
Aug 16 23:46:03 [debug] pvpgn::bnetd::_client_gamelistreq: GAMELISTREPLY looking for public games tag="W3XP" bngtype=0x0000e000 gtype=all
Aug 16 23:46:03 [debug] pvpgn::bnetd::_glist_cb: [776] considering listing game="ssl", pass="" clienttag="W3XP" gtype=1
Aug 16 23:46:03 [debug] pvpgn::bnetd::_glist_cb: [776] not listing because game is not open
Aug 16 23:46:03 [debug] pvpgn::bnetd::_client_gamelistreq: [776] GAMELISTREPLY sent 0 of 1 games
Aug 16 23:46:11 [debug] pvpgn::bnetd::_client_gamelistreq: GAMELISTREPLY looking for public games tag="W3XP" bngtype=0x0000e000 gtype=all
Aug 16 23:46:11 [debug] pvpgn::bnetd::_glist_cb: [776] considering listing game="ssl", pass="" clienttag="W3XP" gtype=1
Aug 16 23:46:11 [debug] pvpgn::bnetd::_glist_cb: [776] not listing because game is not open
Aug 16 23:46:11 [debug] pvpgn::bnetd::_client_gamelistreq: [776] GAMELISTREPLY sent 0 of 1 games
Aug 16 23:46:19 [debug] pvpgn::bnetd::_client_gamelistreq: GAMELISTREPLY looking for public games tag="W3XP" bngtype=0x0000e000 gtype=all
Aug 16 23:46:19 [debug] pvpgn::bnetd::_glist_cb: [776] considering listing game="ssl", pass="" clienttag="W3XP" gtype=1
Aug 16 23:46:19 [debug] pvpgn::bnetd::_glist_cb: [776] not listing because game is not open
Aug 16 23:46:19 [debug] pvpgn::bnetd::_client_gamelistreq: [776] GAMELISTREPLY sent 0 of 1 games
Aug 16 23:46:27 [debug] pvpgn::bnetd::_client_gamelistreq: GAMELISTREPLY looking for public games tag="W3XP" bngtype=0x0000e000 gtype=all
Aug 16 23:46:27 [debug] pvpgn::bnetd::_glist_cb: [776] considering listing game="ssl", pass="" clienttag="W3XP" gtype=1
Aug 16 23:46:27 [debug] pvpgn::bnetd::_glist_cb: [776] not listing because game is not open
Aug 16 23:46:27 [debug] pvpgn::bnetd::_client_gamelistreq: [776] GAMELISTREPLY sent 0 of 1 games
Aug 16 23:46:35 [debug] pvpgn::bnetd::_client_gamelistreq: GAMELISTREPLY looking for public games tag="W3XP" bngtype=0x0000e000 gtype=all
Aug 16 23:46:35 [debug] pvpgn::bnetd::_glist_cb: [776] considering listing game="ssl", pass="" clienttag="W3XP" gtype=1
Aug 16 23:46:35 [debug] pvpgn::bnetd::_glist_cb: [776] not listing because game is not open
Aug 16 23:46:35 [debug] pvpgn::bnetd::_client_gamelistreq: [776] GAMELISTREPLY sent 0 of 1 games
Aug 16 23:46:43 [debug] pvpgn::bnetd::_client_gamelistreq: GAMELISTREPLY looking for public games tag="W3XP" bngtype=0x0000e000 gtype=all
Aug 16 23:46:43 [debug] pvpgn::bnetd::_glist_cb: [776] considering listing game="ssl", pass="" clienttag="W3XP" gtype=1
Aug 16 23:46:43 [debug] pvpgn::bnetd::_glist_cb: [776] not listing because game is not open
Aug 16 23:46:43 [debug] pvpgn::bnetd::_client_gamelistreq: [776] GAMELISTREPLY sent 0 of 1 games
Aug 16 23:46:51 [debug] pvpgn::bnetd::_client_gamelistreq: GAMELISTREPLY looking for public games tag="W3XP" bngtype=0x0000e000 gtype=all
Aug 16 23:46:51 [debug] pvpgn::bnetd::_glist_cb: [776] considering listing game="ssl", pass="" clienttag="W3XP" gtype=1
Aug 16 23:46:51 [debug] pvpgn::bnetd::_glist_cb: [776] not listing because game is not open
Aug 16 23:46:51 [debug] pvpgn::bnetd::_client_gamelistreq: [776] GAMELISTREPLY sent 0 of 1 games
Aug 16 23:46:59 [debug] pvpgn::bnetd::_client_gamelistreq: GAMELISTREPLY looking for public games tag="W3XP" bngtype=0x0000e000 gtype=all
Aug 16 23:46:59 [debug] pvpgn::bnetd::_glist_cb: [776] considering listing game="ssl", pass="" clienttag="W3XP" gtype=1
Aug 16 23:46:59 [debug] pvpgn::bnetd::_glist_cb: [776] not listing because game is not open
Aug 16 23:46:59 [debug] pvpgn::bnetd::_client_gamelistreq: [776] GAMELISTREPLY sent 0 of 1 games
Aug 16 23:47:07 [debug] pvpgn::bnetd::_client_gamelistreq: GAMELISTREPLY looking for public games tag="W3XP" bngtype=0x0000e000 gtype=all
Aug 16 23:47:07 [debug] pvpgn::bnetd::_glist_cb: [776] considering listing game="ssl", pass="" clienttag="W3XP" gtype=1
Aug 16 23:47:07 [debug] pvpgn::bnetd::_glist_cb: [776] not listing because game is not open
Aug 16 23:47:07 [debug] pvpgn::bnetd::_client_gamelistreq: [776] GAMELISTREPLY sent 0 of 1 games
Aug 16 23:47:15 [debug] pvpgn::bnetd::_client_gamelistreq: GAMELISTREPLY looking for public games tag="W3XP" bngtype=0x0000e000 gtype=all
Aug 16 23:47:15 [debug] pvpgn::bnetd::_glist_cb: [776] considering listing game="ssl", pass="" clienttag="W3XP" gtype=1
Aug 16 23:47:15 [debug] pvpgn::bnetd::_glist_cb: [776] not listing because game is not open
Aug 16 23:47:15 [debug] pvpgn::bnetd::_client_gamelistreq: [776] GAMELISTREPLY sent 0 of 1 games
Aug 16 23:47:23 [debug] pvpgn::bnetd::_client_gamelistreq: GAMELISTREPLY looking for public games tag="W3XP" bngtype=0x0000e000 gtype=all
Aug 16 23:47:23 [debug] pvpgn::bnetd::_glist_cb: [776] considering listing game="ssl", pass="" clienttag="W3XP" gtype=1
Aug 16 23:47:23 [debug] pvpgn::bnetd::_glist_cb: [776] not listing because game is not open
Aug 16 23:47:23 [debug] pvpgn::bnetd::_client_gamelistreq: [776] GAMELISTREPLY sent 0 of 1 games
Aug 16 23:47:31 [debug] pvpgn::bnetd::_client_gamelistreq: GAMELISTREPLY looking for public games tag="W3XP" bngtype=0x0000e000 gtype=all
Aug 16 23:47:31 [debug] pvpgn::bnetd::_glist_cb: [776] considering listing game="ssl", pass="" clienttag="W3XP" gtype=1
Aug 16 23:47:31 [debug] pvpgn::bnetd::_glist_cb: [776] not listing because game is not open
Aug 16 23:47:31 [debug] pvpgn::bnetd::_client_gamelistreq: [776] GAMELISTREPLY sent 0 of 1 games
Aug 16 23:47:39 [debug] pvpgn::bnetd::_client_gamelistreq: GAMELISTREPLY looking for public games tag="W3XP" bngtype=0x0000e000 gtype=all
Aug 16 23:47:39 [debug] pvpgn::bnetd::_glist_cb: [776] considering listing game="ssl", pass="" clienttag="W3XP" gtype=1
Aug 16 23:47:39 [debug] pvpgn::bnetd::_glist_cb: [776] not listing because game is not open
Aug 16 23:47:39 [debug] pvpgn::bnetd::_client_gamelistreq: [776] GAMELISTREPLY sent 0 of 1 games
Aug 16 23:47:47 [debug] pvpgn::bnetd::_client_gamelistreq: GAMELISTREPLY looking for public games tag="W3XP" bngtype=0x0000e000 gtype=all
Aug 16 23:47:47 [debug] pvpgn::bnetd::_glist_cb: [776] considering listing game="ssl", pass="" clienttag="W3XP" gtype=1
Aug 16 23:47:47 [debug] pvpgn::bnetd::_glist_cb: [776] not listing because game is not open
Aug 16 23:47:47 [debug] pvpgn::bnetd::_client_gamelistreq: [776] GAMELISTREPLY sent 0 of 1 games
Aug 16 23:47:55 [debug] pvpgn::bnetd::_client_gamelistreq: GAMELISTREPLY looking for public games tag="W3XP" bngtype=0x0000e000 gtype=all
Aug 16 23:47:55 [debug] pvpgn::bnetd::_glist_cb: [776] considering listing game="ssl", pass="" clienttag="W3XP" gtype=1
Aug 16 23:47:55 [debug] pvpgn::bnetd::_glist_cb: [776] not listing because game is not open
Aug 16 23:47:55 [debug] pvpgn::bnetd::_client_gamelistreq: [776] GAMELISTREPLY sent 0 of 1 games
Aug 16 23:48:03 [debug] pvpgn::bnetd::_client_gamelistreq: GAMELISTREPLY looking for public games tag="W3XP" bngtype=0x0000e000 gtype=all
Aug 16 23:48:03 [debug] pvpgn::bnetd::_glist_cb: [776] considering listing game="ssl", pass="" clienttag="W3XP" gtype=1
Aug 16 23:48:03 [debug] pvpgn::bnetd::_glist_cb: [776] not listing because game is not open
Aug 16 23:48:03 [debug] pvpgn::bnetd::_client_gamelistreq: [776] GAMELISTREPLY sent 0 of 1 games
Aug 16 23:48:11 [debug] pvpgn::bnetd::_client_gamelistreq: GAMELISTREPLY looking for public games tag="W3XP" bngtype=0x0000e000 gtype=all
Aug 16 23:48:11 [debug] pvpgn::bnetd::_glist_cb: [776] considering listing game="ssl", pass="" clienttag="W3XP" gtype=1
Aug 16 23:48:11 [debug] pvpgn::bnetd::_glist_cb: [776] not listing because game is not open
Aug 16 23:48:11 [debug] pvpgn::bnetd::_client_gamelistreq: [776] GAMELISTREPLY sent 0 of 1 games
Aug 16 23:48:19 [debug] pvpgn::bnetd::_client_gamelistreq: GAMELISTREPLY looking for public games tag="W3XP" bngtype=0x0000e000 gtype=all
Aug 16 23:48:19 [debug] pvpgn::bnetd::_glist_cb: [776] considering listing game="ssl", pass="" clienttag="W3XP" gtype=1
Aug 16 23:48:19 [debug] pvpgn::bnetd::_glist_cb: [776] not listing because game is not open
Aug 16 23:48:19 [debug] pvpgn::bnetd::_client_gamelistreq: [776] GAMELISTREPLY sent 0 of 1 games
Aug 16 23:48:27 [debug] pvpgn::bnetd::_client_gamelistreq: GAMELISTREPLY looking for public games tag="W3XP" bngtype=0x0000e000 gtype=all
Aug 16 23:48:27 [debug] pvpgn::bnetd::_glist_cb: [776] considering listing game="ssl", pass="" clienttag="W3XP" gtype=1
Aug 16 23:48:27 [debug] pvpgn::bnetd::_glist_cb: [776] not listing be